brand,denominator,unit,names_technology_n,names_technology_pct,claim_only_pct,majority_synthetic_pct,coverage,source_file
Redvanly,1027,colourway records (244 styles),831,80.9,3.1,72.1,"census; 29 house families, zero licensed",depth_b1
Arc'teryx,204,styles,155,76.0,20.6,77.0,census 204/204,depth_arcteryx_patagonia
Mack Weldon,232,styles,160,69.0,12.1,30.2,census 232/232,depth_lululemon_mackweldon
Mott & Bow,179,apparel records (53 styles),121,67.6,17.9,15.1,"census; 100% by its own fabric facet, 67.6% in product copy",depth_b9
Theory,212,styles (648 records),142,67.0,2.4,14.2,census; registers nothing; floor,depth_b4
Cuts Clothing,465,colourway records,287,61.7,27.7,61.3,census,depth_b2
Patagonia,518,styles,308,59.5,26.4,67.4,census 518/518 (supersedes the sample),depth_patagonia_full
Son of a Tailor,49,live made-to-measure products,29,59.2,36.7,0.0,census,depth_b9
Vollebak,122,records (69 designs),66,54.1,22.1,54.1,licensed marks only - zero house names; engineered material named on 50%,depth_stoneisland_vollebak
Charles Tyrwhitt,1218,products,634,52.8,32.1,4.8,census; men's-only house; SFCC product slice,depth_b5
Hiroshi Kato,167,apparel records,88,52.7,25.1,0.0,"census; 4-WAY STRETCH SELVEDGE 74, DENIT 18",depth_b9
Zegna,585,colourway records,306,52.3,5.5,2.6,"census; all house cloths, zero licensed marks",depth_b8
Marine Layer,271,styles (766 records),134,49.4,14.8,15.5,"census; copy is in a PDP accordion, not the feed",depth_b4
Suitsupply,1075,men's apparel styles,474,44.1,3.2,1.8,"census; mark is in the subtitle, no symbols anywhere",depth_b7
Lululemon,624,tiles (429 men's apparel),268,42.9,47.0,70.8,census; 51.0% on the 429 apparel,depth_lululemon_mackweldon
Sunspel,760,men's apparel records,321,42.2,23.8,2.2,census,depth_b7
Brooks Brothers,954,styles,372,39.0,11.9,6.3,census; BrooksEase/BrooksCool are gone,depth_b4
Rhone,581,styles,219,37.7,22.9,62.8,reconstructed from feed; live range 505-589,depth_vuori_rhone
Filson,504,colourway records,178,35.3,38.1,3.6,"census; Rugged Twill is bags, zero in men's apparel",depth_b1
PAIGE,318,records (~159 styles),107,33.6,25.9,1.0,census; TRANSCEND is 54% rayon - synthetic share is 45.5% if rayon counts,depth_b8
Rhoback,450,styles (745 records),148,32.9,63.1,91.3,"sample n=149; 8 house marks, zero licensed",depth_b4
Baracuta,239,records (73 styles),77,32.2,13.0,24.3,census; sitemap 992 was 283 x 4 locales,depth_b6
Robert Barakett,175,records,52,29.7,29.1,12.0,census; Soft Water finish 43,depth_b10
Boggi Milano,712,men's apparel styles,210,29.5,7.3,33.0,census; 15.9% excluding its B Tech line label,depth_b7
Stone Island,637,colourway records (298 styles),187,29.4,18.2,27.3,census 637/637,depth_stoneisland_vollebak
Faherty,404,styles (1231 records),116,28.7,19.3,12.1,census; Legend is a garment name - all 116 are licensed,depth_b4
Prada,880,colourway records,246,28.0,10.2,9.8,census; accessories (22) excluded,depth_prada_canali_aspesi_jiyongkim
AYR,75,records (219 colourways),21,28.0,16.0,2.7,census; house marks came only from the TM harvest,depth_b10
Alo,799,men's records (195 styles),224,28.0,24.4,35.5,census; Airbrush/Airlift are 0 in men's,depth_b9
Canada Goose,248,styles,69,27.8,27.0,29.4,census; 38.7% state no composition,depth_b1
Sease,472,men's apparel records,127,26.9,38.3,10.0,census; 43.0% counting Solaro,depth_b8
Alex Crane,257,apparel records (61 styles),69,26.8,34.6,0.0,census; 43.6% state no composition; zero synthetic fibre,depth_b9
Tecovas,149,styles,39,26.2,14.1,0.7,census,depth_b6
Rothy's,42,men's records (8 styles),11,26.2,0.0,100.0,census; men's is footwear only,depth_b5
Vineyard Vines,723,styles,189,26.1,12.4,31.3,"census; family is in the slug, not the copy",depth_b2
Eton,6129,colourway records,1532,25.0,20.0,3.5,sample n=200; vocabulary is structured fields,depth_b3
RLX,73,men's records,18,24.7,32.9,58.9,census; a golf line making almost no performance claims,depth_b10
J.Lindeberg,666,US men's records (284 styles),144,21.6,25.5,58.7,"census; feed caps at 7,500 of 7,755",depth_b2
Southern Tide,459,styles,97,21.1,46.8,23.7,census 459/459,depth_pilot_southern_tide
Everlane,411,styles (1895 records),82,20.0,19.5,4.1,census; 49.6% state no composition,depth_b4
Carhartt,1484,styles (831 are hats),293,19.7,17.0,10.3,"facet union; (b),(c) sample n=29",depth_carhartt
Vuori,376,styles,65,17.3,52.1,73.9,census; 563 tiles collapse to 376,depth_vuori_rhone
TravisMathew,1962,styles,338,17.2,19.0,27.5,census; plus Flexfit on 267 caps,depth_b2
Paul & Shark,345,styles,56,16.2,31.0,16.8,"census; Typhoon is 19 on the slice, not 95",depth_b1
J.Crew,763,styles,118,15.5,22.1,2.7,census 637/763 (128 x 403); 24.2% state no composition,depth_b5
Criquet,137,colourway records,21,15.3,22.6,27.7,census,depth_ychroma_lesdeux_criquet_bape
Samsøe Samsøe,343,apparel records,52,15.2,0.6,12.5,census; its men's GORE-TEX category holds one jacket that never says GORE-TEX,depth_b12
Lacoste,3325,records,499,15.0,18.5,27.8,sample n=622; 9.3% strict,depth_b5
Malbon,442,men's apparel records,62,14.0,27.1,53.4,census; zero Malbon-own products carry an adidas technology name,depth_b9
Canali,693,colourway records,95,13.7,8.5,4.0,census 693/693,depth_prada_canali_aspesi_jiyongkim
Levi's,1732,"records (1,169 styles)",234,13.5,14.0,4.9,census; (b) is a floor - description sample suggests ~32%,depth_b5
Jack Victor,279,men's apparel styles,36,12.9,21.1,0.4,"census; DREAM and COMFORTWEAR are fit names, not cloths",depth_b7
Proper Cloth,495,shirt fabrics (MTM),64,12.9,39.2,2.6,census of the shirt library; the sport-coat library was gated,depth_b11
Y.Chroma,39,apparel styles,5,12.8,10.3,38.5,census,depth_ychroma_lesdeux_criquet_bape
Herno,555,colourways (326 styles) + 28 Laminar,70,12.6,29.5,52.8,census 583/583,depth_herno
johnnie-O,8055,records (244 style stems),1007,12.5,68.0,70.5,"sample n=200; house marks score 200/200 in nav, 0 on the slice",depth_b3
Mizzen+Main,1277,colourway records (106 styles),157,12.3,74.9,77.8,census,depth_b2
Our Legacy,139,live men's records,17,12.2,0.0,9.4,"census; its 51 marks are in the archive, not the live range",depth_b3
Barbour,1942,records (864 styles),233,12.0,17.3,26.7,sample n=150; zero licensed marks,depth_b1
Finisterre,336,records (152 styles),40,11.9,45.5,11.6,"census; live range is 336, not the sitemap's 3,696",depth_b3
Rodd & Gunn,793,records (309 styles),92,11.6,34.8,0.9,census; 93.8% state no composition,depth_b6
Norse Projects,447,records (181 styles),51,11.4,11.4,7.4,"census; GORE-TEX 10 on the slice, 55 whole-page",depth_b3
Wythe,246,apparel records,28,11.4,6.1,0.4,census; no trademark symbols anywhere,depth_b10
Rowan,47,records (236 colourways),5,10.6,19.1,0.0,census; TENCEL is women's-only,depth_b9
Peter Millar,650,men's PDPs,62,9.5,,,Summer Comfort only; brand precedent was 51/581,cen_G (census)
Polo Ralph Lauren,1055,men's clothing records,94,8.9,8.3,4.4,sample n=361; floor,depth_b12
Brax,790,men's records,62,7.8,17.6,7.8,sample n=102; badge test - category membership gives 41.5%,depth_b3
Aspesi,331,colourway records,25,7.6,13.9,22.4,census; Thermore 21 on detail slice not 85,depth_prada_canali_aspesi_jiyongkim
Buck Mason,187,styles (561 URLs),14,7.5,13.9,2.7,census,depth_b6
Fidelity Denim,104,men's colourway records,7,6.7,30.8,0.0,licensed marks only; house fabric labels on 90,depth_corneliani_yohji_fidelity_balenciaga
James Perse,891,men's records (272 styles),58,6.5,8.8,7.1,census; TENCEL is zero in men's,depth_b11
Indochino,1268,fabric x garment records,79,6.2,16.9,0.9,"census; made-to-measure, naming is in the fabric library",depth_b6
JiyongKim,295,colourway records,18,6.1,2.0,9.8,census; GORE-TEX on 6,depth_prada_canali_aspesi_jiyongkim
Visvim,873,men's clothing records,46,5.3,2.6,3.3,census via the items API; 66.9% on a broad reading,depth_b8
Moncler,914,men's apparel records,48,5.2,48.9,46.9,"sample n=305; 11 marks score 100% whole-page, 0 on the slice",depth_b8
Easy Mondays,22,products,1,4.5,27.3,0.0,"census; tiny catalogue, Lycra in a composition line only",depth_b11
BOSS,1645,men's clothing records,69,4.2,55.7,16.7,sample n=287; census marks absent from men's clothing - floor,depth_b8
Kith,2738,men's records,114,4.2,4.2,24.2,"feed hard-caps at 25,000; every performance mark is on a collab",depth_b11
Rails,312,apparel records (114 styles),13,4.2,14.4,14.1,census; 0.0% if fibre brands in prose do not count,depth_b12
Bonobos,2821,products,108,3.8,10.7,8.6,census; 46.4% state no composition; owns no fabric mark,depth_b2
Taylor Stitch,315,live records (110 styles),12,3.8,4.8,0.0,census; its licensed marks are all in the archive,depth_b1
Reiss,2340,est. men's records,84,3.6,4.6,22.7,sample n=194 of 464 drawn,depth_b7
Banana Republic,308,"styles (1,016 colourways)",11,3.6,15.6,20.5,census; Core Temp is down to one men's style,depth_b5
Club Monaco,168,apparel records,6,3.6,11.9,9.5,census; sitemap holds 477 dead French-locale slugs,depth_b12
Aimé Leon Dore,635,men's records (279 apparel),19,3.0,1.3,13.9,census; GORE-TEX in its own titles,depth_b11
Percival,826,records,20,2.4,25.8,9.4,census; TENCEL in composition lines only,depth_b6
Hackett,947,men's apparel (ROW locale),19,2.0,9.4,7.4,census; there is no US storefront - ROW is the US-facing locale,depth_b7
Ted Baker,743,apparel records,14,1.9,11.2,11.0,"census; root products.json caps at 38 of 1,302",depth_b12
Les Deux,606,colourway records (321 styles),10,1.7,6.8,27.6,census; per-category paging,depth_ychroma_lesdeux_criquet_bape
Yohji Yamamoto,4858,men's colourway records,62,1.3,5.9,13.8,census; (c) sample n=243,depth_corneliani_yohji_fidelity_balenciaga
NN07,532,tiles (242 styles),6,1.1,4.1,13.7,census 532/532,depth_nn07
Corneliani,673,styles,4,0.6,7.3,4.9,census 673/673,depth_corneliani_yohji_fidelity_balenciaga
A Bathing Ape,2786,JP apparel records,10,0.4,6.1,7.1,JP store; US store fails channel control,depth_ychroma_lesdeux_criquet_bape
Massimo Dutti,1505,products,4,0.3,1.3,5.2,"census; 68.0% carry a certification mark (OCS/RCS/RWS) - a ruling, not a measurement",depth_b11
Balenciaga,338,men's RTW styles,0,0.0,2.1,13.6,census 338/338; filter panel has no material facet,depth_corneliani_yohji_fidelity_balenciaga
J.McLaughlin,166,apparel records (52 styles),0,0.0,11.4,3.6,census; Catalina Cloth is women's-only and scores 100% whole-page,depth_b12
