brand,domain,status,platform,feed,feed_count,notes
Levi's,levi.com,live_store,custom,sitemap_products,4351,US store at /US/en_US/. Custom stack (Adobe Scene7 media; F5 bot-defense JS in robots.txt); no Shopify/Demandware/Magento markers. Root /sitemap.xml 404s - robots.txt lists per-locale sitemaps; /US/en_US/sitemap.xml is an index of 151 files incl. 114 Product-en-US-USD-*.xml; all 114 fetched = 4351 product URLs. /products.json 404. Bot wall blanks the title for headless agents but page renders in a real browser.
Carhartt,carhartt.com,live_store,custom,sitemap_products,1024,"First-party; headless commerce backend at api-c4prd1.carhartt.com (OCC-style API, SAP Commerce pattern), not Shopify/SFCC/Magento. /sitemap.xml is an index of 4: Homepage/Product/Category/Content. Product.xml = 1024 URLs. /products.json 404. Not to be confused with carhartt-wip.com (separate European licensee)."
Lacoste,lacoste.com,live_store,salesforce_commerce,sitemap_products,7117,US storefront at lacoste.com/us/. Demandware/SFCC confirmed by demandware.static asset paths. /sitemap_index.xml -> sitemap_0-product.xml = 7117 product URLs (US locale). /products.json 404.
Mack Weldon,mackweldon.com,live_store,shopify,shopify_products_json,322,Shopify Plus; cdn.shopify.com + meta-shopify tags. (c) 2026 MACK WELDON. /products.json returns 200 and paginates at 30/page; full catalog counted from sitemap_products_1.xml = 322 products.
Charles Tyrwhitt,charlestyrwhitt.com,live_store,salesforce_commerce,sitemap_products,3233,"WRONG-DOMAIN RISK: ctshirts.com now 302-redirects to charlestyrwhitt.com/us/homepage - ctshirts.com is no longer the canonical store. (c) 2026 Charles Tyrwhitt Shirts Inc. SFCC (demandware.static). sitemap_index.xml has 10 children; 3 product sitemaps total 3233 URLs. /products.json returns the HTML homepage, not JSON."
Son of a Tailor,sonofatailor.com,live_store,custom,sitemap_products,62,"Custom Next.js storefront (made-to-measure configurator), no commerce-platform markers. Flat /sitemap.xml with 124 URLs, of which 62 are /product/* pages. /products.json 404. Small catalog by design - each product is configured, not SKU'd."
Mott & Bow,mottandbow.com,live_store,shopify,shopify_products_json,30,"Canonical host is www.mottandbow.com; myshopify handle mottandbowstore. /products.json 200, 30 products on page 1 (paginates). Sitemap index exposes sitemap_products_1.xml and _2.xml; per-file totals not counted (browser extension became unstable at the end of the run)."
J.Crew,jcrew.com,live_store,custom,sitemap_products,3608,(c) 2026 J.Crew. Custom Next.js + Builder.io CMS; no Shopify/SFCC/Magento markers. Akamai-style protection: same-origin /products.json returns 503 and /sitemap.xml 504. robots.txt points to /sitemap/sitemap-index.xml which works: 4 US product sitemaps = 3608 product URLs.
Banana Republic,bananarepublic.gap.com,live_store,custom,sitemap_products,3503,"Store lives on the Gap Inc. subdomain, not a standalone bananarepublic.com storefront. Gap's own platform (no third-party markers). /sitemap.xml 404s; robots.txt points to /native-sitemap.xml -> native-product-sitemap.xml = 3503 product URLs. /products.json 404."
Everlane,everlane.com,live_store,shopify,shopify_products_json,8922,"Shopify; (c) 2026 ALL RIGHTS RESERVED. /products.json 200 (30/page). 9 product sitemaps total 8922 URLs - inflated by multi-locale duplicates, so treat as an upper bound on distinct SKUs."
Alex Crane,alexcrane.co,live_store,shopify,shopify_products_json,30,"Note the .co TLD. Canonical host www.alexcrane.co. (c) 2016-2026, Alex Crane. /products.json 200, 30 on page 1 (paginates); one product sitemap file."
Industry of All Nations,industryofallnations.com,live_store,shopify,shopify_products_json,30,"Shopify; (c) 2026, INDUSTRY OF ALL NATIONS(TM). /products.json 200, 30 on page 1 (paginates); one product sitemap file."
Marine Layer,marinelayer.com,live_store,shopify,shopify_products_json,2609,Shopify; (c) 2026 Marine Layer. /products.json 200 (30/page). 3 product sitemaps = 2609 product URLs.
Cuts Clothing,cutsclothing.com,live_store,shopify,sitemap_products,485,"Shopify Hydrogen (headless): cdn.shopify.com assets present but /products.json 404s, so the JSON feed is NOT available. Census via Hydrogen sitemaps /sitemap/products/N.xml - 13 files = 485 product URLs. (c) 2026 Cuts Clothing(R)."
Bonobos,bonobos.com,live_store,custom,sitemap_products,2821,"First-party but footer reads (c)2026 Phoenix Retail, LLC - the licensed operator (brand owned by WHP Global); still the brand's own store. Custom platform, /products.json returns HTML. Flat /sitemap.xml with 3485 URLs, 2821 of them product pages."
Vuori,vuoriclothing.com,live_store,shopify,sitemap_products,2829,"vuoriclothing.com, not vuori.com. Headless Shopify: cdn.shopify.com assets but /products.json 404. Flat sitemap of 3237 URLs, 2829 product pages. (c) 2026 Vuori, Inc."
Rothy's,rothys.com,live_store,shopify,shopify_products_json,7425,"Shopify; /products.json 200 (30/page). Sitemap index is large (181 entries, 36 product files) because of multi-locale storefronts; 15 sampled files gave 7425 URLs, so the 7425 is a PARTIAL count and heavily locale-duplicated."
Lululemon,shop.lululemon.com,live_store,salesforce_commerce,sitemap_products,22373,"Store is on shop.lululemon.com (lululemon.com is the corporate/landing host). SFCC/Demandware markers. 3 product sitemaps = 22373 URLs, but these span en_US + en_CA + fr_CA, so distinct US SKUs are roughly a third of that. /products.json 404."
Alo,aloyoga.com,live_store,shopify,shopify_products_json,14643,"Brand trades as Alo / Alo Yoga; store is aloyoga.com. Shopify, /products.json 200 (30/page). Sitemap index has 1032 product-sitemap entries (multi-market); 15 sampled = 14643 URLs, so PARTIAL and locale-duplicated."
Southern Tide,southerntide.com,live_store,shopify,shopify_products_json,1607,Shopify; (c) 2026 Southern Tide. /products.json 200 (30/page). 2 product sitemaps = 1607 product URLs.
Rhoback,rhoback.com,live_store,shopify,sitemap_products,597,"Shopify Hydrogen (headless): /products.json 404 despite cdn.shopify.com assets. Census via /sitemap/products/N.xml - 36 files, 597 product URLs."
Criquet,criquetshirts.com,live_store,shopify,shopify_products_json,1261,Domain is criquetshirts.com (not criquet.com). Footer literally says 'Powered by Shopify'. /products.json 200 (30/page). 2 product sitemaps = 1261 URLs.
Taylor Stitch,taylorstitch.com,live_store,shopify,shopify_products_json,2781,Shopify; (c)2009-2026 Taylor Stitch(R). /products.json 200 (30/page). 4 product sitemaps = 2781 URLs. Page HTML mentions magento/bigcommerce strings (third-party review/analytics scripts) - Shopify is the real platform.
Outerknown,outerknown.com,live_store,shopify,shopify_products_json,541,Shopify; (c) 2026 Outerknown. /products.json 200 (30/page). One product sitemap = 541 URLs.
Patagonia,patagonia.com,live_store,salesforce_commerce,sitemap_products,2119,"SFCC/Demandware markers; (c) 2026 Patagonia, Inc. /products.json returns 410 Gone. /sitemap.xml -> sitemap_0-product.xml = 2119 product URLs."
Finisterre,finisterre.com,live_store,shopify,shopify_products_json,3696,"UK brand, ships US; (c) Copyright 2026 Finisterre. Shopify, /products.json 200 (30/page). 6 product-sitemap entries; sampled files total 3696 URLs (multi-currency duplicates likely)."
Faherty,fahertybrand.com,live_store,shopify,shopify_products_json,2076,"Domain is fahertybrand.com, not faherty.com. Shopify; (c) 2026, Faherty Brand. /products.json 200 (30/page). 3 product sitemaps = 2076 URLs."
Rodd & Gunn,roddandgunn.com,live_store,salesforce_commerce,sitemap_products,791,NZ brand with US storefront. SFCC/Demandware. /products.json returns 410. /sitemap.xml -> sitemap_0-product.xml = 791 product URLs.
Rowan,forrowan.com,live_store,shopify,shopify_products_json,164,"Confirms the spec's warning: rowansport.com does not resolve; the store is forrowan.com. Footer (c)2026 ForRowan, LLC. Shopify, /products.json 200 (30/page). One product sitemap = 164 URLs. Do not confuse with Rowan the yarn brand (knitrowan.com)."
Mizzen+Main,mizzenandmain.com,live_store,shopify,sitemap_products,1291,"Canonical host www.mizzenandmain.com. Headless Shopify - /products.json 404 (an earlier WebFetch of it was rate-limited by robots.txt, a false negative). Flat sitemap of 2198 URLs, 1291 product pages. (c) 2012-2026 Mizzen+Main."
State & Liberty,stateandliberty.com,live_store,shopify,shopify_products_json,1546,Shopify; /products.json 200 (30/page). One product sitemap = 1546 URLs.
Rhone,rhone.com,live_store,custom,category_crawl,23,"SILENT-ZERO TRAP: /products.json 404s AND /sitemap.xml contains only 8 utility URLs (cart, search, store-locator) with zero product entries - a sitemap census here returns 0 products from a fully live store. Nuxt + Contentful headless front end (some cdn.shopify.com assets present). Only viable channel is category crawl: /collections/mens-view-all/ renders 23 product links per page (paginated). /collections/mens-all returns a 500."
J.Lindeberg,jlindeberg.com,live_store,shopify,shopify_products_json,14757,"Shopify; (c) 2026 J.Lindeberg. /products.json 200 (30/page). Sitemap index has 184 product-sitemap entries across many markets; 15 sampled = 14757 URLs, so PARTIAL and heavily locale-duplicated."
TravisMathew,travismathew.com,live_store,shopify,shopify_products_json,2456,www.travismathew.com redirects to the apex travismathew.com. Shopify (Topgolf Callaway brand). /products.json 200 (30/page). 3 product sitemaps = 2456 URLs.
Malbon,malbon.com,live_store,shopify,shopify_products_json,1070,"DOMAIN MOVED: malbongolf.com now redirects to malbon.com - use malbon.com. (c) MALBON 2026. Shopify, /products.json 200 (30/page). 2 product sitemaps = 1070 URLs."
Redvanly,redvanly.com,live_store,shopify,shopify_products_json,1050,"Canonical host www.redvanly.com. (c) 2026 REDVANLY. Shopify, /products.json 200 (30/page). 2 product sitemaps = 1050 URLs."
RLX,ralphlauren.com,live_store,salesforce_commerce,sitemap_products,9894,"RLX has NO standalone store or domain - it is a Ralph Lauren sub-brand sold at ralphlauren.com/brands-men-rlx-cg. SFCC/Demandware; (c) COPYRIGHT 2026 RALPH LAUREN MEDIA LLC. Deep pages intermittently return 'Access to this page has been denied' (PerimeterX/HUMAN). robots.txt points to /index -> seocontent_n_productsitemap_0 = 9894 URLs, but that is ALL of Ralph Lauren, not RLX-only; RLX must be filtered from the category tree."
johnnie-O,johnnie-o.com,live_store,shopify,sitemap_products,13421,"Hyphenated domain johnnie-o.com. Headless Shopify: /products.json 404. Sitemap index has 14 product files totalling 13421 URLs - implausibly large for the catalog, so almost certainly locale/currency duplicates; dedupe before trusting."
Percival,percivalclo.com,live_store,shopify,shopify_products_json,827,"Domain is percivalclo.com (percival.com is unrelated). (c) Percival Menswear 2026. Shopify, /products.json 200 (30/page). One product sitemap = 827 URLs."
Wax London,waxlondon.com,live_store,shopify,shopify_products_json,470,"(c) 2026 Wax London Limited. Shopify, /products.json 200 (30/page). One product sitemap = 470 URLs."
Hiroshi Kato,kato-brand.com,live_store,shopify,shopify_products_json,175,"Confirms the spec's warning: katousa.com is a model-railway maker, not this brand. Real store is kato-brand.com, footer (c) 2026 HIROSHI KATO. Shopify, /products.json 200 (30/page). One product sitemap = 175 URLs."
Sugar Cane,sugarcane.jp,brand_site_no_shop,custom,none_found,0,"No first-party store anywhere. sugarcane.jp is a WordPress brand/lookbook site owned by Toyo Enterprise ((c) TOYO ENTERPRISE CO.,LTD.) with no cart and no product feed (18 sitemap URLs, none products). Selling happens on the parent's multi-brand store.toyo-enterprise.co.jp/sugarcane (JP-only, not a Sugar Cane domain) and through third-party retailers (Hinoya, Self Edge, Franklin & Poe) - all of which are retailers, not first-party."
Buck Mason,buckmason.com,live_store,shopify,sitemap_products,994,"Headless Shopify: /products.json 404. /sitemap.xml is an index with a single child sitemap-0.xml containing 2213 URLs, of which 994 are /products/ pages (plus 414 collections). (c) BUCK MASON."
Wythe,wythe.com,live_store,shopify,shopify_products_json,298,"DOMAIN MOVED: wythenewyork.com redirects to wythe.com - use wythe.com. (c) 2026 Wythe. Shopify, /products.json 200 (30/page). One product sitemap = 298 URLs."
AYR,ayr.com,live_store,shopify,shopify_products_json,193,"Canonical host www.ayr.com. Shopify, /products.json 200 (30/page). One product sitemap = 193 URLs. Sitemap index has no blog child."
Alex Mill,alexmill.com,live_store,shopify,shopify_products_json,673,"(c) Alex Mill. Shopify, /products.json 200 (30/page). One product sitemap = 673 URLs."
Robert Barakett,robertbarakett.com,live_store,shopify,shopify_products_json,261,"Footer says '(c) 2026, Robert Barakett Powered by Shopify'. /products.json 200 (30/page). One product sitemap = 261 URLs."
Easy Mondays,easymondays.ca,live_store,shopify,shopify_products_json,23,"DEAD DOMAIN: easymondays.com does not resolve (DNS_PROBE_FINISHED_NXDOMAIN). The live store is the Canadian easymondays.ca, (c) 2026 Shop Easy Mondays. Shopify; /products.json returned the FULL catalog of 23 products (under the 30/page limit); product sitemap shows 24. Genuinely tiny catalog - a low count here is real, not a crawl failure."
Indochino,indochino.com,live_store,custom,sitemap_products,2198,"(c) 2006-2026 INDOCHINO Inc. Custom made-to-measure platform, no Shopify/SFCC/Magento markers; /products.json 404. Flat /sitemap.xml with 2650 URLs, 2198 of them product pages."
Proper Cloth,propercloth.com,live_store,custom,category_crawl,102,"(c) 2026 Proper Cloth, NYC. Custom made-to-measure platform; /products.json 404 and there is no product sitemap. /sitemap.xml has 236 URLs of which 102 sit under /shop/ - these are mostly category/collection pages (85 are 3+ levels deep), not discrete SKUs, so a sitemap census undercounts badly. /sitemap_index.xml 404s. Real catalog is fabric x style combinations, only reachable by crawling the shop tree."
Tecovas,tecovas.com,live_store,shopify,sitemap_products,534,"Headless Shopify (cdn.shopify.com assets, Shopify object). /products.json 404s; /sitemap.xml -> sitemap_products.xml = 534."
Patrick James,patrickjames.com,live_store,shopify,shopify_products_json,1276,Copyright 2026 Patrick James. www 301s to apex. products.json paginated = 1276; 2 product sitemaps agree.
Barbour,barbour.com,live_store,salesforce_commerce,sitemap_products,757,"Demandware markers; 'Copyright J. Barbour and Sons Ltd 2026'. US locale is /us/ ; no /sitemap.xml at root, robots declares /us/sitemap_index.xml -> sitemap-product_us.xml = 757."
Baracuta,baracuta.com,live_store,shopify,shopify_products_json,302,"Footer is (c) 2026 WP LAVORI IN CORSO SRL, the Italian house that owns/licenses Baracuta - still the brand's own store (baracuta.com, own G9 collections)."
Filson,filson.com,live_store,shopify,shopify_products_json,999,"COPYRIGHT 2026, C.C. FILSON CO. products.json paginated = 999."
James Perse,jamesperse.com,live_store,shopify,shopify_products_json,1856,(c) 2026 James Perse Enterprises Inc.
Y.Chroma,ychroma.com,live_store,shopify,shopify_products_json,45,"(c) 2026 Y.Chroma Apparel. Genuinely small catalog (45), not a fetch failure."
Madhappy,madhappy.com,live_store,shopify,shopify_products_json,1055,(c)2026 Madhappy.
Kith,kith.com,live_store,shopify,shopify_products_json,5000,"(c) 2026 KITH NYC. 5000 is my 20-page x 250 pagination cap, not the catalog size - 37 product sitemaps, true count is larger. Re-run with a higher cap."
Aimé Leon Dore,aimeleondore.com,live_store,shopify,shopify_products_json,659,"No footer copyright line; Shopify confirmed via Shopify object + cdn.shopify.com, own collections/stockists."
Massimo Dutti,massimodutti.com,live_store,custom,category_crawl,580,"Inditex in-house stack (no Shopify/Demandware/Magento markers). US store at /us/. NO US product sitemap exists: sitemap-index-products-md.xml lists 27 countries and the US is not one; sitemap-products-md-us-0.xml.gz = 404. Only census route is the US categories sitemap (gzip, needs DecompressionStream) = 580 category URLs."
Vineyard Vines,vineyardvines.com,live_store,salesforce_commerce,sitemap_products,1513,"(c) 2026 Vineyard Vines. Flat /sitemap_0.xml = 2202 locs, 1513 of them /product/ URLs."
Polo Ralph Lauren,ralphlauren.com,live_store,salesforce_commerce,sitemap_products,9894,(c) COPYRIGHT 2026 RALPH LAUREN MEDIA LLC. robots.txt declares one sitemap at /index -> /seocontent?n=productsitemap_0 = 9894 product URLs. Site is behind HUMAN/PerimeterX: after ~20 requests everything returned 307 and 'Access to this page has been denied / Press & Hold'. Throttle any census.
RRL,ralphlauren.com,live_store,salesforce_commerce,category_crawl,0,"RRL has NO domain of its own - rrl.com does not resolve (ERR_CONNECTION_RESET). It is a brand section at ralphlauren.com/brands-double-rl-men. Ralph Lauren's product sitemap does not label sub-brand (only 6 of 9894 URLs contain 'double-rl'), so RRL can only be censused by crawling its category pages, which are behind the same PerimeterX challenge."
J.McLaughlin,jmclaughlin.com,live_store,shopify,sitemap_products,996,(c) 2026 J.McLaughlin. Headless Shopify - /products.json 404s; robots declares /sitemap-products.xml = 996.
Peter Millar,petermillar.com,live_store,salesforce_commerce,sitemap_products,2099,Copyright 2026 Peter Millar. products.json returns 410; sitemap_index.xml -> sitemap_0-product.xml = 2099.
Ted Baker,tedbaker.com,live_store,shopify,sitemap_products,7818,"(c)2025 ABG-TB IPCO (UK) Limited - brand now owned by Authentic Brands Group; note the copyright year is stale (2025). products.json responds 200 but returns only 38 products (throttled/limited), so it is a false-zero trap - the 24 product sitemaps total 7818."
Scotch & Soda,scotchandsoda.com,live_store,shopify,shopify_products_json,3898,"scotch-soda.com 301s to scotchandsoda.com - the hyphenated domain is NOT the store. /us/en path 404s (footer still says (c) 2026 Scotch & Soda, Powered by Shopify). products.json = 3898; 20 product sitemaps total 7850."
NN07,nn07.com,live_store,custom,sitemap_products,1064,"Centra platform. Apex serves a 'Select Your Market' splash; US store is /en/us/. robots lists 18 per-market sitemaps; /en/us/sitemap.xml is flat = 1064 URLs (product pages sit at /en/us/<slug>, so no /product/ path to filter on)."
Samsøe Samsøe,samsoe.com,live_store,custom,sitemap_products,1133,Centra platform; (c) 2026 Samsoe Samsoe. /sitemap_index.xml holds 84 children across 42 locales; the US one is /en-US/sitemap/products.xml = 1133.
Les Deux,lesdeux.us,live_store,shopify,sitemap_products,863,"(c) 2026 Les Deux Inc. US store is the .us domain (lesdeux.com is the EU/global site). Headless Shopify - products.json 404s; flat /sitemap.xml = 1247 locs, 863 of them /products/."
Norse Projects,norseprojects.com,live_store,shopify,shopify_products_json,447,"www 301s to apex. products.json = 447, sitemap_products agrees (448)."
Vollebak,vollebak.com,live_store,shopify,shopify_products_json,231,"(c) 2026 Vollebak. Auto-redirects to /en-us. 231 is the en-us locale; the 4 locale product sitemaps total 588, so do not double-count locales."
Stone Island,stoneisland.com,live_store,salesforce_commerce,sitemap_products,1166,Demandware markers. US locale /en-us. products.json 410; sitemap_index.xml -> sitemap_0-product.xml = 1166.
A Bathing Ape,us.bape.com,live_store,shopify,shopify_products_json,927,"(c) 2026 BAPE. bape.com is the Japanese/global corporate site - the US store is the us. subdomain. products.json = 927, sitemap agrees (928)."
Canada Goose,canadagoose.com,live_store,salesforce_commerce,sitemap_products,1611,US locale /us/en/. 13 sitemaps in robots; product sitemap is named sitemap-Custom_sitemap_0-Product-CanadaGooseCA.xml (SFCC site id) = 1611.
Arc'teryx,arcteryx.com,live_store,custom,sitemap_products,474,No Shopify/Demandware/Magento markers - custom/headless stack. products.json 404. /sitemap.xml -> 2 children holding ~75k multi-locale URLs; only 474 are US product pages (/us/en/shop/). Filter by locale or you will census 75k rows.
Vince,vince.com,live_store,salesforce_commerce,sitemap_products,2521,(c) 2026 Vince. products.json 404; sitemap_0-product.xml = 2521.
Rails,rails.com,live_store,shopify,shopify_products_json,1966,"railsclothing.com 301s to rails.com - use rails.com. (c) Rails International 2026. products.json = 1966, sitemap agrees (1967)."
Club Monaco,clubmonaco.com,live_store,shopify,shopify_products_json,511,"(c) 2026 - Club Monaco. products.json = 511 for the US store; there are 9 locale product sitemaps totalling 4608, so the sitemap route over-counts for a US census."
PAIGE,paige.com,live_store,shopify,sitemap_products,1001,"www 301s to apex. Headless Shopify - products.json 404s; flat /sitemap.xml = 1252 locs, 1001 of them /products/."
AG,agjeans.com,live_store,shopify,shopify_products_json,1098,"(c) AG ADRIANO GOLDSCHMIED 2026. products.json = 1098, sitemap agrees (1099)."
Ksubi,ksubi.com,live_store,shopify,shopify_products_json,829,"(c) 2026 KSUBI US - apex serves the US store directly. products.json = 829, sitemap agrees (830)."
Purple,purple-brand.com,live_store,shopify,shopify_products_json,1347,"(c) 2026 PURPLE BRAND, with its own Stockists/Stores/Careers pages - first party confirmed. NOT purplebrand.com (marketing agency). Search also surfaced officialpurple.com, purplejeansbrandus.com, and several .shop clones that self-describe as the 'Official Purple Jeans Store' - none are the brand."
Diesel,diesel.com,live_store,salesforce_commerce,sitemap_products,1735,Copyright 2026 Diesel SpA. US locale /en-us. Root /sitemap_index.xml is empty - robots lists 7 locale indexes; /en-us/sitemap_index.xml -> sitemap-products_en_US.xml = 1735.
Citizens of Humanity,citizensofhumanity.com,live_store,shopify,shopify_products_json,985,"(c) 2026, Citizens of Humanity. products.json = 985, sitemap agrees."
AGOLDE,agolde.com,live_store,shopify,shopify_products_json,684,"No footer copyright line; Shopify confirmed via Shopify object. products.json = 684, sitemap 683. Same parent as Citizens of Humanity but a separate first-party store."
Fidelity Denim,fidelitydenim.com,live_store,shopify,shopify_products_json,205,"(c) 2026 Fidelity Denim. products.json = 205, sitemap 206."
Joe's Jeans,joesjeans.com,live_store,shopify,shopify_products_json,2294,"Footer copyright not rendered in text; Shopify confirmed. products.json = 2294, sitemap agrees (2295)."
Suitsupply,suitsupply.com,live_store,shopify,sitemap_products,1344,Headless Shopify. products.json 404s. /sitemap.xml points at shopify-o2.suitsupply.com/sitemap/products/1..20.xml (that host 301s back to the apex); the 20 product sitemaps total 1344.
Boggi Milano,boggi.com,live_store,salesforce_commerce,sitemap_products,1250,"(c) Boggi Milano 2026. Domain is boggi.com, not boggimilano.com. US locale /en_US/. /sitemap.xml holds 191 per-locale children; sitemap-pages-en-us-PRODUCT-1.xml = 1250."
Hackett,hackett.com,live_store,salesforce_commerce,sitemap_products,3705,"(c) 2026 Hackett Ltd. US storefront /us/ is live but its sitemap is MISCONFIGURED: /us/sitemap_index.xml and /us/en_us/sitemap_index.xml both serve the Swiss /ch/ sitemap (3705 products at /ch/ paths), and robots.txt lists no US sitemap at all (only uk/de/es/fr/ch/intl/eu). /intl/sitemap_0-product.xml = 1229 is the closest clean feed. Treat 3705 as Swiss-locale URLs, not US."
Eton,etonshirts.com,live_store,custom,sitemap_products,6129,"Centra platform. Domain is etonshirts.com (not eton.com). robots lists 62 locale sitemaps; /us/en/sitemap.xml is flat = 6576 locs, of which 6129 are /product/."
Rakho,rakho.nyc,live_store,custom,sitemap_products,29,"WooCommerce on WordPress; (c)2026 RAKHO. Only a .nyc domain - no rakho.com store found. Flat /sitemap.xml = 37 locs, 29 of them /product/. Cheaper and more complete: /wp-json/wc/store/products?per_page=100 returns 84, so the sitemap is undercounting - use the WC Store API."
Eleventy,eleventymilano.com,live_store,shopify,shopify_products_json,1045,"(c) 2026 - ELEVENTY, Eleventy World S.r.l., Via Santa Cecilia 5 Milan, VAT IT08848610963 - first party confirmed. Auto-redirects to /en-us; 1045 is that locale (all-locale product sitemaps total 7854). eleventymilano.it is the Italian site. Search surfaced counterfeit clones eleventymilanostore.shop, eleventymilanoshop.shop and eleventymilanohq.shop, all titled 'Official Online Store'."
Incotex,slowear.com,live_store,shopify,shopify_products_json,246,"Incotex has NO standalone store - incotex.it 301s to slowear.com/en-us. Slowear is Incotex's own parent group and the brand's official web home. Count is /collections/incotex/products.json = 246 (whole Slowear store = 722). Ruled out incotexshop.com, which titles itself 'Incotex Official Website' but carries '(c) 2026 incotexshop.com' and no brand entity."
Jack Victor,jackvictor.com,live_store,shopify,shopify_products_json,400,"(c) 2026 Jack Victor. products.json = 400, sitemap 386."
Brooks Brothers,brooksbrothers.com,live_store,salesforce_commerce,sitemap_products,2206,Copyright 2026 Brooks Brothers. products.json 404; sitemap_index.xml -> sitemap_0-product.xml = 2206.
J.Press,jpress.com,live_store,shopify,shopify_products_json,2686,"jpressonline.com 301s to jpress.com - use jpress.com. products.json = 2686, sitemap agrees (2687)."
Sunspel,sunspel.com,live_store,shopify,shopify_products_json,1015,(c) Sunspel 2026. products.json = 1015.
Margaret Howell,margarethowell.co.uk,live_store,shopify,shopify_products_json,363,"(c)2026 MARGARET HOWELL. Shopify (cdn.shopify.com + sitemap_agentic_discovery.xml). No US storefront - .co.uk is the brand's own shop. /products.json 200 = 363. sitemap_products_1.xml returns non-200 to a same-origin fetch, so products.json is the reliable channel."
Reiss,reiss.com,live_store,custom,sitemap_products,5591,(c) 2026 Copyright (footer). No Shopify/SFCC/Magento markers. /sitemap.xml AND /sitemap_index.xml both 404; robots.txt declares /sitemap-index.xml = 324 GZIPPED per-locale children. reiss-US-EN-Products.xml.gz = 5591 (decompressed in-browser). The parallel reiss-US-EN-Hreflang-Products-1.xml.gz = 7937 is inflated by locale alternates - use 5591. /products.json 404.
Sandro,us.sandro-paris.com,live_store,salesforce_commerce,sitemap_products,454,Copyright (c) 2026 Sandro. Demandware markers. US locale on its own subdomain. /sitemap.xml 404; /sitemap_index.xml -> sitemap_0-product.xml = 454. /products.json 404.
Isabel Marant,isabelmarant.com,live_store,shopify,shopify_products_json,1485,Title 'ISABEL MARANT Boutique en ligne officielle'; www 301s to the apex. Shopify. /products.json paginated = 1485. Sitemap index has 799 children - almost all locale duplicates - so products.json is the cheap channel. Footer renders no copyright string.
Frame,frame-store.com,live_store,shopify,shopify_products_json,1590,"(c) FRAME. Note the domain is frame-store.com, not frame.com. Shopify; /products.json paginated = 1590. Sitemap index = 739 children (heavy multi-locale duplication)."
Theory,theory.com,live_store,salesforce_commerce,sitemap_products,1159,(c) 2026 Theory. Demandware/SFCC. /sitemap.xml 404; robots.txt points to /sitemap_index.xml (3 children). sitemap_1.xml = 1731 URLs of which 1159 are PDPs (/<SKU>.html). /products.json returns 410 Gone.
Rag & Bone,rag-bone.com,live_store,salesforce_commerce,sitemap_products,768,"(c) 2026 rag & bone. SFCC. /sitemap_index.xml has only sitemap_0-image.xml and sitemap_1.xml - no file with 'product' in its name. sitemap_1.xml = 1119 URLs, 768 of them /p/<slug>-<SKU>.html PDPs. /products.json 404."
John Varvatos,johnvarvatos.com,live_store,salesforce_commerce,sitemap_products,1001,"(c) John Varvatos, 2025 (stale year in footer). SFCC. /sitemap_index.xml -> sitemap_0-product.xml = 1001. /products.json 404."
Sid Mashburn,shopmashburn.com,live_store,shopify,shopify_products_json,3750,"WRONG-DOMAIN RISK: sidmashburn.com 301s to shopmashburn.com/pages/sid-mashburn - the store lives at shopmashburn.com. (c) 2026, SID MASHBURN. Shopify; /products.json paginated = 3750, but that is the COMBINED Sid Mashburn + Ann Mashburn catalogue on one storefront, not Sid-only."
Billy Reid,billyreid.com,live_store,shopify,shopify_products_json,481,(c) 2026 Billy Reid. Shopify. /products.json paginated = 481. sitemap_products_1.xml refuses a same-origin fetch; products.json is the channel.
A.P.C.,apc-us.com,live_store,shopify,shopify_products_json,1290,(c) copyright 2026; title 'Designer Clothes... | A.P.C.'. This is the US storefront (apc-us.com); apc.fr is the separate French one. Shopify; /products.json paginated = 1290.
Luca Faloni,lucafaloni.com,live_store,custom,sitemap_products,760,"Custom Next.js storefront, no commerce-platform markers. Root lands on /en/us. /products.json returns 403. /sitemap.xml is a one-entry index pointing at /server-sitemap-index.xml = 67 per-locale files; /en/us/server-sitemap.xml = 961 URLs of which 760 are /shop/<slug> product pages."
120% Lino,120percento.com,live_store,shopify,shopify_products_json,128,"WRONG DOMAIN RULED OUT: 120lino.com is a GoDaddy 'for sale' parking page ($9,995), not the brand. The real US store is 120percento.com - (c) 2026 120% Lino US, All rights reserved. Shopify; /products.json = 128. EU sibling at eu.120percento.com."
Paul Smith,paulsmith.com,live_store,custom,sitemap_products,3635,"No Shopify/SFCC/Magento markers; sitemaps served from an app route /api/sitemaps/<locale>.xml. TRAP: /api/sitemaps/us.xml returns 200 with a VALID BUT EMPTY <urlset> - a silent false zero. Everything lives in /api/sitemaps/base.xml: 4590 URLs, of which 3635 are root-level product slugs (the rest are /discover, /stores, /info, /mens, /womens sections). /sitemap.xml 404."
Officine Générale,us.officinegenerale.com,live_store,shopify,shopify_products_json,496,(c) OFFICINE GENERALE 2026. officinegenerale.com redirects to the us. subdomain. Shopify; /products.json = 496.
Brax,brax.com,live_store,custom,none_found,0,"(c) 1999-2026 BRAX STORE GMBH & CO. KG. Locale-prefixed store; US at /en/us. NO USABLE FEED: /en/us/sitemap.xml is a valid index declaring /en/us/sitemap/category/, /product/ and /content/, but every one of those children returns HTTP 400 Bad Request (Tomcat error page) - and so do the /de/de equivalents, so it is broken globally, not US-gated. /products.json 404. Census would need a rendered category crawl."
Hartford,hartford.fr,live_store,shopify,shopify_products_json,992,"French house, single Shopify store on hartford.fr; root redirects to /fr-us for US visitors. /products.json paginated = 992. Sitemap index = 61 children, mostly locale duplicates."
Our Legacy,ourlegacy.com,live_store,custom,sitemap_products,2505,"Custom Next.js + Centra backend (no Shopify/SFCC/Magento). /sitemap.xml 404; robots.txt declares /sitemap/sitemap.xml = 86 children, of which 84 are /sitemap/product/<n>/sitemap.xml; summed = 2505 product URLs. /products.json 404."
Auralee,auralee.jp,live_store,custom,category_crawl,32,"(c) Auralee. Japanese brand site that IS the shop (/cart, /item, /collection, PDPs at /item/detail/<code>). NO robots.txt (404) and NO /sitemap.xml (404) - so no sitemap census is possible. The /item grid is client-rendered: a raw fetch of /item?page=N returns the same shell, so pagination only works in a real browser. 32 product tiles per /item page; total catalogue not enumerable cheaply."
Ami Paris,amiparis.com,live_store,shopify,shopify_products_json,656,"(c)AMI PARIS 2026. Shopify. Root serves the FR locale by default. /products.json = 656. Sitemap index = 673 children, nearly all locale duplicates."
Todd Snyder,toddsnyder.com,live_store,shopify,shopify_products_json,3189,(c) 2026 Todd Snyder. All Rights Reserved. Shopify; /products.json paginated = 3189; 4 product sitemap files agree in shape.
Boglioli,bogliolimilano.com,live_store,shopify,shopify_products_json,272,"WRONG DOMAIN RULED OUT: boglioli.com redirects to spam (per prior lineage) and boglioli.it would not load in the browser at all. The real store is bogliolimilano.com - footer reads (c) 2026 - Boglioli SpA - VAT IT00564580983, Via Brescia n. 47. Shopify; /products.json = 272."
Peserico,it.peserico.com,live_store,shopify,shopify_products_json,1905,"(c) 2026 PESERICO. BOTH peserico.it and peserico.com 301 into it.peserico.com - there is one Shopify store, no separate US/EN domain (locale is switched in-store). /products.json paginated = 1905."
Ring Jacket,ringjacket.co.jp,live_store,custom,sitemap_products,194,"ringjacket.com redirects to ringjacket.co.jp - 'RING JACKET MEISTER ONLINE STORE'. Japanese hosted-cart SaaS (futureshop-style /c/ and /p/ routes), not Shopify/SFCC/Magento. robots.txt 404. Flat /sitemap.xml = 500 URLs; the PDPs are the 194 deep /c/<category>/<SKU> entries (the 206 /c/ total includes 12 category landing pages; 154 of the 500 are /blog)."
Drake's,us.drakes.com,live_store,shopify,shopify_products_json,1719,(c) 2026 Drake's. drakes.com redirects to us.drakes.com for US visitors. Shopify; /products.json paginated = 1719.
John Smedley,johnsmedley.com,live_store,custom,sitemap_products,1608,"No Shopify/SFCC/Magento markers. Root redirects to /uk/. /sitemap.xml is an index of 12 locale sitemaps; /en-us/sitemap.xml is FLAT with 1650 URLs, of which 1608 are root-level product slugs (rest are /discover editorial + 3 category pages). /products.json 404."
Gran Sasso,shop.gransasso.it,live_store,custom,sitemap_products,679,"BOT WALL: gransasso.it serves a Cloudflare 'Just a moment...' interstitial (robots.txt and sitemap both 403) until the challenge clears, then lands on shop.gransasso.it. Footer: Copyright (c) 2026 Gran Sasso ... Powered by nopCommerce - an uncommon platform, counted as custom. Flat /sitemap.xml = 1631 URLs across it+en; the EN half is 802, of which 679 are product slugs (trailing -<id>)."
Johnstons of Elgin,johnstonsofelgin.com,live_store,shopify,shopify_products_json,244,"(c) 2006-2026 James Johnston & Company of Elgin Limited, Registered in Scotland. Shopify; root redirects to /en-us. /products.json = 244. Sitemap index = 241 children (locale duplicates)."
Raffi,raffionline.com,live_store,shopify,shopify_products_json,214,"Domain is raffionline.com, not raffi.com. (c) 2026 Raffi Online | All Rights Reserved. Shopify; /products.json paginated = 214. Search results are dominated by stockists (Harry Rosen, Robertson Madison) - the brand's own store is the .com above."
BOSS,hugoboss.com,live_store,salesforce_commerce,sitemap_products,5850,"(c) 2026 HUGO BOSS All rights reserved. SFCC (demandware markers). US store at hugoboss.com/us/. Root /sitemap.xml 404; robots.txt lists per-country indexes; /us/sitemap_index.xml -> sitemap_0.xml (5000, a hard page cap) + sitemap_1.xml (850) = 5850 PDP URLs, all /<slug>/hbna<SKU>.html. Covers BOSS and HUGO on one storefront."
Corneliani,corneliani.com,live_store,magento,sitemap_products,2911,"Copyright (c) 2000-2026 Corneliani S.p.a. Magento 2 (Magento_/mage-init markers). /sitemap.xml 404; robots.txt lists /media/sitemap/sitemap_<locale>.xml. sitemap_en_us.xml = 2911 URLs, essentially all .html PDPs plus roughly 40 category pages at the head of the file. /products.json 404."
Canali,us.canali.com,live_store,custom,sitemap_products,663,"(c) 2026 Canali SpA a socio unico. VTEX-shaped storefront (PDP URLs end in /p; sitemap split into appsRoutes/userRoute/category/subcategory/department/brand/product), not Shopify/SFCC/Magento. /sitemap.xml index -> /sitemap/product-0.xml = 663 (product-1.xml does not exist). /products.json 404."
Thom Browne,thombrowne.com,live_store,shopify,shopify_products_json,1725,"(c)2026 THOM BROWNE. Shopify; /products.json paginated = 1725. Sitemap index = 106 children, mostly locale duplicates."
Burberry,us.burberry.com,live_store,custom,sitemap_products,3647,"Custom Next.js; no Shopify/SFCC/Magento markers and no footer copyright string rendered. /sitemap.xml 404; robots.txt declares /sitemap-us.xml, an index of 8. The five sitemap-us-product-detail-pages1..5.xml total 3647 PDPs (a separate product-listing file adds 160 category pages - do not count those)."
Herno,us.herno.com,live_store,salesforce_commerce,sitemap_products,1543,COPYRIGHT (c) HERNO S.P.A. 2026. SFCC. US store at us.herno.com/en/. /sitemap.xml 404; robots.txt -> /sitemap_index.xml -> sitemap-products_0.xml = 1543. /products.json 404.
Valstar,valstarmilano.com,live_store,shopify,shopify_products_json,515,"WRONG DOMAIN RULED OUT: valstar.it would not load in the browser. The store is valstarmilano.com - (c) 2026 Valstar Milano marchio di Beta S.p.A., VAT IT01459540025. Shopify; /products.json = 515."
Aspesi,aspesi.com,live_store,shopify,shopify_products_json,975,"Title 'ASPESI Online Store'; www 301s to the apex, US locale at /en-us. Shopify; /products.json paginated = 975. Sitemap index = 337 children (locale duplicates). No footer copyright string rendered."
Paul & Shark,paulandshark.com,live_store,salesforce_commerce,sitemap_products,788,"Confirms the prior lineage note: paulshark.com is dead, paulandshark.com is live. (c) 2026 Dama S.p.A. - Varese, Italy (Dama is the house that owns the brand). SFCC; root redirects to /en_US. /en_US/sitemap_index.xml -> sitemap_0-product.xml = 788. /products.json 404."
Sease,sease.it,live_store,shopify,shopify_products_json,784,"WRONG DOMAIN RULED OUT - and it is a live trap: sease.com is 'Jim Sease's Home Page', an unrelated personal website, and it also fails TLS in Chrome (privacy error). The brand's store is sease.it - (c) 2026 SEASE SRL, VAT 09374360965 - root redirects to /en-us. Shopify; /products.json paginated = 784."
Moncler,moncler.com,live_store,salesforce_commerce,sitemap_products,5114,SFCC (demandware markers). US at /en-us/. Root /sitemap.xml 404; robots.txt lists per-locale indexes; /en-us/sitemap_index.xml -> sitemap_0-product.xml = 5114. /products.json 404.
Ferragamo,ferragamo.com,live_store,custom,sitemap_products,4426,US store at ferragamo.com/shop/us/en (ferragamo.com/en-us redirects there). No Shopify/SFCC/Magento markers. All 44 sitemaps in robots.txt are GZIPPED (.xml.gz) and had to be inflated in-browser with DecompressionStream. The US set is sitemap_31150_1..8.xml.gz = 988+1010+922+11+635+200+319+341 = 4426.
Giorgio Armani,armani.com,live_store,custom,sitemap_products,3134,"Copyright (c) 2026 Giorgio Armani S.p.A. armani.com is a SINGLE storefront carrying every group label, so a whole-site count would be wrong: /en-us/sitemap_index.xml exposes a separate <label>-sitemap_products.xml per line. giorgio-armani-sitemap_products.xml = 3134 (Emporio Armani, EA7, Armani Exchange, Armani Casa are separate files totalling ~9.9k). /products.json 404."
Missoni,missoni.com,live_store,salesforce_commerce,sitemap_products,5352,Copyright (c) 2000-2026 MISSONI S.p.A. SFCC. /missoni.com/us redirects to /en-us/. /en-us/sitemap_index.xml -> sitemap_0-product.xml + sitemap_1-product.xml = 5352 (high because colourway variants get their own URL).
Etro,etro.com,live_store,salesforce_commerce,sitemap_products,1757,"COPYRIGHT (c) 2025 ETRO S.P.A - IT VAT 11905330962. LOCALE TRAP: the US path is /us-en/, NOT /en-us/ - requesting /en-us/ yields a 404 page (it resolves to /us-en/en-us/). SFCC. /us-en/sitemap_index.xml declares a single sitemap_0.xml = 1894 URLs, 1757 of them PDPs (<slug>-<SKU>.html)."
Versace,versace.com,live_store,salesforce_commerce,sitemap_products,2583,"(c) VERSACE USA, INC., 11 W 42ND ST, NEW YORK, NY 10036. SFCC. /us/en-us/ redirects to /us/en/. Root /sitemap-index.xml lists 600 children (5 per locale); sitemap-en_us-pdp_0.xml = 2583 (sitemap-en_us-plp_0.xml adds 394 category pages - excluded)."
Dolce&Gabbana,dolcegabbana.com,live_store,salesforce_commerce,sitemap_products,4089,"Copyright (c) Dolce & Gabbana S.r.l. 2026. DEAD SUBDOMAIN: us.dolcegabbana.com/en/ returns HTTP 530 with no content - do not use it. The live US storefront is dolcegabbana.com/en-us/. SFCC. robots.txt only advertises per-locale sitemap-category_0.xml, but /en-us/sitemap-product_0.xml exists and returns 4089 (undeclared - had to be guessed); /en-us/sitemap_index.xml and /en-us/sitemap.xml both 404."
Fendi,fendi.com,live_store,custom,sitemap_products,2924,"No Shopify/SFCC/Magento markers; heavily client-rendered (document.title is empty to an agent, page renders fine in a real browser). /sitemap.xml is an index of 218 per-locale files named sitemap-pages-<locale>-<TYPE>-1.xml; sitemap-pages-en-us-PRODUCT-1.xml = 2924. (LISTING adds 272 category pages - excluded.)"
Valentino,valentino.com,live_store,custom,sitemap_products,1789,"Copyright 2026 VALENTINO S.p.A. - VAT 05412951005. No Shopify/SFCC/Magento markers. Same sitemap shape as Fendi: /sitemap.xml = 408 children named sitemap-pages-<locale>-<TYPE>-1.xml; sitemap-pages-en-us-PRODUCT-1.xml = 1789 (LISTING = 337 category pages, excluded)."
Saint Laurent,ysl.com,live_store,custom,sitemap_products,1000,"No Shopify/SFCC/Magento markers. BOT PROTECTION: WebFetch is refused outright (site blocked) and in-page script execution on the ysl.com origin is intermittently rejected - it took several attempts. /sitemap.xml 404; robots.txt lists per-locale indexes; /en-us/sitemap_index.xml points at /en-us/sitemaps/0/sitemap-products.xml = exactly 1000 PDPs (/en-us/pr/<slug>-<SKU>.html). The round 1000 looks like a server-side cap, so treat it as a floor, not the true catalogue size."
Celine,celine.com,live_store,custom,sitemap_products,500,"No Shopify/SFCC/Magento markers; client-rendered (empty document.title to an agent). Root /sitemap.xml 404; robots.txt -> /sitemap_index.xml, a 90-entry index of per-locale indexes; /en-us/sitemap_index.xml -> sitemap_0-product.xml = exactly 500 PDPs and there is no sitemap_1-product.xml. As with Saint Laurent the round 500 smells like a cap - treat as a floor."
Givenchy,www.givenchy.com,live_store,salesforce_commerce,sitemap_products,1281,Demandware/dwstatic markers in HTML. /sitemap.xml is a per-locale index; sitemap-pages-en-US-1.xml has 2281 locs of which 1281 are product pages (/us/en-US/<slug>/<SKU>.html). Root redirects to /us/en-US/homepage.
Gucci,www.gucci.com,live_store,custom,sitemap_products,4152,Kering in-house stack (no Shopify/Demandware/Magento markers). Footer: (c) 2016-2025 Guccio Gucci S.p.A. Root /sitemap.xml is a stub (1 loc); real feed is /us/en/sitemap.xml -> PRODUCT-en-0..4.xml (1000+1000+1000+1000+152). Blocks WebFetch (SITE_BLOCKED); allows only one injected-JS exec per page load.
Balenciaga,www.balenciaga.com,live_store,salesforce_commerce,category_crawl,495,"Demandware markers. NO product sitemap exists: /en-us/sitemap_index.xml lists only 0-category, 1-folder, 2.xml. sitemap_0-category.xml = 1980 locs across 4 locales, 495 of them /en-us. Census must go via category crawl. Blocks WebFetch; one JS exec per page load."
McQueen,www.alexandermcqueen.com,live_store,custom,sitemap_products,677,Kering in-house stack (no Demandware markers despite Kering sibling sites having them). Footer: (c) 2026 Alexander McQueen Trading Limited/Autumnpaper Limited. /sitemap.xml 404s; robots.txt lists a sitemap_index per locale - /en-us/sitemaps/0/sitemap-products.xml = 677 product URLs (/en-us/pr/...).
Maison Margiela,www.maisonmargiela.com,live_store,salesforce_commerce,sitemap_products,1359,Demandware markers. Footer: Copyright (c) 2026 - v6.2.9. /us redirects to /en-us/. robots.txt lists 24 per-locale indexes; /en-us/sitemap_0-product.xml = 1359.
Rick Owens,www.rickowens.eu,live_store,shopify,shopify_products_json,2606,Shopify (cdn.shopify.com). The brand's own store is on the .eu domain even for US - /en-US/ serves USD. products.json paginated to 11 pages = 2606 products.
Yohji Yamamoto,theshopyohjiyamamoto.com,live_store,shopify,shopify_products_json,8918,Shopify. Footer: (c)Yohji Yamamoto Inc. All Rights Reserved. Carries all group lines so the count is large. /en-us path 404s - use the root. Sitemap index has 113 entries incl. sitemap_products_1..5.
Comme des Garçons,www.comme-des-garcons.com,brand_site_no_shop,custom,none_found,0,"Confirmed special case: brand portal only - image navigation plus stores/subscribe/recruitment links, no cart, no prices, no sitemap.xml (404). No first-party store exists. Sold through Dover Street Market (a CDG company); shop.doverstreetmarket.com is Shopify and carries ~20 CDG collection handles (e.g. cdg=95, cdg-homme=79 products) but is a retailer, not the brand's own store."
Junya Watanabe,www.comme-des-garcons.com/junyawatanabeman.html,brand_site_no_shop,custom,none_found,0,"Confirmed special case: exists only as a line page on the CDG portal (2027SS collection lookbook, no cart). No junyawatanabe.com store. junyawatanabe.store ruled out - returns bare nginx 403 Forbidden. Sold via Dover Street Market: collections junya-watanabe (51) and comme-des-garcons-junya-watanabe-man (55)."
Sacai,www.sacai.jp,live_store,shopify,shopify_products_json,563,Shopify. Footer: (c)sacai .Inc All Rights Reserved. /en/ is the English storefront on the same .jp domain; products.json returns 563.
Casablanca,casablancaparis.com,live_store,shopify,shopify_products_json,618,Shopify. Footer: (c)2026 Casablanca. www redirects to apex and then to /en-us. 618 products; sitemap index also exposes per-locale sitemap_products_1.xml.
Jacquemus,www.jacquemus.com,live_store,salesforce_commerce,sitemap_products,915,"Demandware markers. Footer: (c) JACQUEMUS 2025. Root sitemap_index.xml only lists en_fr product files, but /en_us/sitemap_0-product.xml exists and returns 915 (only file 0; 1..5 are 404)."
Prada,www.prada.com,live_store,custom,sitemap_products,5982,"Adobe Experience Manager (etc.clientlibs). Footer: (c)PRADA 2007 - 2026. /us/en/sitemap.xml is content-only (2119 locs, zero products); the product feed is /sitemap_product_US_en_0.xml = 5982 (/us/en/p/...)."
Loewe,www.loewe.com,live_store,salesforce_commerce,sitemap_products,2338,"Demandware markers. /sitemap.xml 404s; robots.txt lists /usa/en/sitemap_index.xml -> /usa/sitemap_0-product.xml = 4676 locs covering en+es, of which 2338 are /usa/en/."
JW Anderson,www.jwanderson.com,live_store,shopify,shopify_products_json,499,Shopify. products.json paginated = 499 (2 pages).
Dior,www.dior.com,live_store,custom,sitemap_products,6702,LVMH in-house stack. /sitemap.xml is a 169-entry index of per-locale files; /en_us/fashion/sitemap.xml = 8507 locs of which 6702 are /products/ URLs. Homepage title renders empty to injected JS but the site is live.
Amiri,amiri.com,live_store,shopify,shopify_products_json,945,Shopify. www redirects to apex. 945 products. Sitemap index has 733 entries (per-locale product/collection files).
Rhude,rh-ude.com,live_store,shopify,shopify_products_json,340,"Correct domain is the hyphenated rh-ude.com, NOT rhude.com (spec's photographer portfolio). Shopify; footer (c) 2026, R H U D E; has its own stockist directory and policy pages. Counterfeit clones outranking it in search: officialrhude.com and rhudestore.shop - both ruled out."
Palm Angels,www.palmangels.com,live_store,salesforce_commerce,sitemap_products,2605,Demandware markers. Footer: (c) 2026 Palm Angels Brand Holdings LLC. /us 404s and redirects to /en-us/us; /sitemap.xml 404s. robots.txt lists per-locale files: /en-us/sitemap-product_0.xml = 2605 (category file = 97).
Golden Goose,www.goldengoose.com,live_store,salesforce_commerce,sitemap_products,15610,"Demandware markers. Footer: Golden Goose S.p.A. (c)2026. /us/en/sitemap_index.xml -> sitemap-product_en_US.xml = 15610 URLs (SKU/colourway level, so far above style count)."
Fear of God,fearofgod.com,live_store,shopify,shopify_products_json,735,Shopify. Title: Fear of God | Official Store. 735 products; sitemap index has 769 entries.
Bode,bode.com,live_store,shopify,shopify_products_json,2400,"Shopify. Footer: (c)2026 BODE. products.json paginated to 2400 (10 pages, last partial)."
Greg Lauren,greglauren.com,live_store,shopify,shopify_products_json,168,"Shopify. Footer literally reads Copyright (c) 2026, Greg Lauren. Powered by Shopify."
Visvim,shop.visvim.com,live_store,custom,category_crawl,480,"visvim.tv is the brand portal only (no cart, (c)Cubism Inc.); its region menu points North America to shop.visvim.com. That store is custom-built: no sitemap.xml, no products.json, product URLs are bare numeric SKU paths (e.g. /0126201001005). /viewall paginates 10 pages x 48 = 480 products. Footer: (c) 2012-2026 visvim inc."
Tom Ford,www.tomfordfashion.com,live_store,salesforce_commerce,sitemap_products,1642,"Demandware markers. tomfordfashion.com is the fashion house's own store (tomford.com is the beauty side). /sitemap.xml 404s; robots.txt -> /sitemap_index.xml -> sitemap_0-product.xml = 4926 locs across locales, 1642 of them /en-us/."
Ralph Lauren Purple Label,www.ralphlauren.com,live_store,salesforce_commerce,none_found,0,"Purple Label is a sub-line with no domain of its own; it lives at ralphlauren.com/brands-ralph-lauren-purple-label-hub and /men-purple-label. Demandware markers; footer (c) COPYRIGHT 2026 RALPH LAUREN MEDIA LLC. No usable feed: robots.txt's only Sitemap line points at https://www.ralphlauren.com/index which 404s, and every sitemap path tried 404s. The category grid sits behind a PerimeterX press-and-hold human check (raw fetches return 307); not bypassed, so no count verified."
Zegna,www.zegna.com,live_store,custom,sitemap_products,965,No Shopify/Demandware/Magento markers. /sitemap.xml 404s; robots.txt lists per-locale <locale>.sitemap-index.xml - /us-en.sitemap-products.xml = 965 (/us-en/.../product.<slug>.<id>/).
Bottega Veneta,www.bottegaveneta.com,live_store,salesforce_commerce,category_crawl,447,"Demandware markers. Footer: (c) 2026 Bottega Veneta. Its product sitemap is effectively a stub - /en-us/sitemap_0-product.xml holds just 16 locs (8 en-us), so it is NOT a usable census. sitemap_1-category.xml = 894 locs, 447 of them /en-us; use category crawl. One JS exec per page load (Kering)."
Berluti,www.berluti.com,live_store,salesforce_commerce,sitemap_products,686,Demandware markers. robots.txt only advertises the fr-fr index; that index lists 31 locale indexes including /en-us/sitemap-en-us_index.xml -> sitemap-en-us_0-product.xml = 686.
Charvet,charvet.com,brand_site_no_shop,custom,none_found,0,"Confirmed special case. www.charvet.com has a TLS hostname mismatch (cert not valid for www.charvet.com) - WebFetch fails on it; apex charvet.com loads over HTTPS. The page is a holding page: no body text, no images, no catalogue, no cart - only a mailto:contact@charvet.com link and an Instagram link."
Husbands,husbands-paris.com,live_store,shopify,shopify_products_json,159,Shopify. Title: BOUTIQUE EN LIGNE OFFICIELLE | Husbands. 159 products.
Brioni,www.brioni.com,live_store,custom,sitemap_products,1213,"Kering in-house stack (no Demandware markers; product URLs use /pr/ like McQueen). /en-us redirects to /en/us/en-us. Page body barely renders to injected JS (title Brioni eCom v2) but the sitemap is clean: /sitemap_index.xml -> /en/us/sitemap.xml = 1422 locs, 1213 of them /pr/ products."
Isaia,www.isaia.it,live_store,shopify,shopify_products_json,341,Shopify on the .it domain (no separate US domain). /us_en/ 404s; use the root. 341 products.
The Row,www.therow.com,live_store,shopify,shopify_products_json,2483,Shopify. Footer: The Row (c) 2026. 2483 products; sitemap index has 946 entries incl. sitemap_products_1..3.
Lemaire,www.lemaire.fr,live_store,shopify,shopify_products_json,812,"Shopify on the .fr domain (English storefront, no .com store). Title: Official Online Store | LEMAIRE. 812 products."
Jil Sander,www.jilsander.com,live_store,salesforce_commerce,sitemap_products,934,"Demandware markers. /sitemap.xml 404s; robots.txt lists 42 locale indexes. /en-us/sitemap_index.xml -> sitemap_0.xml is a 1-loc stub, but sitemap-en-us.xml = 934 product URLs."
Acne Studios,www.acnestudios.com,live_store,salesforce_commerce,sitemap_products,393,"Demandware markers. Footer: (c) 2026 ACNE STUDIOS. Sitemaps are not split by type or locale: /sitemap_index.xml lists sitemap_1..80.xml, 39748 URLs total across every locale. Scanned all 80: 393 are /us/en/ product pages (.html)."
Dries Van Noten,www.driesvannoten.com,live_store,shopify,shopify_products_json,216,Shopify. Footer: (c) 2025 DRIES VAN NOTEN. products.json = 216 (only currently published items; sitemap_products_1.xml returns 400 when fetched directly).
Wales Bonner,walesbonner.com,live_store,shopify,shopify_products_json,225,Shopify. Title: WALES BONNER | Official Website and Online Boutique. 225 products.
JiyongKim,intl.jiyongkim.net,live_store,custom,sitemap_products,210,Cafe24 (Korean SaaS) - cafe24/EC_ markers. jiyongkim.net is the Korean store; the English/international storefront is intl.jiyongkim.net (region switch KR / INTL). Its sitemap.xml has 262 locs of which 210 are /product/ pages; the locs are canonicalised to jiyongkim.cafe24.com/shop2/. No products.json.
Brunello Cucinelli,shop.brunellocucinelli.com,live_store,salesforce_commerce,sitemap_products,3295,"brunellocucinelli.com is the corporate/editorial site - /en-us/ and /en-us/man/ both return its 404 page (Einstein quote), and its sitemap holds 468 corporate URLs with zero products. The store is the shop. subdomain. Demandware markers. /en-us/sitemap_index.xml -> sitemap_0.xml + sitemap_1.xml = 6958 locs across en-us/es-us, 3295 of them /en-us/ .html pages (mixes product and shop-by-look pages). Counterfeit clone seen in search: cucinelli-us.shop - ruled out."
Fedeli,www.fedelicashmere.com,live_store,shopify,shopify_products_json,276,Shopify; fedelicashmere.com (not fedeli.com). Footer: (c) 2026 Luigi Fedeli e Figlio SRL | P.IVA: IT 00699530960 - the brand's own legal entity. Root redirects to /en-usd. 276 products.
The Elder Statesman,elder-statesman.com,live_store,shopify,shopify_products_json,990,Shopify; domain is hyphenated elder-statesman.com. Footer: 2026 The Elder Statesman (c). 990 products.
Hermès,www.hermes.com,live_store,custom,sitemap_products,4112,In-house stack (no Shopify/Demandware/Magento markers). Footer: (c) Hermes 2026. All rights reserved. robots.txt lists 37 locale indexes; /us/en/sitemaps/products.xml = 4112 (/us/en/product/...).
Loro Piana,us.loropiana.com,live_store,custom,sitemap_products,6408,"US storefront is the us. subdomain (loropiana.com sends you to a region picker). LVMH-style sitemap naming, no Shopify/Demandware/Magento markers. /sitemap.xml -> sitemap-pages-en-PRODUCT-1.xml = 6408. Homepage title renders empty to injected JS but the store is live."
Rubinacci,www.marianorubinacci.com,live_store,custom,sitemap_products,2472,Confirms the spec's note that rubinacci.com is parked - the live store is marianorubinacci.com. Bespoke platform (no Shopify/Demandware/Magento/WordPress markers; sitemaps named sitemap_www_marianorubinacci_com_<lang>_products.xml). /sitemap.xml 404s; /sitemap_index.xml lists 9 files; the en products file = 2472.
Kiton,kiton.com,live_store,shopify,shopify_products_json,1003,"Shopify; www redirects to apex and /us 404s, so use the root. Footer: 2026 (c) CIRO PAONE SPA - VAT: 06034520632, which is Kiton's own legal entity. 1003 products across sitemap_products_1..2."
Cesare Attolini,www.cesareattolini.com,brand_site_no_shop,custom,none_found,0,"Site is live and first-party (footer (c) 2026 Cesare Attolini, own manufacturing/history/flagship pages) but there is nothing to census: the E-Boutique page reads E-boutique under maintenance, /collection-shop just renders the homepage, products.json 404s, and /sitemap.xml is 120 flat content URLs with no product pages. Not Shopify despite an earlier false positive (no cdn.shopify.com)."
Zilli,en.zilli.com,live_store,custom,category_crawl,76,"zilli.com/en redirects to the en. subdomain. No sitemap at all (/sitemap.xml, /sitemap_index.xml, /wp-sitemap.xml all 404; robots.txt has no Sitemap line) and no products.json, so category crawl is the only channel: 76 distinct on-site category/content URLs from the nav, and listing pages work (e.g. /ready-to-wear/ renders 36 product tiles with prices). Region note: prices render in EUR, not USD."
Stefano Ricci,www.stefanoricci.com,live_store,salesforce_commerce,sitemap_products,2418,"Demandware markers. Footer names Stefano Ricci S.p.A. with its Fiesole registered office. /en/ redirects to /en-us/; /sitemap.xml 404s. /en-us/sitemap_index.xml -> sitemap_0-product.xml = 9672 locs across en-us/it-us, 2418 of them /en-us/."
Borgo28,borgo28.com,live_store,shopify,shopify_products_json,315,"First-party confirmed: Shopify.shop=borgo28.myshopify.com, footer '(c) 2026 Borgo28.', own About/Store Locator/Request-a-Catalog pages; About names founder Shayne Regan and the Florentine street Borgo Ognissanti 28. Apex borgo28.com serves directly (no www redirect). /products.json?limit=250 paged to an EMPTY page: 250,65,0 = 315 products; cross-checked against sitemap_products_1.xml = 316 locs (315 + Shopify index stub). RULED OUT borgoofficial.com - that is BORGO (R) OFFICIAL, a Turin motorsport-heritage house founded 1910 ('(c) 2026 BORGO (R) OFFICIAL | PERFORMANCE LUXURY BORN IN ITALY 1910'), an unrelated brand, not a Borgo28 property. jmensclothing.com carries Borgo28 but is a third-party retailer, not the brand. TASK PREMISE CORRECTED: Borgo28 DOES have its own first-party store, so no parent/multi-brand fallback was needed. Feed carries a second vendor - 8 of 315 are 'Woolloomooloo Shoe' (stocked footwear), 307 are vendor 'Borgo28'."
Duck Head,www.duckhead.com,live_store,shopify,shopify_products_json,772,"First-party confirmed: Shopify.shop=duck-head.myshopify.com, footer '(c) 2026 Duck Head', own Our Heritage / Become A Retailer / Supplier Code Of Conduct pages. /products.json?limit=250 paged to an EMPTY page: 250,250,250,22,0 = 772 products; cross-checked against sitemap_products_1.xml = 773 locs (772 + index stub). Single vendor throughout ('Duck Head' on all 772), so no multi-brand split needed. 185 of 772 products carry an empty body_html in the feed - their descriptions render on the PDP only, which matters for any census that reads the feed alone. Apex duckhead.com resolves to the same store."
Merz b. Schwanen,www.merzbschwanen.com,live_store,shopify,shopify_products_json,657,"First-party confirmed: Shopify.shop=merzbschwanen.myshopify.com, footer '(c) Merz b. Schwanen 2026', own Our Story / Store Locator / Careers (DE) / Careers (US) pages and flagship stores in Berlin Mitte, NYC and LA. Single global Shopify store with Markets rather than a separate US site: Shopify.locale=en, banner reads 'Free shipping on all orders from 175 USD to the USA', currency selector offers EUR/USD/GBP/AUD/CAD/CHF/NOK. /en-us/ 404s - there is no US-locale path, so www.merzbschwanen.com IS the US-reachable store. /products.json?limit=250 paged to an EMPTY page: 250,250,157,0 = 657 products. SITEMAP CAVEAT: /sitemap.xml lists every child twice, so a naive loc count returns 1316 = 2 x 658; the true figure is 658 locs (657 + index stub), which matches the feed. Feed carries two vendor spellings - 650 'Merz b. Schwanen' + 7 'Merz b. Schwanen DE', both the house."
Saint James,us.saint-james.com,live_store,shopify,shopify_products_json,465,"US store is the us. subdomain, NOT the apex: www.saint-james.com and saint-james.com return 302 to fr.saint-james.com (the French store), so the apex is the wrong key for a US census. First-party confirmed on us.saint-james.com: Shopify.shop=saint-james-usa.myshopify.com, title 'Striped Breton Shirts and Nautical Style Knitwear | Saint James (R) - Saint James USA', own Our History / Our Know-How / EPV Living Heritage Company / Our Materials / Our Team corporate pages; fr.saint-james.com's own market selector offers 'United States - English | $', corroborating the US store as official. /products.json?limit=250 paged to an EMPTY page: 250,215,0 = 465 products; cross-checked against sitemap_products_1.xml = 466 locs (465 + index stub). Feed vendor field is inconsistently cased but single-house - 'Saint James USA' 257, 'SAINT JAMES' 120, 'Saint James' 53, 'SAINT JAMES USA' 31, 'Saint James US' 1, plus 3 'SAINT JAMES x Arpin' collaboration items."
