brand,current_score,named_technology,registered_owner,origin,evidence_url,checked_on,notes
Southern Tide,,Coastal Breeze,"Southern Tide, LLC",house_owned,https://trademarks.justia.com/979/31/coastal-97931174.html | https://tsdr.uspto.gov/statusview/sn97931174 | https://southerntide.com/pages/coastal-breeze-cooling,2026-09-12,"USPTO Ser. 97931174, Reg. 7950785, IC 025 (pants, shorts, shirts), registered 2025-09-16, LIVE. Owner is the house itself (Southern Tide, LLC, an Oxford Industries brand). Brand page calls it ""Southern Tide's exclusive cooling fabric"" / ""New Premium Cooling Fabrication""; no fibre, mill or ingredient brand is disclosed, so the name is the house's but the fabric source is undisclosed."
Southern Tide,,brrr°,Brrr! Incorporated,licensed,https://trademarks.justia.com/871/08/brrr-87108737.html | https://trademarks.justia.com/901/92/brrr-90192369.html | https://www.prnewswire.com/news-releases/southern-tide-partners-with-brrr-on-cooling-performance-collection-300782475.html | https://southerntide.com/pages/brrr,2026-09-12,"NOT a Southern Tide name. USPTO Ser. 87108737, Reg. 5492812, IC 018/024/025, registered 2018-06-12, LIVE, owner Brrr! Incorporated; same owner also holds Ser. 90192369, Reg. 6572420, IC 022/023 (fibres and yarns), registered 2021-11-30. Brrr! Incorporated is an unrelated Atlanta-based cooling-textile company (founded 2014, CEO Mary-Cathryn Kolb); a 2019 PRNewswire release describes Southern Tide ""partners with brrr°"". Southern Tide's own /pages/brrr page presents brrr° as if it were house technology and never names the owner - this is the screen's error. Third-party ingredient brand, licensed however presented. (An earlier brrr application, Ser. 86909170 IC 024, went abandoned 2017; the live marks above are the operative ones.)"
Southern Tide,,Intercoastal Performance,not_found,unclear,https://trademarks.justia.com/search?q=intercoastal | https://trademarks.justia.com/owners/southern-tide-llc-1545351 | https://southerntide.com/collections/intercoastal-collection,2026-09-12,"Third house-presented performance-fabric name found on southerntide.com (""Intercoastal Performance"" sport shirts, pants, boys' line; also paired as ""brrr° Intercoastal""). Searched USPTO via trademarks.justia.com for ""intercoastal"" and reviewed the Southern Tide, LLC owner listing: no registration or application for INTERCOASTAL in Southern Tide's name in IC 024/025. The only Southern Tide mark using the word is the older composite ""INTRACOASTAL WATER WAY 2 SOUTHERN TIDE MAINE TO 1 MIAMI"" (Ser. 77721467), which is not this fabric name. Flagged unclear, not house_owned: the house names it and no registration exists in its name. It may also be a collection label rather than a distinct fabric."
Carhartt,,Rain Defender,"Carhartt, Inc.",house_owned,https://trademarks.justia.com/857/99/rain-85799777.html | https://www.carhartt.com/rain-defender,2026-09-12,"USPTO Ser. 85799777, Reg. 4548543, IC 025, registered 2014-06-10, LIVE (Section 8 & 15 accepted 2020). Owner Carhartt, Inc., Dearborn, Michigan - the house. A durable water-repellent finish; no third-party chemistry or finish brand named on Carhartt's page."
Carhartt,,Storm Defender,"Carhartt, Inc.",house_owned,https://trademarks.justia.com/857/99/storm-85799801.html | https://www.carhartt.com/product/104670-BLKSREG,2026-09-12,"USPTO Ser. 85799801, Reg. 4502823, IC 025, registered 2014-03-25, LIVE (Section 8 & 15 accepted 2020). Owner Carhartt, Inc. - the house. Ingredient check: the Shoreline Storm Defender PDP describes a waterproof/breathable membrane over a 100% nylon shell but names NO third-party membrane or laminate brand (no Gore-Tex, no supplier). Membrane supplier undisclosed, so no ingredient-brand dependency can be evidenced; the name itself is Carhartt's."
Carhartt,,Super Dux,"Carhartt, Inc.",house_owned,https://trademarks.justia.com/854/86/super-dux-85486468.html | https://www.carhartt.com/c/all-performance-super-dux,2026-09-12,"USPTO Ser. 85486468, Reg. 5751464, IC 025, registered 2019-05-14, LIVE. Owner Carhartt, Inc. - the house. A later broadened application (Ser. 90099792, IC 025/035) is still in extension of time, which does not affect ownership. Water-repellent, wind-resistant shell fabric; no third-party fibre, membrane or insulation brand named on Carhartt's own Super Dux pages. Caveat: some resellers list Super Dux garments alongside Gore-Tex, which could not be corroborated on carhartt.com - treat as unverified."
Carhartt,,Rugged Flex,"Carhartt, Inc.",house_owned,https://trademarks.justia.com/859/34/rugged-flex-85934815.html | https://www.carhartt.com/rugged-flex,2026-09-12,"USPTO Ser. 85934815, Reg. 4633307, IC 009/025, registered 2014-11-04, LIVE (Section 8 & 15 accepted 2021). Owner Carhartt, Inc. - the house. A stretch-fabric construction; no branded elastane (no Lycra or similar) named on Carhartt's page, though generic spandex content appears in product specs."
Carhartt,,Full Swing,"Carhartt, Inc.",house_owned,https://trademarks.justia.com/863/41/full-swing-86341737.html | https://www.carhartt.com,2026-09-12,"USPTO Ser. 86341737, Reg. 4905822, IC 025, registered 2016-02-23, LIVE. Owner Carhartt, Inc. - the house. First use 2014-08-01. A mobility/articulation construction (pattern and gusset engineering) rather than a fabric, so there is no ingredient supplier to attribute."
Carhartt,,Yukon Extremes,"Carhartt, Inc.",house_owned,https://tsdr.uspto.gov/statusview/sn90283660 | https://trademarks.justia.com/886/37/yukon-extremes-88637234.html | https://www.carhartt.com/c/yukon-extremes,2026-09-12,"USPTO Ser. 90283660, Reg. 7019529, IC 025/035, LIVE/REGISTRATION/Issued and Active (status date 2023-04-04); owner recorded as Carhartt, Inc., Dearborn, Michigan - the house. A second registration, Ser. 88637234, Reg. 6223110, IC 018/025, registered 2020-12-15, is also live. Extreme-cold insulated outerwear line; carhartt.com is JS-rendered and its insulation spec would not load to WebFetch, so no third-party insulation brand (Thinsulate, PrimaLoft) could be confirmed either way - none is named in any source reached."
Carhartt,,Wind Fighter,"Carhartt, Inc.",house_owned,https://trademarks.justia.com/864/57/wind-fighter-86457844.html | https://www.carhartt.com/product/104670-BLKSREG,2026-09-12,"USPTO Ser. 86457844, Reg. 4919168, IC 025, registered 2016-03-15, LIVE. Owner Carhartt, Inc. - the house. First use 2015-07-01. Wind-taming finish/construction, shown on PDPs alongside Storm Defender; no third-party ingredient brand named."
Canali,,Rain & Wind,not_found,unclear,https://www.tmdn.org/tmview/#/tmview/results?basicSearch=rain%20%26%20wind | https://ni.canali.com/midnight-blue-technical-fabric-quilted-puffer-jacket-with-rain---wind-membrane-o41051sg02953301/p,2026-09-12,"No Canali registration anywhere. Searched USPTO (Justia; Canali Ireland Limited owner pages list only CANALI / CANALI SPORTSWEAR / CANALI PROPOSTA / CANALI CARE / C CANALI marks) and TMview (37 hits, all offices). The only cl.24/25 register family for this name is Loro Piana S.p.A.: RAIN&WIND SYSTEM, WIPO IR 1001500 (filed 2009-03-11, cl.24+25), plus BR/AR/CO nationals and US 87246457 (ended); Loro Piana also held UK 2056888 'Loro Piana STORM SYSTEM RAIN & WIND PROTECTION' (cl.24/25, expired). Canali PDP presents it with no attribution and no (R)/TM; composition reads only '70% polyester, 30% viscose with membrane'. Standing rule: Loro Piana marks are licensed wherever they appear on a non-Loro-Piana house, so IF Canali's membrane is Loro Piana's this is licensed - but the register does not prove Canali's 'Rain & Wind' is the Loro Piana mark, so recorded as unclear rather than guessed. Certain conclusion: it is NOT house-owned."
Canali,,Rain Protection,not_found,unclear,"https://www.tmdn.org/tmview/#/tmview/results?basicSearch=rain%20protection&niceClass=24,25 | https://www.careofcarl.com/en/canali-rain-protection-car-coat-navy",2026-09-12,"No register entry in any office. USPTO 'rain protection' hits are wiper blades, tents, gutters, Carhartt RAIN DEFENDER - nothing Canali, nothing Italian in cl.24/25. TMview cl.24/25 returns 10 hits, none Canali; nearest textile entries are MDB Texinov's Rain'net and Loro Piana's expired UK 2056888 composite containing 'RAIN & WIND PROTECTION'. The phrase is plainly descriptive of a water-repellent finish and would be unregistrable as a bare mark; Canali uses it as a product descriptor (e.g. 'Rain Protection Car Coat'), not a badged technology. Not house-owned, not licensed - just a description."
Canali,,Impeccabile,not_found,unclear,https://www.tmdn.org/tmview/#/tmview/results?basicSearch=impeccabile | https://anthology.canali.com/en/crafts/impeccabile/,2026-09-12,"LOOKED HARDEST HERE - the mill hypothesis does NOT hold. TMview returns exactly 20 worldwide hits for 'impeccabile' across EUIPO, UIBM (Italy), WIPO, UKIPO, OEPM, INPI-BR: none is owned by Canali and none is owned by any Italian wool mill (no Reda, Vitale Barberis Canonico, Marzotto, Guabello, Loro Piana, Cerruti, Piacenza, E. Thomas). The only textile-class entries are TEXITALIA S.R.L.'s figurative 'LIS 1938 - TORINO - ITALIA - LAVORAZIONE IMPECCABILE SIGNORILE' (cl.24/25; UIBM 2010901817918, EUIPO 017215104, UKIPO UK00917215104, WIPO 1039740) - a composite where 'impeccabile' is an Italian adjective meaning 'impeccable', unrelated to Canali. The only cl.25 word mark IMPECCABILE is Spain OEPM M2715303, CONFEXCLASS S.L. (cl.25/35), also unrelated. USPTO (Justia): only the ZAGROSS MARMI marble mark and the same Texitalia composite. Canali's own Anthology page claims it as internally developed ('Canali has developed its most popular product line'; 'Born in 2015'), credits no mill or supplier, and uses no (R)/TM. Verdict: house-named and plausibly house-developed, but UNREGISTERED - so origin cannot be verified from the register. Not licensed from a mill on this evidence."
Prada,,Extreme-Tex,PRADA S.p.A.,house_owned,https://trademarks.justia.com/792/89/ext-79289577.html | https://www.prada.com/us/en/women/prada_linea_rossa/ski_wear_and_technical_gear/products.Extreme_Tex_stretch_ski_jacket.292092_1ZU1_F0002_S_222.html,2026-09-12,"USPTO 'EXT EXTREME-TEX', serial 79289577, reg. 6465653, status 700-Registered, filed 2020-06-16, registered 2021-08-31, classes 18/24/25 (incl. waterproof clothing); WIPO IR 1540845 with priority 2020-01-27. Owner is PRADA S.p.A. itself - the house operating company, not a subsidiary or licensor. Clean house_owned. Note the register covers the NAME only; whether the laminate is bought in from a third-party mill is not something the register answers and no supplier is named on the PDP."
Prada,,Graphene,not_found,unclear,"https://www.prada.com/us/en/p/light-polyester-padded-jacket/SGB296_1XYW_F0002_S_192 | https://www.tmdn.org/tmview/#/tmview/results?basicSearch=graphene&niceClass=22,24,25",2026-09-12,"Prada presents it as a brand - the PDP literally reads 'Lined and padded with Graphene(R)' and 'Graphene(R) padding favors the regulation of body temperature'. But no supporting registration exists. USPTO: no bare GRAPHENE mark for padding/insulation/textiles; Prada owns none. TMview cl.22/24/25 (71 hits): the bare word GRAPHENE in cl.25 is held by unrelated parties - HEAD TECHNOLOGY GMBH (Austria 1050/2011; WIPO IR 1098301, cl.25/28 - the racket company), Lunelli (Brazil/Paraguay), plus assorted CN/IN owners; Directa Plus SpA's 'Graphene Plus' (EUIPO 018464604, cl.1/17/24) is ENDED and Directa Plus's live US mark is 'G+' (serial 79239092), not 'Graphene'. Graphene is a generic material name and is not registrable as a bare mark for graphene-containing goods, so the (R) on Prada's page is unsupported. Whatever the padding is, it is an ingredient material Prada did not develop - but there is no register entry to cite an owner, hence unclear rather than licensed."
Fidelity Denim,,Performance Stretch / Performance Stretch Twill,not_found,unclear,https://fidelitydenim.com/collections/all | https://trademarks.justia.com/search?q=%22performance+stretch%22,2026-09-12,"DESCRIPTIVE AND UNREGISTRABLE - say it plainly. Fidelity Denim owns no such mark. Its only USPTO registration is FIDELITY DENIM, serial 78607976, owned by FIDELITY DESIGN HOUSE LTD. (the house's own company) for denim apparel - nothing for any fabric name. 'PERFORMANCE STRETCH' is registered to three unrelated parties for adjacent goods: BUCKLE BRANDS, INC. (87069435, bottoms/jeans/pants), NAUTICA APPAREL, INC. (78847861, shirts/pants/shorts) and ARCH TEXTILES MANUFACTURE CORP. (88071102, cl.24 functional fabrics). 'PERFORMANCE STRETCH TWILL' matches nothing at all. On fidelitydenim.com it is a Fabric Type facet/label printed under product names in plain caps (e.g. '50-11 - ANCHOR / PERFORMANCE STRETCH TWILL') with no (R) or TM, alongside equally generic labels COMFORT STRETCH, HAVANA TWILL, AIR KNIT, EXCEL PERFORMANCE DENIM. This is a fabric descriptor, not a house technology, and should not earn an ownership step on the dial."
Herno,,WINDSTOPPER,"W. L. GORE & ASSOCIATES, INC.",licensed,https://trademarks.justia.com/search?q=windstopper,2026-09-12,"Quick confirmation only, no deep search. USPTO shows a large WINDSTOPPER / GORE WINDSTOPPER / WIND STOPPER family all owned by W. L. GORE & ASSOCIATES, INC., including serial 74012541 (multi-layer fabric for garments), 74542225 (fabric for jackets/hats/gloves/etc.) and 74385149 (thermal insulation for clothing). Gore is unrelated to Herno (Herno S.p.A., Lesa, Italy), so any WINDSTOPPER named in a Herno product title is an ingredient brand used under licence. Register citation secured for the screen's 'licensed' row."
Y.Chroma,,Thindown,NATURAL INSULATION PRODUCTS INCORPORATION (NIPI) LIMITED,licensed,https://trademarks.justia.com/791/63/thindown-79163802.html,2026-09-12,"Quick confirmation only, no deep search. USPTO THINDOWN, serial 79163802, reg. 5029027, status 700-Registered (2016-08-30), filed 2015-01-08, classes 24 and 25 (textile materials, linings, jackets, parkas). Owner NATURAL INSULATION PRODUCTS INCORPORATION (NIPI) LIMITED - the Italian-founded down-fabric maker that invented the product, unrelated to Y.Chroma. An earlier THINDOWN (75275918) sits with Natural Insulation Products Inc. for pillows/sleeping bags. Ingredient brand used under licence; register citation secured."
Aspesi,,Thermore,FISI-FIBRE SINTETICHE S.P.A.,licensed,https://trademarks.justia.com/734/09/thermore-73409502.html,2026-09-12,"USPTO Reg. 1372566 / Ser. 73409502, classes 20/22/24, status live (registered and renewed 2015). Owner FISI-Fibre Sintetiche S.p.A. is an independent Italian fibre/insulation maker, unrelated to Aspesi S.r.l. - no shared parent or ownership - so the Thermore collection is an ingredient-brand licence by definition, not house-developed."
JiyongKim,,GORE-TEX (3L PRO),"W. L. Gore & Associates, Inc.",licensed,https://trademarks.justia.com/877/58/gore-tex-87758514.html,2026-09-12,"USPTO Reg. 6479280 / Ser. 87758514, classes 9/22/24/25 (incl. fabric for manufacture of outerwear and finished garments), status live (registered 2021-09-07). Earlier GORE-TEX regs 1098195 and 4515432 are expired/cancelled - cite 6479280. Owner W. L. Gore & Associates is unrelated to JiyongKim; GORE-TEX PRO is only available under Gore's licensed-partner programme, so licensed by definition."
NN07,,PrimaLoft Gold,"PrimaLoft, Inc.",licensed,https://trademarks.justia.com/741/68/primaloft-74168393.html,2026-09-12,"House mark PRIMALOFT: USPTO Reg. 1849912 / Ser. 74168393, classes 17/22/25, status live (renewed 2014); originally filed by Albany International Corp., now assigned to PrimaLoft, Inc. 'Gold' is a product tier under that house mark - no separate US registration for PRIMALOFT GOLD surfaced. Owner unrelated to NN07 (No Nationality 07 / Denmark), so licensed by definition."
Les Deux,,PrimaLoft Silver (loose fill),"PrimaLoft, Inc.",licensed,https://trademarks.justia.com/741/68/primaloft-74168393.html,2026-09-12,"Same house mark PRIMALOFT: USPTO Reg. 1849912 / Ser. 74168393, classes 17/22/25, status live (renewed 2014), owner PrimaLoft, Inc. 'Silver' is a product tier, not a separately registered US mark found. Owner unrelated to Les Deux ApS (Denmark), so the puffer's loose-fill insulation is licensed by definition."
Ralph Lauren Purple Label,,Ventile,STOTZ & CO AG,licensed,https://trademarks.justia.com/741/07/ventile-74107565.html,2026-09-12,"USPTO Reg. 1871757 / Ser. 74107565, classes 24/25, status live (registered 1995, renewed 2014). Mark has changed hands: filed by Courtaulds Textiles (Holdings) Ltd, later Talbot Weaving Ltd then Talbot Weaving (Chorley) Ltd, and since 2017 owned by Swiss weaver STOTZ & CO AG, the current registrant (Stotz also makes the EtaProof fabric sold as Ventile). Fabric was originally developed at the Shirley Institute, Manchester - never Ralph Lauren. Owner unrelated to Ralph Lauren Corp., so the Driver jacket and car coat Ventile twill is licensed by definition. Corroboration: https://en.wikipedia.org/wiki/Ventile"
