brand,site_domain,us_store,us_own_stores,us_own_stores_source,what_it_sells,price_tee_or_entry,price_outerwear_or_top,band_guess,mark_as_written,source,note
Abercrombie & Fitch,abercrombie.com,https://www.abercrombie.com/shop/us,NC,NC,"men's & women's & kids' apparel, shoes, accessories, fragrance",19 — Classic Essential Tee — https://www.abercrombie.com/shop/us/mens-tops-relaxed-essential-t-shirts,240 — Wool-Blend Long Mac Coat — https://www.abercrombie.com/shop/us/mens-coats-and-jackets,accessible,Abercrombie & Fitch,https://www.abercrombie.com/shop/us (2026-10-08); https://www.abercrombie.com/shop/us/mens-tops-relaxed-essential-t-shirts (2026-10-08); https://www.abercrombie.com/shop/us/mens-coats-and-jackets (2026-10-08); https://www.abercrombie.com/shop/ViewAllStoresDisplayView?storeId=10051&catalogId=10901&langId=-1 (2026-10-08); https://abercrombieandfitchcompany.gcs-web.com/news-releases/news-release-details/abercrombie-fitch-co-reports-fourth-quarter-and-full-year-7 (2026-10-08); https://www.sec.gov/Archives/edgar/data/1018840/000101884025000013/anf-20250201.htm (2026-10-08),No US-only count found. Company reports by region only: FY2025 (ended Jan 31 2026) Q4 release shows 239 Abercrombie-brand company-owned stores in Americas (incl. Canada/LatAm; excludes 37 A&F franchise + temporary stores); 10-K FY2024 (Feb 1 2025) Americas A&F = 215. Locator 'View All Stores' page truncated mid-Pennsylvania; visible US entries ~157 'Abercrombie & Fitch' + ~83 'abercrombie kids'; outlets not labelled (only identifiable by mall name). '200+ US stores' claim plausible but NOT verified. Some essential tees $25 in other colours; $19 is lowest single-tee full price (no sale markings shown).
adidas,adidas.com,https://www.adidas.com/us,179,https://www.adidas.com/us/stores/all-adidas-stores — country index 'United States (179)'; https://www.adidas.com/us/stores/united-states city list sums to 177; read 2026-10-08,footwear + apparel + accessories (sportswear),"25 — Train Essentials Training Tee (JN6799), list price, currently on sale $19 — https://www.adidas.com/us/train-essentials-training-tee/JN6799.html",300 — Mercedes-AMG Petronas F1 Team Silver Jacket — https://www.adidas.com/us/men-jackets,accessible,adidas,https://www.adidas.com/us/men-t_shirts (2026-10-08); https://www.adidas.com/us/men-jackets (2026-10-08); https://www.adidas.com/us/storefinder (2026-10-08); https://www.adidas.com/us/stores/all-adidas-stores (2026-10-08); https://www.adidas.com/us/stores/united-states (2026-10-08),COUNT MIXES OUTLETS (locator total; split not established). Claim 'own US stores' confirmed: storefinder lists adidas-operated stores. 179 INCLUDES outlets (adidas Outlet) together with adidas Store/Brand Center/flagships/Originals/Y-3; locator does not allow type split; city list sums to 177 vs 179 header. Prices from first page of t-shirt grid only (660 items) and first page of jackets (price-sorted URL blocked by robots); cheapest/dearest may differ. Lowest full-price tee with no current discount on page 1 was $35 (3-Stripes T-Shirt).
Alden,aldenshoe.com,NONE,NC,NC,men's shoes & boots (Goodyear-welted); sold via authorized retailers,NC,NC,premium,Alden,https://www.aldenshoe.com (2026-10-08); https://www.aldenshoe.com/DrawStoreSearch.aspx?PageID=3 (2026-10-08); https://stridewise.com/alden-madison-interview/ (2026-10-08); https://en.wikipedia.org/wiki/Alden_Shoe_Company (2026-10-08),"aldenshoe.com has no cart/checkout (catalog PDF only), so no own US e-store; locator titled 'Alden Authorized Retailers', listed by state only, no owned/independent flag. Claim 'own stores in NYC, DC, SF, Boston' partly CONTRADICTED: 2021 Stridewise interview with Alden Madison co-founder says Alden Madison (NYC) is independently owned (licensed name) and names Alden shops of Washington DC and San Francisco as company-owned; Boston not covered; current status not verified, so count left NC. No US prices read (sold via dealers)."
Allen Edmonds,allenedmonds.com,https://www.allenedmonds.com,56,"Caleres 10-K FY2024 (period ended Feb 1 2025), https://www.sec.gov/Archives/edgar/data/14707/000001470725000017/cal-20250201x10k.htm: 'At the end of 2024, we operated 56 Allen Edmonds stores in the United States, including 12 Port Washington Studio stores' (57 in 2023, 56 in 2022)","men's shoes + apparel (shirts, sweaters, outerwear, pants), belts, bags, shoe care",NC,NC,premium,Allen Edmonds,https://www.allenedmonds.com (2026-10-08); https://www.allenedmonds.com/browse/shoes/mens (2026-10-08); https://www.allenedmonds.com/stores (2026-10-08); https://www.sec.gov/Archives/edgar/data/14707/000001470725000017/cal-20250201x10k.htm (2026-10-08); https://s27.q4cdn.com/613758118/files/doc_news/Caleres-Reports-Fourth-Quarter--Fiscal-2025-Results-2026.pdf (2026-10-08); https://en.wikipedia.org/wiki/Allen_Edmonds (2026-10-08),"COUNT IS FY2024 (to 1 Feb 2025), may be stale; includes 12 Port Washington Studio stores. Claim '60-plus own US stores' CONTRADICTED by latest brand-specific figure: 56 at end FY2024 (Wikipedia's '60+ (2022)' is older/unsourced). FY2025 Caleres release (Jan 31 2026) gives only Brand Portfolio total 188 (jump from 114 reflects acquisition), no Allen Edmonds split. 10-K gives no separate outlet/factory count; 56 includes 12 Port Washington Studio stores. Product grid is JS-loaded and product page says 'See Price In Cart'; only collection 'starting at' labels read (Oliver $299 ... Higgins Mill $449), not full-price items, so prices NC. Site-wide 'up to 40% off' promo 10/02-10/19/26."
AllSaints,allsaints.com,https://www.allsaints.com/us,NC,NC,"men's & women's apparel, leather jackets, footwear, accessories",49 — Tonic Slim-Fit Cotton T-Shirt — https://www.allsaints.com/us/menswear/tonic-slim-fit-cotton-t-shirt/USM028JB-437.html,829 — Tilson Leather Peacoat (also Neo Leather Biker Jacket $829) — https://www.allsaints.com/us/menswear/tilson-leather-peacoat/USM049LF-5.html,premium,AllSaints,https://www.allsaints.com/us/men/t-shirts/ (2026-10-08); https://www.allsaints.com/us/menswear/tonic-slim-fit-cotton-t-shirt/USM028JB-437.html (2026-10-08); https://www.allsaints.com/us/men/leather-jackets/ (2026-10-08); https://www.allsaints.com/us/stores/ (2026-10-08); https://fashionunited.com/news/business/allsaints-group-profit-jumps-sees-growth-opportunities-despite-challenging-economic-climate/2025102468857 (2026-10-08),"Store locator is dynamic; /stores/united-states directory returned an error; no US count found in FY ending Feb 1 2025 results coverage. Claim '40-plus US stores' NOT verified. US outlets exist (e.g. Orlando, Chicago/Rosemont, Livermore, Seattle/Tulalip outlet pages per search results), so any count must split outlets. Prices from first 24 items of each grid. Men's leather-jacket grid also lists Seyka Double-Layer Shearling Coat $2,999 but its SKU prefix USW suggests a womenswear item, so not used."
Bally,bally.com,https://www.bally.com/en-us,NC,NC,"shoes, bags, accessories, ready-to-wear (men & women)",250 — T-Shirt With Bally Crest Logo In White Cotton — https://www.bally.com/en-us/products/t-shirt-with-bally-crest-logo-in-white-cotton-6308825,3750 — Biker Jacket in Black Leather — https://www.bally.com/en-us/products/biker-jacket-in-black-leather-6311895,true luxury,Bally,https://www.bally.com/en-us (2026-10-08); https://www.bally.com/en-us/collections/men-ready-to-wear-shirts-and-tshirts/products.json (2026-10-08); https://www.bally.com/en-us/products/t-shirt-with-bally-crest-logo-in-white-cotton-6308825 (2026-10-08); https://www.bally.com/en-us/collections/men-ready-to-wear-coats-and-jackets/products.json (2026-10-08); https://www.bally.com/en-us/pages/store-locator (2026-10-08),"Store locator loads dynamically; no US store list/count retrieved, so 'US stores' claim NOT verified (count NC). Tee price confirmed $250.00 USD on product page (price = compare-at, i.e. full). Jacket $3,750 read from collection products.json (price = compare-at); currency not stated in JSON but en-us market is USD; biker-jacket product URL constructed from handle, not fetched. Logo styling not verified; site text uses 'Bally'. Copyright 'Bally Americas Inc.'"
Birkenstock,birkenstock.com,https://www.birkenstock.com/us/,22,"https://www.retailtouchpoints.com/?p=620718 (Retail TouchPoints, 30 Jul 2026): 'The two new locations bring the total number of Birkenstock-owned retail stores in the U.S. to 22' (also 111 own stores globally as of 31 Mar 2026). Brand store locator (birkenstock.com/us/stores) failed to fetch; FY2025 20-F fetched but readable portion gave no US count.","footwear (sandals, clogs, shoes); small accessories/care range","117.95 — Arizona Mixed Synthetic Material, Black/Dark Gray — https://www.birkenstock.com/us/men/","220 — Prescott Low Oiled Leather, Basalt Gray — https://www.birkenstock.com/us/men/",premium,BIRKENSTOCK,https://www.birkenstock.com/us/men/ (2026-10-08); https://www.retailtouchpoints.com/?p=620718 (2026-10-08); https://www.sec.gov/Archives/edgar/data/1977102/000119312525323599/birk-20250930.htm (2026-10-08),"Claim 'own US stores' CONFIRMED (22, full-price own stores; article figure, not locator; outlets not mentioned). Prices from first 24 of 846 men's products only (price-sorted URLs are robots-disallowed) - true cheapest (e.g. EVA styles) likely lower and true top may be higher; treat as partial. mark_as_written from logo knowledge, not re-verified."
Calvin Klein,calvinklein.us,https://www.calvinklein.us/,114,"https://stores.calvinklein.us/ (brand store locator, fetched 2026-10-08): per-state listings sum to 114 locations incl. PR (2) and GU (1) = 111 in 50 states. Locator does not label outlet vs full-price; CA page (https://stores.calvinklein.us/ca/) addresses are outlet centres (Tejon Outlets, Napa Factory Stores, Tanger Barstow, Cabazon, Carlsbad, Citadel, Folsom, Vacaville, Gilroy, Camarillo, Ontario, Livermore etc.). PVH FY2024 10-K: 'Our stores in North America are primarily located in premium outlet centers.'","men's & women's apparel, underwear, jeans, accessories",45 — Layered Script Logo Graphic Classic T-Shirt — https://www.calvinklein.us/en/men,249 — Printed Plaid Down Puffer Jacket — https://www.calvinklein.us/en/men,accessible,CALVIN KLEIN,https://www.calvinklein.us/ (2026-10-08); https://www.calvinklein.us/en/men (2026-10-08); https://stores.calvinklein.us/ (2026-10-08); https://www.sec.gov/Archives/edgar/data/78239/000007823925000018/pvh-20250202.htm (2026-10-08),COUNT MIXES OUTLETS — likely mostly or all outlets; full-price count not established. OUTLETS INCLUDED in 114 - effectively all appear to be outlet-centre doors; full-price US door count NOT established (likely ~0). Claim 'many US stores' true only as outlets. Count may also double-list CK + CK Underwear doors in same city (several cities show 2). PVH-owned; calvinklein.us is PVH's US site (page itself does not name operator). Prices are list ('original') prices from a partial men's landing page (16 items); sitewide 40% off was running on fetch date. mark_as_written from logo knowledge.
Chrome Hearts,chromehearts.com,https://www.chromehearts.com/,10,"https://www.chromehearts.com/stores (brand locator, fetched 2026-10-08): US locations Aspen CO; Honolulu HI; Las Vegas x3 (Forum Shops at Caesars, Fontainebleau, Wynn Plaza); Los Angeles (600 N Robertson); Malibu; Miami (4025 NE 2nd Ave - 'Temporarily closed'); New York x2 (755 Washington St West Village; 870 Madison Ave). =10 listed, 9 currently open/by appointment.","jewelry-led (fine silver/gold jewelry, accessories, eyewear, leather goods) + apparel; online shop shows only underwear/socks, Baccarat, scents - clothing share not quantifiable",np,np,true luxury,CHROME HEARTS,https://www.chromehearts.com/stores (2026-10-08); https://www.chromehearts.com/ (2026-10-08); https://www.chromehearts.com/shop/underwear (2026-10-08),"Claim NYC/Miami/LA/Aspen CONFIRMED but incomplete (also Las Vegas x3, Honolulu, Malibu, 2nd NYC); Miami listed TEMPORARILY CLOSED. Locator does not state ownership (assumed brand-operated, not verified). No tee/outerwear prices online; only underwear priced (Boxer Brief - Shorts $95 ... Leggings/Long Johns $275 at /shop/underwear). Substantially a jewelry house, not primarily clothing. Most stores 'schedule appointment'. mark_as_written from logo knowledge."
Cole Haan,colehaan.com,https://www.colehaan.com/,NC,"NC - not established. FashionUnited 29 Sep 2025 (https://fashionunited.com/news/retail/cole-haan-opens-new-store-in-virginia-as-it-expands-in-key-us-markets/2025092968455): 'Cole Haan currently has over 100 stores across the United States' (no outlet split, not an exact integer). Brand locator stores.colehaan.com robots-disallowed; colehaan.com/stores failed.","footwear-led (men's & women's shoes) + outerwear/apparel, bags & accessories",NC,NC,accessible,COLE HAAN,https://www.colehaan.com/ (2026-10-08); https://www.colehaan.com/collections/mens-shoes (2026-10-08); https://fashionunited.com/news/retail/cole-haan-opens-new-store-in-virginia-as-it-expands-in-key-us-markets/2025092968455 (2026-10-08); https://chainstoreage.com/cole-haan-hits-global-store-count-milestone (2026-10-08),"Claim 'own stores' broadly supported ('over 100' US stores, 500 globally Nov 2023) but outlet vs full-price split NOT established; Wikipedia notes own outlet stores in outlet malls. Prices NC: listing pages render no prices; partial products.json read showed e.g. Men's GrandPro Topspin Sneakers $175 full price and 2.ZEROGRAND Laser Wingtip Oxfords compare-at $310 (on sale $139.95) - not enough to name cheapest/dearest. Owned by Apax Partners since 2012 (per Wikipedia). US store shows promo 20-40% off 10/07-10/15/2026. mark_as_written from logo knowledge."
COS,cos.com,https://www.cos.com/en-us,12,"https://www.modaes.com/global/companies/hampm-is-relaunching-cos-in-the-united-states-and-mexico-with-a-new-store-opening-plan (Modaes, 24 Jul 2026): 'COS, which entered the U.S. market in 2014, currently has twelve stores in the United States'. Brand store locator failed to fetch.","men's & women's apparel, footwear, accessories",45 — Slim ribbed cotton t-shirt — https://www.cos.com/en-us/men/t-shirts,649 — Leather blouson jacket — https://www.cos.com/en-us/men/coats-and-jackets,accessible,COS,https://www.cos.com/en-us/men/t-shirts (2026-10-08); https://www.cos.com/en-us/men/coats-and-jackets (2026-10-08); https://www.modaes.com/global/companies/hampm-is-relaunching-cos-in-the-united-states-and-mexico-with-a-new-store-opening-plan (2026-10-08),"Claim '~15 US stores' CONTRADICTED: 12 per Modaes Jul 2026 (article, not locator; H&M planning US relaunch with new openings). H&M Group brand. Prices from partially loaded listings (48/95 tees, 40/64 jackets) - cheapest/top may differ."
Dr. Martens,drmartens.com,https://www.drmartens.com/us/en/,NC,"NC for US. Dr. Martens plc FY25 Annual Report (https://www.drmartensplc.com/application/files/7517/5014/5983/DOCs-AR25-FINAL.pdf): Americas own stores 61 at 1 Apr 2024, +1 opened, -3 closed = 59 at 30 Mar 2025; no US split. https://www.drmartensplc.com/our-business/where-we-operate/ shows 57 Americas own stores ('FY26 data').","footwear (boots, shoes, sandals) + some accessories/apparel",NC,NC,accessible,DR. MARTENS,https://www.drmartens.com/us/en/ (2026-10-08); https://www.drmartensplc.com/application/files/7517/5014/5983/DOCs-AR25-FINAL.pdf (2026-10-08); https://www.drmartensplc.com/our-business/where-we-operate/ (2026-10-08),"Claim 'many own US stores' plausible but US-only count not published (Americas 59 FY25 / 57 FY26 incl. Canada etc.; outlet split not given). drmartens.com product/category pages failed to fetch, so prices NC. mark_as_written from logo knowledge."
Dunhill,dunhill.com,https://www.dunhill.com/en-us,1,"https://www.dunhill.com/en-us/stores (fetched 2026-10-08): US section headed '4 Boutiques' = Neiman Marcus Chicago (737 N Michigan Ave), Hudson Yards (20 Hudson Yards NYC), Art Brown New York (15 W 47th St), Woodbury Common Premium Outlet. Count 1 = Hudson Yards only (other two are third-party-named doors); outlet (Woodbury) excluded, counted separately = 1. Madison Ave NYC flagship announced for Dec 2026 per insideretail.us 2026-06-22.","men's luxury ready-to-wear & tailoring, leather goods, footwear, accessories (menswear-only house; RTW plus significant leather goods)",360 — AD Cypher Cotton Short Sleeve T-Shirt — https://www.dunhill.com/en-us/cat/ready-to-wear/t-shirts/,17100 — Leather Double-Breasted Trench Coat — https://www.dunhill.com/en-us/product/leather-jackets/leather-double-breasted-trench-coat-DU26FJ0713D037.html,true luxury,dunhill,https://www.dunhill.com/en-us (2026-10-08); https://www.dunhill.com/en-us/stores (2026-10-08); https://www.dunhill.com/en-us/cat/ready-to-wear/t-shirts/ (2026-10-08); https://www.dunhill.com/en-us/cat/ready-to-wear/outerwear/ (2026-10-08); https://insideretail.us/dunhill-to-open-flagship-stores-in-new-york-and-london/ (2026-10-08),"SOFT COUNT (locator counter read 0; may be partial). CONTRADICTS claim 'NYC and Miami stores': no Miami/Bal Harbour entry on the locator; NYC = Hudson Yards (+ Madison Ave flagship due Dec 2026, not yet open). Locator mixes department-store/tobacconist doors and an outlet, and its counter oddly read 'Showing 0 boutiques' - page may be partly JS-driven, so the count is soft. Tee: all 13 tees read, no markdowns. Outerwear: top price is highest among ~20 of 59 items read (not the full list)."
Gant,gant.com,https://gant.com,NC,NC,"men's & women's apparel (shirts, knitwear, tees, outerwear), accessories",65 — Regular Shield T-Shirt (e.g. Mild Yellow) — https://gant.com/p/regular-shield-t-shirt-mild-yellow/2003184-753,3135 — Shearling Peacoat — https://gant.com/p/shearling-peacoat-black/7006680-5,premium,GANT,https://gant.com (2026-10-08); https://gant.com/faq (2026-10-08); https://gant.com/c/mens/clothing/t-shirts (+page 2) (2026-10-08); https://gant.com/c/mens/clothing/outerwear (+page 2) (2026-10-08); https://gant.com/store-locator (2026-10-08),"gant.com itself serves the US store (footer 'United States', USD, FAQ: 'Gant.com delivers to US addresses'); no gant.com/us path seen; us.gant.com refused by robots.txt so not checked. US own doors NOT established: store locator loads dynamically (no data), and searches gave no store count. One tee listed 'From $55' on the grid (tartan green) but its product page shows 'From $70', so $65 used. Outerwear: two pages read (~75 items total); $3,135 is the highest seen."
Issey Miyake,isseymiyake.com,NC,3,"https://www.isseymiyake.com/en/pages/stores (fetched 2026-10-08): 'Flagship' list includes 3 US entries, all New York: ISSEY MIYAKE / NEW YORK, PLEATS PLEASE ISSEY MIYAKE / NEW YORK, BAO BAO ISSEY MIYAKE / NEW YORK (no addresses shown; ownership not labelled). No outlets listed.","designer apparel; sub-lines include HOMME PLISSÉ ISSEY MIYAKE (the men's pleated line), PLEATS PLEASE ISSEY MIYAKE (women's), IM MEN, 132 5., A-POC ABLE, BAO BAO (bags - not clothing), me ISSEY MIYAKE; licensed fragrance/watches/eyewear",NC,NC,premium,ISSEY MIYAKE,https://www.isseymiyake.com/ (2026-10-08); https://www.isseymiyake.com/en/pages/stores (2026-10-08); https://www.isseymiyake.com/pages/onlinestore (2026-10-08); https://insideretail.us/issey-miyake-to-unveil-expanded-new-york-flagship-with-gallery-concept/ (2026-10-08),"SOFT COUNT (counter read 0; all three NYC, incl. Pleats Please and Bao Bao, not men's doors). CONTRADICTS claim 'Tribeca store and others': insideretail.us (2026-04-23) says the NY flagship moved from its longstanding Tribeca site to 45 Madison Ave (New York Life Building), opening May 8 2026; the brand site lists only 3 US entries, all NYC (no 'others' outside NY). Store-finder results panel showed '0 stores' while the Flagship list showed these 3, so the count is soft. No US e-store found: official online store appears Japan-language only (no US ship/USD seen; FAQ fetch failed) - prices therefore NC. Band borderline premium/true luxury (designer label)."
Johnston & Murphy,johnstonmurphy.com,https://www.johnstonmurphy.com,153,"Genesco Form 10-K FY2026 (year ended Jan 31 2026), https://www.sec.gov/Archives/edgar/data/18498/000119312526123492/gco-20260131.htm: 'At January 31, 2026, Johnston & Murphy operated 153 retail shops and factory stores in the United States'. Includes factory (outlet) stores; no split given.","men's footwear-led (dress & casual shoes) plus apparel, bags & leather goods; also women's",NC,NC,accessible,Johnston & Murphy,https://www.johnstonmurphy.com/ (2026-10-08); https://www.johnstonmurphy.com/c/men/mens-shoes (2026-10-08); https://www.johnstonmurphy.com/store-locator (2026-10-08); https://www.sec.gov/Archives/edgar/data/18498/000119312526123492/gco-20260131.htm (2026-10-08),"COUNT MIXES OUTLETS (10-K: retail shops and factory stores combined). Claim '150-plus own stores' SUPPORTED (153 at FY2026 end) but that figure mixes full-price shops and factory stores. Store locator mixes own stores with department/specialty stockists ('Search over 2100 stores') so not used for count. Prices NC: men's shoes grid only rendered its first page (full-price $169-$189 seen, e.g. Kendall Lace-to-Toe $169, Ripley Wingtip $189; sort params ignored) and the dress-shoe category was blocked by robots.txt, so true min/max not established."
L.L.Bean,llbean.com,https://www.llbean.com,62,"https://www.llbean.com/llb/shop/1000001703 (store list, fetched 2026-10-08): 64 retail stores listed of which 2 'coming soon' (Colorado Springs, Ann Arbor) = 62 open full-price retail; plus 10 outlets (ME 4, NH 4, MA 1, NY 1) counted separately, plus 1 clearance center (Southington CT). Retail count includes the 3 Freeport ME flagship-campus stores (Flagship, Hunt & Fish, Home).","men's & women's outdoor apparel, footwear (Bean Boots), outdoor gear, home","26.95 — Men's Carefree Unshrinkable Tee, Traditional Fit Short-Sleeve — https://www.llbean.com/llb/shop/40651",450 — Men's Maine Warden's 3-in-1 Parka with GORE-TEX — https://www.llbean.com/llb/shop/20010412,mass,L.L.Bean,https://www.llbean.com/llb/shop/1000001703 (2026-10-08); https://www.llbean.com/llb/shop/504193 (2026-10-08); https://www.llbean.com/llb/shop/40651 (2026-10-08); https://www.llbean.com/llb/shop/593?page=mens-outerwear (2026-10-08),Claim '50-plus US stores' SUPPORTED: 62 open retail + 10 outlets (+1 clearance; +2 retail coming soon). Tee: $26.95 is the lowest fixed full price; grid ranges starting $19.99/$21.99 reflect sale colours (e.g. Light Gold at $19.99 sale). Outerwear: $450 is the highest among first 48 of 259 men's outerwear items - not the full list. Wordmark 'L.L.Bean' as used in product names on site; band could be read as accessible.
Louis Vuitton,louisvuitton.com,https://us.louisvuitton.com/eng-us/homepage,104,"https://us.louisvuitton.com/eng-us/stores (fetched 2026-10-08): 106 listings under 'Our Stores', all US; minus 2 non-retail venues (Le Café, Le Chocolat at 6 E 57th St NYC) = 104 retail listings. Count includes separate men's and women's boutiques at some sites and LV doors inside department stores; no outlets.","leather-goods-led luxury house (bags, small leather goods, trunks/travel) plus men's & women's RTW, shoes, jewelry, watches, fragrance, home - NOT clothing-led",1010 — Short-Sleeved Cotton Crewneck — https://us.louisvuitton.com/eng-us/products/short-sleeved-cotton-crewneck-nvprod5380035v/1AGKM9,12900 — Double Face Mix Cashmere Vicuna (jacket) — https://us.louisvuitton.com/eng-us/products/df-vicuna-harrington-HWB16WF9N/1AL0QJ,true luxury,LOUIS VUITTON,https://us.louisvuitton.com/eng-us/homepage (2026-10-08); https://us.louisvuitton.com/eng-us/stores (2026-10-08); https://us.louisvuitton.com/eng-us/men/ready-to-wear/all-ready-to-wear/_/N-tmfgzj3 (2026-10-08); https://us.louisvuitton.com/eng-us/men/ready-to-wear/t-shirts-and-polos/_/N-to9uy2x (2026-10-08); https://us.louisvuitton.com/eng-us/men/ready-to-wear/coats/_/N-t1epdz97 (2026-10-08),"US store is on subdomain us.louisvuitton.com (not louisvuitton.com path). Claim 'dozens of US stores' SUPPORTED (104 retail listings) but listings double-count men's/women's boutiques at the same address, so physical doors are fewer. Category grids show no prices; prices read from individual product pages only, so tee/top are SAMPLED, not confirmed range extremes: the men's RTW price filter spans $695-$28,595 (all categories), so cheaper/dearer items exist."
Mackage,mackage.com,https://www.mackage.com/,4,"https://www.mackage.com/pages/store-locator (fetched 2026-10-08): 6 US 'Mackage Store Locations' — Boston Prudential Center (800 Boylston St); NYC 138 Spring St; NYC 791 Madison Ave; Short Hills Mall NJ; plus 2 outlet-centre stores (Desert Hills, Cabazon CA; Woodbury Common, Central Valley NY). 4 = full-price stores; outlets excluded","Premium/luxury outerwear-led apparel (down jackets, shearling, leather, wool coats) plus RTW, knitwear, sneakers; men/women/kids/ski",190 — TEE-R Tee-shirt with MACKAGE silicone logo — https://www.mackage.com/products/tee-r,3890 — CLYDE reversible shearling coat — https://www.mackage.com/products/clyde,true luxury,MACKAGE,https://www.mackage.com/ (2026-10-08); https://www.mackage.com/pages/store-locator (2026-10-08); https://www.mackage.com/collections/men (2026-10-08); https://www.mackage.com/products/tee-r.js (2026-10-08); https://www.mackage.com/products/clyde.js (2026-10-08),"Claim 'NYC and Boston stores' confirmed but incomplete: locator also lists Short Hills NJ plus 2 outlet stores (Cabazon CA, Woodbury Common NY); total 6 US locations incl. outlets. Locator does not state operator; treated as brand-owned because listed as Mackage stores with @mackage.com emails. TEE-R variants currently marked down to $76 on some colours; $190 is compare-at/full price (gender tag MENS). CLYDE $3,890 = compare-at, no markdown; top found on men's page 1 of 3 (DARWIN $3,790 also checked) — a dearer item on pages 2–3 not ruled out. Band guess premium/true-luxury border (coats $1k–$3.9k)."
Ministry of Supply,ministryofsupply.com,https://www.ministryofsupply.com/,0,"https://www.ministryofsupply.com/pages/stores (fetched 2026-10-08): page headed 'We're Moving!' — 'Stay tuned for our new location(s) coming soon'; lists no store names/addresses, only phone/email and virtual shopping appointment. Home page has no store finder.","Performance/technical menswear and womenswear (suits, blazers, dress shirts, pants, polos, tees) plus bags ('Carry')",88 — Men's Travel Merino Tee - Linen — https://www.ministryofsupply.com/products/mens-travel-merino-tee-linen,598 — Men's Velocity Suit Jacket - Black (MPS) — https://www.ministryofsupply.com/products/mens-velocity-suit-jacket-black-mps,premium,Ministry of Supply,https://www.ministryofsupply.com/ (2026-10-08); https://www.ministryofsupply.com/pages/stores (2026-10-08); https://www.ministryofsupply.com/search/suggest.json?q=men%27s%20tee (2026-10-08); https://www.ministryofsupply.com/products/mens-velocity-suit-jacket-black-mps (2026-10-08); https://en.wikipedia.org/wiki/Ministry_of_Supply_(clothing) (2026-10-08),"SOFT ZERO (stores page says ""We're Moving!""; no closure news found). CONTRADICTS claim 'own stores in Boston, NYC, DC, SF': own stores page currently lists no locations ('We're Moving!... new location(s) coming soon'), so 0 open stores per brand site as of 2026-10-08 (no closure press found). Wikipedia still describes Boston Newbury St, DC and SF stores (undated); NYC store at 138 Wooster St announced July 2015 on brand blog. Tee price: cheapest tee in top-10 search suggestions ($88, no compare-at); a cheaper tee among ~52 'tee' results not ruled out. Velocity Suit Jacket shows $478 with $598 strikethrough (20% off) — $598 is full price; no true outerwear (coats) found, suit jacket is dearest regular item seen."
New Balance,newbalance.com,https://www.newbalance.com/,NC,"NC — https://stores.newbalance.com/ (fetched 2026-10-08) lists 'All New Balance Stores' across 37 jurisdictions (35 states + DC + PR) with no per-state totals and no store-type labels; CA page lists 22 locations incl. outlet-centre addresses (Barstow, Livermore/SF Premium Outlets, Vacaville Premium Outlets, also Cabazon/Camarillo/Gilroy/Ontario). Owned vs franchise vs factory not distinguishable.","Athletic footwear-led (running, lifestyle sneakers) plus performance/lifestyle apparel",NC,NC,accessible,New Balance,https://stores.newbalance.com/ (2026-10-08); https://stores.newbalance.com/ca (2026-10-08); https://newbalance.newsmarket.com/latest-news/2025-business-update---joe-preston--president---ceo--new-balance-athletics--inc./s/ecb51e70-4baa-4592-85a8-03452a7ae163 (2026-10-08),Claim 'own US stores' is supported in general (Feb 19 2026 business update: owned retail sales surpassed $1bn for first time in 2025) but no US store count published; locator mixes full-price and outlet/factory-centre locations without labels and does not state ownership (NB also has independently owned licensed stores — not verified here). newbalance.com blocked fetching (robots disallowed) so no prices read; us_store URL inferred from newbalance.com/pd product URLs in search results. Mark not read on site.
Nike,nike.com,https://www.nike.com/,75,"Nike FY2026 Form 10-K (fiscal year ended May 31, 2026), U.S. Retail Stores table: NIKE Brand in-line stores (incl. employee-only) 75; NIKE Brand factory stores 212; Converse stores (incl. factory) 60; total 347 — https://www.sec.gov/Archives/edgar/data/0000320187/000032018726000088/nke-20260531.htm. Prior year FY2025 10-K (May 31, 2025): 85 in-line / 213 factory / 78 Converse = 376 — https://www.sec.gov/Archives/edgar/data/320187/000032018725000047/nke-20250531.htm","Athletic footwear-led; performance and sportswear apparel, equipment",32 — Nike Sportswear Swoosh Men's T-Shirt — https://www.nike.com/t/sportswear-swoosh-mens-t-shirt-LzncrX/DC5094-491,400 — ACG Lava Flow Ultralight Men's Therma-FIT ADV Down Jacket — https://www.nike.com/t/acg-lava-flow-ultralight-mens-therma-fit-adv-down-jacket-pIWxtmVU/IO9003-480,mass,NC,https://www.sec.gov/Archives/edgar/data/0000320187/000032018726000088/nke-20260531.htm (2026-10-08); https://www.sec.gov/Archives/edgar/data/320187/000032018725000047/nke-20250531.htm (2026-10-08); https://www.nike.com/w/mens-tops-t-shirts-9om13znik1 (2026-10-08); https://www.nike.com/w/mens-jackets-vests-50r7yznik1?sort=priceDesc (2026-10-08),"FY2026 10-K: 75 NIKE Brand in-line (full-price, incl. employee-only) + 212 NIKE Brand factory + 60 Converse (incl. Converse factory) = 347 US stores; in-line count fell from 85 (FY2025). Claim 'own US stores everywhere' overstated: only 75 full-price Nike stores; most owned US doors are factory outlets. Nike store locator NOT checked here (10-K used instead), so locator mixing (Nike Style/Rise/Well Collective/partner-operated) not verified. Tee: $32 Swoosh tee is cheapest full-price tee on first page (~48 of 1,478 items); JDI tee also $32 full (on sale $25.97). Outerwear: $400 highest full-price on first page of jackets; page did not appear sorted, so dearer item possible. Wordmark not read on page."
Off-White,off---white.com,https://www.off---white.com/en-us/,NC,"NC — store locator https://www.off---white.com/en-us/stores renders no store list to fetcher (2026-10-08). Complex (Apr 1–2 2025 update): SoHo NYC store closed, brand rep said NYC store would relocate; Las Vegas, Miami and Puerto Rico locations remained open — https://uk.complex.com/style/a/cmplxtara-mahadevan/off-whites-soho-store-closed","Luxury streetwear apparel, sneakers and accessories",195 — Small Bookish T-Shirt — https://www.off---white.com/en-us/men/clothing/t-shirts/,3800 — Off-White™ c/o AC Milan Varsity Jacket — https://www.off---white.com/en-us/men/clothing/outerwear/,true luxury,Off-White™,https://www.off---white.com/en-us/ (2026-10-08); https://www.off---white.com/en-us/men/clothing/t-shirts/ (2026-10-08); https://www.off---white.com/en-us/men/clothing/outerwear/ (2026-10-08); https://hypebeast.com/2025/4/off-white-soho-store-closing (2026-10-08); https://uk.complex.com/style/a/cmplxtara-mahadevan/off-whites-soho-store-closed (2026-10-08),"Ownership: LVMH sold Off-White LLC to Bluestar Alliance (Sept 2024, per Hypebeast Apr 2025). Site footer: trademarks owned by Off-White LLC; site operated by The Level S.r.l.; seller of record Progetto 17 S.r.l. (Milan licensee) — i.e. licensed/operated model, so any US stores may not be brand-owned. Claim 'US stores in NYC, Miami, LA' CONTRADICTED in part: SoHo NYC flagship closed ~Apr 2025 (relocation promised, not confirmed); Miami and Las Vegas reported open Apr 2025; LA not mentioned; current status not verified. Tee: $195 is cheapest in 24 of 62 tees shown, no sale markings; outerwear: all 16 items read, $3,800 top. Product-level URLs not exposed, category URLs given. Some off---white.com pages returned fetch errors."
Orvis,orvis.com,https://www.orvis.com/,NC,NC — orvis.com/stores locator blocked (robots disallowed; redirects to stores.orvis.com which lists 52 state/territory links with no counts or owned-vs-dealer split). VTDigger 2025-10-02: locator 'appeared to show at least 64 retail locations and five outlets'; Orvis closing 31 stores and 5 outlets by early 2026; company declined to confirm footprint — https://vtdigger.org/2025/10/02/orvis-to-close-36-locations-by-early-2026/,"Outdoor/country lifestyle: fly-fishing gear-led, plus men's/women's apparel, dog products, hunting, home goods, travel/schools (NOT clothing-led; also resells Barbour)",45 — Crossed Rods T-Shirt — https://www.orvis.com/product/crossed-rods-t-shirt/3LMS.html,449 — Men's PRO Fishing Jacket — https://www.orvis.com/product/mens-pro-fishing-jacket/3JA4.html,accessible,The Orvis Company,https://www.orvis.com/ (2026-10-08); https://stores.orvis.com/ (2026-10-08); https://www.orvis.com/men/shirts-t-shirts/t-shirts (2026-10-08); https://www.orvis.com/men/jackets-vests/jackets (2026-10-08); https://vtdigger.org/2025/10/02/orvis-to-close-36-locations-by-early-2026/ (2026-10-08); https://www.fox4news.com/news/orvis-closing-stores-tariffs (2026-10-08),"Claim '60-plus stores' is OUT OF DATE: Oct 2025 Orvis announced closure of 36 locations (31 stores + 5 outlets) by early 2026, citing tariffs, shifting to 550+ independent dealers. Arithmetic from VTDigger (≥64 − 31) implies roughly 33+ stores remain, but that is an estimate, not a reported figure — hence NC. Tee: $45 shared by 8 graphic tees (no sale prices shown). Outerwear: $449 tie (PRO Fishing Jacket / PRO ToughShell Jacket) is dearest Orvis-brand jacket; Barbour Ogston Waxed Jacket $515 is dearest item on page but third-party brand. Header brand reads 'The Orvis Company'."
Paul Stuart,paulstuart.com,https://www.paulstuart.com/,4,https://www.paulstuart.com/stores (read 2026-10-08): 'Our Stores' lists 4 — NYC flagship Madison Ave at 45th St; Chicago 822 N. Michigan Ave; Washington DC CityCenterDC 906 I St NW; Southampton NY 50 Main St. No outlets listed.,"Men's tailored clothing, sportswear, footwear, accessories; made-to-measure. Men's only on site nav. Clothing-led.",80 — Pima Interlock Logo T-Shirt — https://www.paulstuart.com/mens/sportswear/polos-and-t-shirts/pima-interlock-logo-t-shirt/201B0101-N680.html,6995 — Modern Suede Coat with Shearling Trim — https://www.paulstuart.com/mens/sportswear/outerwear/modern-suede-coat-with-shearling-trim/3281161-N302.html,premium,Paul Stuart,https://www.paulstuart.com/ (2026-10-08); https://www.paulstuart.com/stores (2026-10-08); https://www.paulstuart.com/mens/sportswear/polos-and-t-shirts/ (2026-10-08); https://www.paulstuart.com/mens/sportswear/outerwear/ (2026-10-08); https://www.paulstuart.com/mens/tailored-clothing/overcoats/ (2026-10-08),"Claim CONFIRMED in part: homepage says 'American, Since 1938'; Madison Ave flagship and Chicago store both listed. Claim is incomplete: also DC and Southampton stores (4 total). Tee price is the only tee among 48 of 70 items shown on the polos/tees page. Outerwear top from 42 items on outerwear page (overcoats page max 3495). Wordmark: logo is an image; text uses 'Paul Stuart'. Ownership not checked."
Pendleton,pendleton-usa.com,https://www.pendleton-usa.com/,21,"https://www.pendleton-usa.com/help-center/about-us/our-store-locations.html (page modified 2026-07-13, read 2026-10-08): 33 listed locations, 2 marked (A) affiliate 'not owned by Pendleton Woolen Mills' (Torrance CA, Jackson Hole WY) => 31 owned; of these 10 are at outlet/factory centers by name (Napa Factory Stores, Twin Cities Premium Outlets, Bend Factory Stores, Lincoln City Outlets, Seaside Factory Outlets, Columbia Gorge Premium Outlets, Woodburn Premium Outlets, Centralia Outlet Mall, North Bend Factory Stores, Seattle Premium Outlets) => 21 non-outlet (incl. 3 mill stores and PDX airport). Fact sheet https://www.pendleton-usa.com/company-fact-sheet.html: 'owns and operates more than 30 Pendleton stores across the United States.'","Wool blankets & home (first nav item, largest menu: blankets, bedding, bath/towels, pets) plus men's/women's apparel and accessories. FLAG: blankets/home-led, not clothing-led.",35 — Men's Flying Eagle Graphic Tee — https://www.pendleton-usa.com/product/mens-flying-eagle-graphic-tee/54339Z.html,625 — Men's Brownsville Shearling Collar Coat — https://www.pendleton-usa.com/product/mens-brownsville-shearling-collar-coat/54322Z.html,accessible,Pendleton,https://www.pendleton-usa.com/ (2026-10-08); https://www.pendleton-usa.com/help-center/about-us/our-store-locations.html (2026-10-08); https://www.pendleton-usa.com/company-fact-sheet.html (2026-10-08); https://www.pendleton-usa.com/men/mens-clothing/tees-sweatshirts/ (2026-10-08); https://www.pendleton-usa.com/men/mens-clothing/jackets-coats/ (2026-10-08),"FULL-PRICE/OUTLET SPLIT INFERRED FROM STORE NAMES. Claim 'own stores' CONFIRMED (31 owned incl. outlets; 10 outlet-center locations; 2 affiliates excluded). Outlet split inferred from store names (page has no type labels). Privately held, family-owned (fact sheet). Tee: $35 shared by 6 tees; only 20 of 37 items in tees & sweatshirts were visible. Outerwear: 20 of 21 items visible. Some tees are Pendleton Whisky licensed graphics."
Red Wing,redwingshoes.com,https://www.redwingshoes.com/,NC,"NC — Locator https://www.redwingshoes.com/stores filters only 'Red Wing Stores' vs 'Authorized Retailer' and gives no count or ownership. Third-party: FranNet page (modified 2026-03-13) says 519 / 'more than 525' locations, 'independently owned and operated by authorized dealers, not franchisees' ('over 390' and 'over 330' dealer-owned in different sections), no company-owned count. TCB Magazine 2011-01-16: 425 stores, 'nearly 70 percent' independently owned (stale).",Work/safety boots & shoes (main volume) plus Heritage lifestyle boots; some apparel & accessories. Footwear-led.,164.99 — Excelon Work #3093 Men's Safety Toe Oxford — https://www.redwingshoes.com/mens/work/shoes/excelon-03093.html,549.99 — Engineer Heritage #2966 — https://www.redwingshoes.com/mens/heritage/engineer-02966.html,premium,Red Wing Shoes,https://www.redwingshoes.com/ (2026-10-08); https://www.redwingshoes.com/stores?currency=USD (2026-10-08); https://www.redwingshoes.com/mens/heritage/?currency=USD (2026-10-08); https://www.redwingshoes.com/mens/work/?currency=USD (2026-10-08); https://frannet.com/franchise-directory/red-wing-shoe-company/ (2026-10-08); https://tcbmag.com/red-wing-shoe-to-open-125-stores-in-5-years/ (2026-10-08),"Claim 'hundreds of own US stores' NOT SUPPORTED: sources describe most Red Wing stores as dealer-owned (independent, not franchised); company-owned count not found; Heritage vs work store split not found. Heritage is a sub-line on redwingshoes.com (redwingheritage.com 302-redirects to redwingshoes.com/heritage/). Prices from first page only (Heritage 24 of 56; Work 24 of 211); sort-by-price URLs blocked by robots.txt, so true min/max not confirmed. Cheaper item seen: WORX sub-brand Essentials #5080 Oxford $109.99 (https://www.redwingshoes.com/worx/essentials-05080.html), excluded as separate sub-brand. Heritage cheapest seen $259.99 (Weekender Oxford #3318). Dearest work boot seen $374.99 (SuperSole 2.0 #2412). Site credits 'Red Wing Brands of America, Inc.'"
Stüssy,stussy.com,https://www.stussy.com/,4,"https://www.stussy.com/blogs/chapters (Chapter Directory, read 2026-10-08): 34 stores worldwide; US Stüssy-branded chapters: Los Angeles (no address listed), New York (50 Prince St), Honolulu (2233 Kalakaua Ave), Santa Ana CA (200 E 4th St). Also lists DSM Los Angeles and DSM New York (Dover Street Market spaces, not counted) and Stüssy Guam (US territory, not counted).","Streetwear apparel: tees, sweats, outerwear, denim, headwear, swim, accessories. Clothing-led.",45 — Fresh Foils Tee — https://www.stussy.com/products/1905216-fresh-foils-tee-faded-black,325 — Ultra Lightweight Nylon Trench — https://www.stussy.com/products/115983-ultra-lightweight-nylon-trench-black,accessible,Stüssy,https://www.stussy.com/ (2026-10-08); https://www.stussy.com/blogs/chapters (2026-10-08); https://www.stussy.com/collections/tees/products.json (2026-10-08); https://www.stussy.com/collections/outerwear/products.json (2026-10-08),"Claim 'own stores in NYC, LA, SF, Honolulu' PARTLY CONTRADICTED: no San Francisco chapter in directory; Santa Ana CA is listed instead. Directory does not state whether chapters are company-owned or operated by partners, so '4' = US Stüssy chapter stores, ownership unverified. Wordmark: site title 'Stüssy', footer 'STÜSSY'. All tees seen (~24 listings over 3 pages) were $45; no basics collection found. Outerwear collection had only 6 products at time of check."
Supreme,supreme.com,https://us.supreme.com/,5,"https://us.fashionnetwork.com/news/Supreme-opens-first-chicago-store,1462304.html (published 2022-11-25): Chicago (1438 N. Milwaukee Ave) is Supreme's 15th global and 5th US store; other US stores Manhattan, Brooklyn, San Francisco, Los Angeles. Supreme's own store page (supreme.com/stores, us.supreme.com/pages/stores) could not be read. Count is as of Nov 2022.","Streetwear apparel, outerwear, skate goods, accessories and collaborations. Clothing-led.",44 — Sharp Tee — https://us.supreme.com/products/kqbt6gkibk_ki6os,498 — GORE-TEX N-2B Jacket — https://us.supreme.com/products/x-lby1v0c1hffdyc,premium,Supreme,"https://www.supremenewyork.com (2026-10-08, 302 to supreme.com); https://us.supreme.com/pages/shop (2026-10-08); https://us.supreme.com/products/kqbt6gkibk_ki6os (2026-10-08); https://us.supreme.com/products/x-lby1v0c1hffdyc (2026-10-08); https://us.fashionnetwork.com/news/Supreme-opens-first-chicago-store,1462304.html (2026-10-08); https://www.globenewswire.com/news-release/2024/10/02/2956685/0/en/EssilorLuxottica-Completes-Acquisition-of-Supreme-from-VF-Corporation.html (2026-10-08)","COUNT FROM NOV 2022 PRESS; own stores page did not load. Domain on file supremenewyork.com 302-redirects to supreme.com; US shop is us.supreme.com. Claim 'NYC, LA, SF, Chicago' CONFIRMED as of Nov 2022 but omits Brooklyn (NYC has 2: Manhattan + Brooklyn). Ownership CONFIRMED: EssilorLuxottica closed acquisition from VF on 2024-10-02. US openings after Nov 2022 not checked. Tees: 7 single tees on shop page priced $44-58 (Sharp, Growl, Tears, Pills at $44); Supreme/Hanes Tagless Tees 3-pack is $30. Outerwear: highest of 3 jackets on shop page; drop-based catalog changes weekly."
The North Face,thenorthface.com,https://www.thenorthface.com/en-us,NC,NC for US. VF Corp 10-K FY ended 2025-03-29 (https://www.sec.gov/Archives/edgar/data/103379/000010337925000023/vfc-20250329.htm): The North Face sold in 'approximately 285 VF-operated stores' worldwide; no US split and no outlet/full-price split by brand (VF-wide: ~56% of stores in the US).,"Outdoor apparel, outerwear, footwear, packs and equipment (tents, sleeping bags). Clothing-led, with gear.",35 — Men's Evolution TNF Diamond Regular Short-Sleeve Tee — https://www.thenorthface.com/en-us/p/mens-211701/mens-evolution-tnf-diamond-regular-short-sleeve-tee-NF0A8JPX,950 — Men's McMurdo 2L GORE-TEX Down Parka — https://www.thenorthface.com/en-us/p/shop-all/fall-layers/mens-fall-layers-829860/mens-mcmurdo-2l-gore-tex-down-parka-NF0A89GS,accessible,The North Face,https://www.thenorthface.com/en-us (2026-10-08); https://www.thenorthface.com/en-us/c/mens/mens-tops/mens-t-shirts-213137 (2026-10-08); https://www.thenorthface.com/en-us/c/mens/mens-jackets-and-vests/mens-parkas-300775 (2026-10-08); https://www.thenorthface.com/en-us/c/mens/mens-jackets-and-vests/mens-ski-and-snowboarding-jackets-299293 (2026-10-08); https://www.sec.gov/Archives/edgar/data/103379/000010337925000023/vfc-20250329.htm (2026-10-08),"Claim 'own stores' CONFIRMED at global level (~285 VF-operated stores, FY2025 10-K) but US count not established. Owned by VF Corporation. Wordmark: site writes 'The North Face®' in title case (logo graphic not inspected; logo is commonly all-caps). Tee: $35 shared by several tees; only 12 of 48 shown tees had prices. Outerwear top: all 7 parkas priced, max $950; snow page max seen $850 (12 of 26 priced); full jacket catalog (122) not exhaustively priced. Store locator https://www.thenorthface.com/en-us/more/store-locator not read."
Tod's,tods.com,NC,NC,NC,Italian leather goods house; shoe-led (Gommino driving shoes/loafers) plus bags and accessories; some ready-to-wear (not clothing-led),NC,NC,true luxury,TOD'S,https://www.tods.com/ (fetch error 2026-10-08); https://theimpression.com/?p=11193962 (2026-10-08),"tods.com and tods.com/us-en/ returned fetch errors every time (likely blocked); no prices or store count read. Claim 'US stores' is plausibly true but count not established: The Impression (21 Nov 2023) reports a Tod's Madison Avenue flagship at 650 Madison Ave, NYC; per search snippets there are also Tod's listings at NorthPark Center (Dallas) and Buckhead Atlanta (patch.com). Store count left NC. Wordmark taken from brief's example, not verified on site."
Tommy Hilfiger,usa.tommy.com,https://usa.tommy.com/en,NC,NC,"Mass/accessible apparel: men's, women's, kids', Tommy Jeans, shoes and accessories; site also has a 'Factory' (outlet) section",39.50 — Everyday T-Shirt — https://usa.tommy.com/en/men/clothing/tops/everyday-t-shirt/78JA560-100.html,1449 — New York Label Shearling Leather Aviator Jacket — https://usa.tommy.com/en/men/clothing/jackets/new-york-label-shearling-leather-aviator-jacket/MW44838-BDS.html,accessible,TOMMY HILFIGER,https://usa.tommy.com/en (2026-10-08); https://usa.tommy.com/en/men/clothing/t-shirts?srule=price-low-to-high (2026-10-08); https://usa.tommy.com/en/men/clothing/jackets?srule=price-high-to-low (2026-10-08); https://www.sec.gov/Archives/edgar/data/78239/000007823925000018/pvh-20250202.htm (2026-10-08); https://stores.tommy.com/store-locator (2026-10-08),"US store count NC: PVH 10-K for FY ended 2 Feb 2025 says only 'Our stores in North America are primarily located in premium outlet centers' (no count found in the text read); the store locator (stores.tommy.com) loads stores dynamically and fetches showed no list or count. US fleet is mostly outlets. Tee: $39.50 is the lowest original price seen (several were marked down to $15.80). Many tees were on sale, and the cheapest showed $49.50 original / $14.85 sale. Outerwear: the list was sorted by sale price; the $1,449 aviator was on sale at $1,014.30 and was the highest original price seen. Most regular jackets were $139-$329. Claim test: full-price US pricing ($39.50 tees, ~$140-330 jackets) plus an outlet-led US fleet puts it at accessible, above mass and below premium."
Tracksmith,tracksmith.com,https://www.tracksmith.com/,2,"https://help.tracksmith.com/en-US/do-you-have-a-retail-location-415095 (fetched 2026-10-08; page 'updated 2 months ago') lists 2 retail locations: Trackhouse Boston, 285 Newbury St, Boston MA; Trackhouse New York, 147 Wythe Ave, Brooklyn NY. Confirmed by https://www.tracksmith.com/pages/trackhouse and https://tracksmith.com/pages/trackhouse-new-york",Running apparel (performance and lifestyle) plus running footwear,65 — Grayboy Tee - Tracksmith — https://www.tracksmith.com/products/grayboy-tee-tracksmith,400 — Downpour Jacket — https://www.tracksmith.com/products/m-downpour-jacket,premium,Tracksmith,https://www.tracksmith.com/collections/mens-tees (2026-10-08); https://www.tracksmith.com/collections/mens-jackets (2026-10-08); https://help.tracksmith.com/en-US/do-you-have-a-retail-location-415095 (2026-10-08); https://tracksmith.com/pages/trackhouse-new-york (2026-10-08),"Claim 'Trackhouses in Boston, NYC, Wellesley' is partly wrong. There are Boston (Newbury St, also corporate offices) and NYC (it is in Brooklyn, Williamsburg). No Wellesley store is listed. Wellesley was an earlier HQ (per search snippet: Swellesley Report 2016 'tracksmith coasts into 1 crest rd in wellesley'). The brand also sells through third-party retail partners (not counted). London hub exists per search snippet (insider.fitt.co 2023); it is not US. Wordmark casing not verified; key repeated."
Uniqlo,uniqlo.com,https://www.uniqlo.com/us/en/,87,"https://www.fastretailing.com/eng/group/strategy/northamerica.html (fetched 2026-10-08): USA 'Number of Stores: 87 stores (As of September 30, 2026)' (Canada 39 separately). Older: https://www.fastretailing.com/eng/group/shoplist/ shows USA 77 as of Nov 30, 2025","Basics-led mass apparel for men, women, kids (LifeWear); clothing-led",19.90 — Boxy Cropped T-Shirt — https://www.uniqlo.com/us/en/products/E487962-000/00?colorDisplayCode=00,179.90 — Hybrid Down Parka — https://www.uniqlo.com/us/en/products/E480045-000/00?colorDisplayCode=32,mass,UNIQLO,https://www.uniqlo.com/us/en/ (2026-10-08); https://www.uniqlo.com/us/en/men/tops/t-shirts (2026-10-08); https://www.uniqlo.com/us/en/men/outerwear-and-blazers (2026-10-08); https://www.fastretailing.com/eng/group/strategy/northamerica.html (2026-10-08),"Claim 'mass' is confirmed. Tee: the Crew Neck T-Shirt also showed $19.90, but labelled a limited-time offer until 10/8; $14.90 items were sale prices, which were excluded. Outerwear: the page showed 36 of 50 items, so the top price is the highest full price seen, not a full scan. US count is all Uniqlo-operated stores (no outlet channel). The count rose quickly: 77 (Nov 2025) to 87 (Sep 2026)."
UNTUCKit,untuckit.com,https://www.untuckit.com/,NC,NC,"Men's shirts designed to be worn untucked (core), plus tees, sweaters, pants and outerwear; some women's",39.50 — Ultrasoft Tee — https://www.untuckit.com/collections/tees-henleys/products/saxum-white,188 — Quilted City Jacket — https://www.untuckit.com/collections/outerwear/products/gardner,accessible,UNTUCKit,https://www.untuckit.com/ (2026-10-08); https://www.untuckit.com/blogs/store-locations (2026-10-08); https://www.untuckit.com/collections/tees-henleys (2026-10-08); https://www.untuckit.com/collections/outerwear (2026-10-08); https://www.costar.com/article/1942664312/untuckit-finds-new-owner-as-brand-looks-to-expand (2026-10-08),"Claim '80-plus US stores' is not supported. The brand's store-locations page says 'more than 80 store locations throughout the United States and Canada' (combined, no split), and CoStar (1 Sep 2026) says more than 70 stores in total. The US-only count was not established, so it is NC. Ownership: CoStar 1 Sep 2026 reports the brand was acquired by Randa Apparel. Tee: the Performance Tee is also $39.50 but was 10% off; the Ultrasoft Tee is full price."
Woolrich,woolrich.us,https://woolrich.us/,NC,NC,"Outdoor/heritage apparel: outerwear (parkas, down, wool), shirts, knitwear, accessories; men's and women's",95 — Crewneck T-Shirt in Pure Cotton with Print — https://woolrich.us/collections/mens-tops/products/heavy-jersey-graphic-t-shirt-bison,765 — Cloud Arctic Parka with Hood — https://woolrich.us/collections/mens-outerwear/products/cloud-parka-dusty-olive,premium,Woolrich,"https://woolrich.us/ (2026-10-08); https://woolrich.us/collections/mens-tops (2026-10-08); https://woolrich.us/collections/mens-outerwear (2026-10-08); https://us.fashionnetwork.com/news/Basicnet-acquires-woolrich-europe-operations-for-40-million,1782165.html (2026-10-08); https://en.wikipedia.org/wiki/Woolrich (2026-10-08); https://fashionunited.uk/news/retail/woolrich-opens-doors-to-new-nyc-flagship-store/2019090945180 (2026-10-08); https://mr-mag.com/woolrich-john-rich-bros-opens-first-u-s-store/ (2026-10-08)","woolrich.com 302-redirects to woolrich.us (footer: '© 2026 Woolrich USA'). Ownership: the Italian-run Woolrich International took over the US Woolrich Inc. in 2016; L-GAM has controlled it since 2018. In Nov 2025, BasicNet agreed to buy the European rights and Woolrich Europe S.p.A., and Baoxiniao Holdings acquired the Woolrich IP for all territories outside Europe, including the US (FashionNetwork, 12 Nov 2025). Who operates US retail today was not established. Store count NC: Wikipedia says three North American stores remained as of 2023 (Woolrich PA; SoHo NYC; Woodbury NY), but this was not verified as current. woolrich.us has no store locator; its timeline says only that flagships opened in Milan, Tokyo and NYC in 2005. NYC flagship history: 125 Wooster St opened Sept 2014 (MR Mag); a new flagship at 121 Wooster St opened Sept 2019 (FashionUnited). Whether it is still open is NC. Claim 'oldest US outdoor brand': the site says only 'American Heritage Since 1830' and does not say 'oldest'; Wikipedia states 'oldest manufacturer of outdoor wear in the United States'. The last US plant (Woolrich, PA) was announced closed in 2018 (Wikipedia). Wordmark casing not verified."
