shop,city,state,zip_on_file,website_on_file,note
Coast To Country Outfitters,Newport,RI,02840,,street address missing
Sail Loft Clothing,Newport,RI,02840,,street address missing
Larrimor's,Pittsburgh,PA,,,street address missing
Heinz Healey's,Pittsburgh,PA,,,street address missing
Vestis,Pittsburgh,PA,,,street address missing
Franklin & Poe,Philadelphia,PA,,,street address missing
Oxford & Derby,Warrendale,PA,,,street address missing
Out There Outfitters,Wayne,PA,,,street address missing
TONS,Pittsburgh,PA,,,street address missing
Moda,Pittsburgh,PA,,,street address missing
Totem Brand Co.,Philadelphia,PA,,,street address missing
Hans Clothier,Far Hills,NJ,,,street address missing
City Workshop Men's Supply Co.,Maplewood,NJ,,,street address missing
John Hyatt Clothing,Summit,NJ,,,street address missing
Evolve Clothing Gallery,Somerville,NJ,,,street address missing
580 South,Livingston,NJ,,,street address missing
Galvanic,Cape May,NJ,,,street address missing
New Hour Clothing,Asbury Park,NJ,,,street address missing
Sink R Swim,Long Beach Township,NJ,,,street address missing
Post & Rail Men's Shop,Ligonier,PA,,,street address missing
Hassis Men's Shop,Newtown Square,PA,,,street address missing
Weitzenkorn's,Phoenixville,PA,,,street address missing
assembly88,Allentown,PA,,,street address missing
Harpers,State College,PA,,,street address missing
Trail Creek Outfitters,Kennett Square,PA,,,street address missing
Millers of Johnstown,Johnstown,PA,,,street address missing
Englund's Apparel for Men,Malvern,PA,,,street address missing
Phineas Gage,West Chester,PA,,,street address missing
Lapels,Greensburg,PA,,,street address missing
700 Shop,Indiana,PA,,,street address missing
Giovanni's Fine Fashions,Newtown,PA,,,street address missing
Cove Creek Outfitters,Bedford,PA,,,street address missing
Burlap and Bourbon,Scranton,PA,,,street address missing
