brand,tee_low,tee_low_product,tee_low_url,tee_high,tee_high_product,tee_high_url,tee_basis,polo_low,polo_low_product,polo_low_url,polo_high,polo_high_product,polo_high_url,polo_basis,dress_shirt_low,dress_shirt_low_product,dress_shirt_low_url,dress_shirt_high,dress_shirt_high_product,dress_shirt_high_url,dress_shirt_basis,jeans_low,jeans_low_product,jeans_low_url,jeans_high,jeans_high_product,jeans_high_url,jeans_basis,dress_pants_low,dress_pants_low_product,dress_pants_low_url,dress_pants_high,dress_pants_high_product,dress_pants_high_url,dress_pants_basis,sweater_low,sweater_low_product,sweater_low_url,sweater_high,sweater_high_product,sweater_high_url,sweater_basis,outerwear_low,outerwear_low_product,outerwear_low_url,outerwear_high,outerwear_high_product,outerwear_high_url,outerwear_basis,shoes_low,shoes_low_product,shoes_low_url,shoes_high,shoes_high_product,shoes_high_url,shoes_basis,store_used,currency,search_url,sublines_included,status,read_date,source,note
Levi's,NC,NC,NC,NC,NC,NC,NC,NC,NC,NC,NC,NC,NC,NC,NC,NC,NC,NC,NC,NC,NC,NC,NC,NC,NC,NC,NC,NC,NC,NC,NC,NC,NC,NC,NC,NC,NC,NC,NC,NC,NC,NC,NC,NC,NC,NC,NC,NC,NC,NC,NC,NC,NC,NC,NC,NC,levi.com,NC,https://www.levi.com/US/en_US/search/,NC,NC,NC,NC,NC
Carhartt,NC,NC,NC,NC,NC,NC,NC,NC,NC,NC,NC,NC,NC,NC,NC,NC,NC,NC,NC,NC,NC,NC,NC,NC,NC,NC,NC,NC,NC,NC,NC,NC,NC,NC,NC,NC,NC,NC,NC,NC,NC,NC,NC,NC,NC,NC,NC,NC,NC,NC,NC,NC,NC,NC,NC,NC,carhartt.com,NC,NC,NC,NC,NC,NC,NC
Lacoste,NC,NC,NC,NC,NC,NC,NC,NC,NC,NC,NC,NC,NC,NC,NC,NC,NC,NC,NC,NC,NC,NC,NC,NC,NC,NC,NC,NC,NC,NC,NC,NC,NC,NC,NC,NC,NC,NC,NC,NC,NC,NC,NC,NC,NC,NC,NC,NC,NC,NC,NC,NC,NC,NC,NC,NC,lacoste.com,NC,https://www.lacoste.com/us/search?q=,NC,NC,NC,NC,NC
Mack Weldon,NC,NC,NC,NC,NC,NC,NC,NC,NC,NC,NC,NC,NC,NC,NC,NC,NC,NC,NC,NC,NC,NC,NC,NC,NC,NC,NC,NC,NC,NC,NC,NC,NC,NC,NC,NC,NC,NC,NC,NC,NC,NC,NC,NC,NC,NC,NC,NC,NC,NC,NC,NC,NC,NC,NC,NC,mackweldon.com,NC,https://mackweldon.com/search?q=,NC,NC,NC,NC,NC
Charles Tyrwhitt,NC,NC,NC,NC,NC,NC,NC,NC,NC,NC,NC,NC,NC,NC,NC,NC,NC,NC,NC,NC,NC,NC,NC,NC,NC,NC,NC,NC,NC,NC,NC,NC,NC,NC,NC,NC,NC,NC,NC,NC,NC,NC,NC,NC,NC,NC,NC,NC,NC,NC,NC,NC,NC,NC,NC,NC,charlestyrwhitt.com,NC,https://www.charlestyrwhitt.com/us/search?q=,NC,NC,NC,NC,NC
Son of a Tailor,NC,NC,NC,NC,NC,NC,NC,NC,NC,NC,NC,NC,NC,NC,NC,NC,NC,NC,NC,NC,NC,NC,NC,NC,NC,NC,NC,NC,NC,NC,NC,NC,NC,NC,NC,NC,NC,NC,NC,NC,NC,NC,NC,NC,NC,NC,NC,NC,NC,NC,NC,NC,NC,NC,NC,NC,sonofatailor.com,NC,NC,NC,NC,NC,NC,NC
Mott & Bow,NC,NC,NC,NC,NC,NC,NC,NC,NC,NC,NC,NC,NC,NC,NC,NC,NC,NC,NC,NC,NC,NC,NC,NC,NC,NC,NC,NC,NC,NC,NC,NC,NC,NC,NC,NC,NC,NC,NC,NC,NC,NC,NC,NC,NC,NC,NC,NC,NC,NC,NC,NC,NC,NC,NC,NC,mottandbow.com,NC,https://www.mottandbow.com/search?q=,NC,NC,NC,NC,NC
J.Crew,NC,NC,NC,NC,NC,NC,NC,NC,NC,NC,NC,NC,NC,NC,NC,NC,NC,NC,NC,NC,NC,NC,NC,NC,NC,NC,NC,NC,NC,NC,NC,NC,NC,NC,NC,NC,NC,NC,NC,NC,NC,NC,NC,NC,NC,NC,NC,NC,NC,NC,NC,NC,NC,NC,NC,NC,jcrew.com,NC,https://www.jcrew.com/search2?Ntrm=,NC,NC,NC,NC,NC
Banana Republic,NC,NC,NC,NC,NC,NC,NC,NC,NC,NC,NC,NC,NC,NC,NC,NC,NC,NC,NC,NC,NC,NC,NC,NC,NC,NC,NC,NC,NC,NC,NC,NC,NC,NC,NC,NC,NC,NC,NC,NC,NC,NC,NC,NC,NC,NC,NC,NC,NC,NC,NC,NC,NC,NC,NC,NC,bananarepublic.gap.com,NC,https://bananarepublic.gap.com/browse/search.do?searchText=,NC,NC,NC,NC,NC
Everlane,NC,NC,NC,NC,NC,NC,NC,NC,NC,NC,NC,NC,NC,NC,NC,NC,NC,NC,NC,NC,NC,NC,NC,NC,NC,NC,NC,NC,NC,NC,NC,NC,NC,NC,NC,NC,NC,NC,NC,NC,NC,NC,NC,NC,NC,NC,NC,NC,NC,NC,NC,NC,NC,NC,NC,NC,everlane.com,NC,https://www.everlane.com/search?q=,NC,NC,NC,NC,NC
Alex Crane,NC,NC,NC,NC,NC,NC,NC,NC,NC,NC,NC,NC,NC,NC,NC,NC,NC,NC,NC,NC,NC,NC,NC,NC,NC,NC,NC,NC,NC,NC,NC,NC,NC,NC,NC,NC,NC,NC,NC,NC,NC,NC,NC,NC,NC,NC,NC,NC,NC,NC,NC,NC,NC,NC,NC,NC,alexcrane.co,NC,https://alexcrane.co/search?q=,NC,NC,NC,NC,NC
Industry of All Nations,NC,NC,NC,NC,NC,NC,NC,NC,NC,NC,NC,NC,NC,NC,NC,NC,NC,NC,NC,NC,NC,NC,NC,NC,NC,NC,NC,NC,NC,NC,NC,NC,NC,NC,NC,NC,NC,NC,NC,NC,NC,NC,NC,NC,NC,NC,NC,NC,NC,NC,NC,NC,NC,NC,NC,NC,industryofallnations.com,NC,https://industryofallnations.com/search?q=,NC,NC,NC,NC,NC
Marine Layer,NC,NC,NC,NC,NC,NC,NC,NC,NC,NC,NC,NC,NC,NC,NC,NC,NC,NC,NC,NC,NC,NC,NC,NC,NC,NC,NC,NC,NC,NC,NC,NC,NC,NC,NC,NC,NC,NC,NC,NC,NC,NC,NC,NC,NC,NC,NC,NC,NC,NC,NC,NC,NC,NC,NC,NC,marinelayer.com,NC,https://www.marinelayer.com/search?q=,NC,NC,NC,NC,NC
Cuts Clothing,NC,NC,NC,NC,NC,NC,NC,NC,NC,NC,NC,NC,NC,NC,NC,NC,NC,NC,NC,NC,NC,NC,NC,NC,NC,NC,NC,NC,NC,NC,NC,NC,NC,NC,NC,NC,NC,NC,NC,NC,NC,NC,NC,NC,NC,NC,NC,NC,NC,NC,NC,NC,NC,NC,NC,NC,cutsclothing.com,NC,https://www.cutsclothing.com/search?q=,NC,NC,NC,NC,NC
Bonobos,NC,NC,NC,NC,NC,NC,NC,NC,NC,NC,NC,NC,NC,NC,NC,NC,NC,NC,NC,NC,NC,NC,NC,NC,NC,NC,NC,NC,NC,NC,NC,NC,NC,NC,NC,NC,NC,NC,NC,NC,NC,NC,NC,NC,NC,NC,NC,NC,NC,NC,NC,NC,NC,NC,NC,NC,bonobos.com,NC,https://bonobos.com/search?q=,NC,NC,NC,NC,NC
Vuori,NC,NC,NC,NC,NC,NC,NC,NC,NC,NC,NC,NC,NC,NC,NC,NC,NC,NC,NC,NC,NC,NC,NC,NC,NC,NC,NC,NC,NC,NC,NC,NC,NC,NC,NC,NC,NC,NC,NC,NC,NC,NC,NC,NC,NC,NC,NC,NC,NC,NC,NC,NC,NC,NC,NC,NC,vuoriclothing.com,NC,https://vuoriclothing.com/search?q=,NC,NC,NC,NC,NC
Rothy's,NC,NC,NC,NC,NC,NC,NC,NC,NC,NC,NC,NC,NC,NC,NC,NC,NC,NC,NC,NC,NC,NC,NC,NC,NC,NC,NC,NC,NC,NC,NC,NC,NC,NC,NC,NC,NC,NC,NC,NC,NC,NC,NC,NC,NC,NC,NC,NC,NC,NC,NC,NC,NC,NC,NC,NC,rothys.com,NC,https://rothys.com/search?q=,NC,NC,NC,NC,NC
Lululemon,NC,NC,NC,NC,NC,NC,NC,NC,NC,NC,NC,NC,NC,NC,NC,NC,NC,NC,NC,NC,NC,NC,NC,NC,NC,NC,NC,NC,NC,NC,NC,NC,NC,NC,NC,NC,NC,NC,NC,NC,NC,NC,NC,NC,NC,NC,NC,NC,NC,NC,NC,NC,NC,NC,NC,NC,shop.lululemon.com,NC,https://shop.lululemon.com/search?Ntt=,NC,NC,NC,NC,NC
Alo,NC,NC,NC,NC,NC,NC,NC,NC,NC,NC,NC,NC,NC,NC,NC,NC,NC,NC,NC,NC,NC,NC,NC,NC,NC,NC,NC,NC,NC,NC,NC,NC,NC,NC,NC,NC,NC,NC,NC,NC,NC,NC,NC,NC,NC,NC,NC,NC,NC,NC,NC,NC,NC,NC,NC,NC,aloyoga.com,NC,https://www.aloyoga.com/search?q=,NC,NC,NC,NC,NC
Southern Tide,NC,NC,NC,NC,NC,NC,NC,NC,NC,NC,NC,NC,NC,NC,NC,NC,NC,NC,NC,NC,NC,NC,NC,NC,NC,NC,NC,NC,NC,NC,NC,NC,NC,NC,NC,NC,NC,NC,NC,NC,NC,NC,NC,NC,NC,NC,NC,NC,NC,NC,NC,NC,NC,NC,NC,NC,southerntide.com,NC,https://southerntide.com/search?q=,NC,NC,NC,NC,NC
Rhoback,NC,NC,NC,NC,NC,NC,NC,NC,NC,NC,NC,NC,NC,NC,NC,NC,NC,NC,NC,NC,NC,NC,NC,NC,NC,NC,NC,NC,NC,NC,NC,NC,NC,NC,NC,NC,NC,NC,NC,NC,NC,NC,NC,NC,NC,NC,NC,NC,NC,NC,NC,NC,NC,NC,NC,NC,rhoback.com,NC,https://rhoback.com/search?q=,NC,NC,NC,NC,NC
Criquet,NC,NC,NC,NC,NC,NC,NC,NC,NC,NC,NC,NC,NC,NC,NC,NC,NC,NC,NC,NC,NC,NC,NC,NC,NC,NC,NC,NC,NC,NC,NC,NC,NC,NC,NC,NC,NC,NC,NC,NC,NC,NC,NC,NC,NC,NC,NC,NC,NC,NC,NC,NC,NC,NC,NC,NC,criquetshirts.com,NC,https://criquetshirts.com/search?q=,NC,NC,NC,NC,NC
Taylor Stitch,NC,NC,NC,NC,NC,NC,NC,NC,NC,NC,NC,NC,NC,NC,NC,NC,NC,NC,NC,NC,NC,NC,NC,NC,NC,NC,NC,NC,NC,NC,NC,NC,NC,NC,NC,NC,NC,NC,NC,NC,NC,NC,NC,NC,NC,NC,NC,NC,NC,NC,NC,NC,NC,NC,NC,NC,taylorstitch.com,NC,https://www.taylorstitch.com/search?q=,NC,NC,NC,NC,NC
Outerknown,NC,NC,NC,NC,NC,NC,NC,NC,NC,NC,NC,NC,NC,NC,NC,NC,NC,NC,NC,NC,NC,NC,NC,NC,NC,NC,NC,NC,NC,NC,NC,NC,NC,NC,NC,NC,NC,NC,NC,NC,NC,NC,NC,NC,NC,NC,NC,NC,NC,NC,NC,NC,NC,NC,NC,NC,outerknown.com,NC,https://www.outerknown.com/search?q=,NC,NC,NC,NC,NC
Patagonia,NC,NC,NC,NC,NC,NC,NC,NC,NC,NC,NC,NC,NC,NC,NC,NC,NC,NC,NC,NC,NC,NC,NC,NC,NC,NC,NC,NC,NC,NC,NC,NC,NC,NC,NC,NC,NC,NC,NC,NC,NC,NC,NC,NC,NC,NC,NC,NC,NC,NC,NC,NC,NC,NC,NC,NC,patagonia.com,NC,https://www.patagonia.com/search/?q=,NC,NC,NC,NC,NC
Finisterre,NC,NC,NC,NC,NC,NC,NC,NC,NC,NC,NC,NC,NC,NC,NC,NC,NC,NC,NC,NC,NC,NC,NC,NC,NC,NC,NC,NC,NC,NC,NC,NC,NC,NC,NC,NC,NC,NC,NC,NC,NC,NC,NC,NC,NC,NC,NC,NC,NC,NC,NC,NC,NC,NC,NC,NC,finisterre.com,NC,https://finisterre.com/search?q=,NC,NC,NC,NC,NC
Faherty,NC,NC,NC,NC,NC,NC,NC,NC,NC,NC,NC,NC,NC,NC,NC,NC,NC,NC,NC,NC,NC,NC,NC,NC,NC,NC,NC,NC,NC,NC,NC,NC,NC,NC,NC,NC,NC,NC,NC,NC,NC,NC,NC,NC,NC,NC,NC,NC,NC,NC,NC,NC,NC,NC,NC,NC,fahertybrand.com,NC,https://fahertybrand.com/search?q=,NC,NC,NC,NC,NC
Rodd & Gunn,NC,NC,NC,NC,NC,NC,NC,NC,NC,NC,NC,NC,NC,NC,NC,NC,NC,NC,NC,NC,NC,NC,NC,NC,NC,NC,NC,NC,NC,NC,NC,NC,NC,NC,NC,NC,NC,NC,NC,NC,NC,NC,NC,NC,NC,NC,NC,NC,NC,NC,NC,NC,NC,NC,NC,NC,roddandgunn.com,NC,https://www.roddandgunn.com/search?q=,NC,NC,NC,NC,NC
Rowan,NC,NC,NC,NC,NC,NC,NC,NC,NC,NC,NC,NC,NC,NC,NC,NC,NC,NC,NC,NC,NC,NC,NC,NC,NC,NC,NC,NC,NC,NC,NC,NC,NC,NC,NC,NC,NC,NC,NC,NC,NC,NC,NC,NC,NC,NC,NC,NC,NC,NC,NC,NC,NC,NC,NC,NC,forrowan.com,NC,https://forrowan.com/search?q=,NC,NC,NC,NC,NC
Mizzen+Main,NC,NC,NC,NC,NC,NC,NC,NC,NC,NC,NC,NC,NC,NC,NC,NC,NC,NC,NC,NC,NC,NC,NC,NC,NC,NC,NC,NC,NC,NC,NC,NC,NC,NC,NC,NC,NC,NC,NC,NC,NC,NC,NC,NC,NC,NC,NC,NC,NC,NC,NC,NC,NC,NC,NC,NC,mizzenandmain.com,NC,https://www.mizzenandmain.com/search?q=,NC,NC,NC,NC,NC
State & Liberty,NC,NC,NC,NC,NC,NC,NC,NC,NC,NC,NC,NC,NC,NC,NC,NC,NC,NC,NC,NC,NC,NC,NC,NC,NC,NC,NC,NC,NC,NC,NC,NC,NC,NC,NC,NC,NC,NC,NC,NC,NC,NC,NC,NC,NC,NC,NC,NC,NC,NC,NC,NC,NC,NC,NC,NC,stateandliberty.com,NC,https://stateandliberty.com/search?q=,NC,NC,NC,NC,NC
Rhone,NC,NC,NC,NC,NC,NC,NC,NC,NC,NC,NC,NC,NC,NC,NC,NC,NC,NC,NC,NC,NC,NC,NC,NC,NC,NC,NC,NC,NC,NC,NC,NC,NC,NC,NC,NC,NC,NC,NC,NC,NC,NC,NC,NC,NC,NC,NC,NC,NC,NC,NC,NC,NC,NC,NC,NC,rhone.com,NC,https://www.rhone.com/search?q=,NC,NC,NC,NC,NC
J.Lindeberg,NC,NC,NC,NC,NC,NC,NC,NC,NC,NC,NC,NC,NC,NC,NC,NC,NC,NC,NC,NC,NC,NC,NC,NC,NC,NC,NC,NC,NC,NC,NC,NC,NC,NC,NC,NC,NC,NC,NC,NC,NC,NC,NC,NC,NC,NC,NC,NC,NC,NC,NC,NC,NC,NC,NC,NC,www.jlindebergusa.com,NC,https://www.jlindebergusa.com/search?q=,NC,NC,NC,NC,NC
TravisMathew,NC,NC,NC,NC,NC,NC,NC,NC,NC,NC,NC,NC,NC,NC,NC,NC,NC,NC,NC,NC,NC,NC,NC,NC,NC,NC,NC,NC,NC,NC,NC,NC,NC,NC,NC,NC,NC,NC,NC,NC,NC,NC,NC,NC,NC,NC,NC,NC,NC,NC,NC,NC,NC,NC,NC,NC,travismathew.com,NC,https://www.travismathew.com/search?q=,NC,NC,NC,NC,NC
Malbon,NC,NC,NC,NC,NC,NC,NC,NC,NC,NC,NC,NC,NC,NC,NC,NC,NC,NC,NC,NC,NC,NC,NC,NC,NC,NC,NC,NC,NC,NC,NC,NC,NC,NC,NC,NC,NC,NC,NC,NC,NC,NC,NC,NC,NC,NC,NC,NC,NC,NC,NC,NC,NC,NC,NC,NC,malbon.com,NC,https://malbon.com/search?q=,NC,NC,NC,NC,NC
Redvanly,NC,NC,NC,NC,NC,NC,NC,NC,NC,NC,NC,NC,NC,NC,NC,NC,NC,NC,NC,NC,NC,NC,NC,NC,NC,NC,NC,NC,NC,NC,NC,NC,NC,NC,NC,NC,NC,NC,NC,NC,NC,NC,NC,NC,NC,NC,NC,NC,NC,NC,NC,NC,NC,NC,NC,NC,redvanly.com,NC,https://www.redvanly.com/search?q=,NC,NC,NC,NC,NC
RLX,NC,NC,NC,NC,NC,NC,NC,NC,NC,NC,NC,NC,NC,NC,NC,NC,NC,NC,NC,NC,NC,NC,NC,NC,NC,NC,NC,NC,NC,NC,NC,NC,NC,NC,NC,NC,NC,NC,NC,NC,NC,NC,NC,NC,NC,NC,NC,NC,NC,NC,NC,NC,NC,NC,NC,NC,ralphlauren.com,NC,https://www.ralphlauren.com/search?q=,NC,NC,NC,NC,NC
johnnie-O,NC,NC,NC,NC,NC,NC,NC,NC,NC,NC,NC,NC,NC,NC,NC,NC,NC,NC,NC,NC,NC,NC,NC,NC,NC,NC,NC,NC,NC,NC,NC,NC,NC,NC,NC,NC,NC,NC,NC,NC,NC,NC,NC,NC,NC,NC,NC,NC,NC,NC,NC,NC,NC,NC,NC,NC,johnnie-o.com,NC,https://www.johnnie-o.com/search?q=,NC,NC,NC,NC,NC
Percival,NC,NC,NC,NC,NC,NC,NC,NC,NC,NC,NC,NC,NC,NC,NC,NC,NC,NC,NC,NC,NC,NC,NC,NC,NC,NC,NC,NC,NC,NC,NC,NC,NC,NC,NC,NC,NC,NC,NC,NC,NC,NC,NC,NC,NC,NC,NC,NC,NC,NC,NC,NC,NC,NC,NC,NC,percivalclo.com,NC,https://www.percivalclo.com/search?q=,NC,NC,NC,NC,NC
Wax London,NC,NC,NC,NC,NC,NC,NC,NC,NC,NC,NC,NC,NC,NC,NC,NC,NC,NC,NC,NC,NC,NC,NC,NC,NC,NC,NC,NC,NC,NC,NC,NC,NC,NC,NC,NC,NC,NC,NC,NC,NC,NC,NC,NC,NC,NC,NC,NC,NC,NC,NC,NC,NC,NC,NC,NC,waxlondon.com,NC,https://www.waxlondon.com/search?q=,NC,NC,NC,NC,NC
Hiroshi Kato,NC,NC,NC,NC,NC,NC,NC,NC,NC,NC,NC,NC,NC,NC,NC,NC,NC,NC,NC,NC,NC,NC,NC,NC,NC,NC,NC,NC,NC,NC,NC,NC,NC,NC,NC,NC,NC,NC,NC,NC,NC,NC,NC,NC,NC,NC,NC,NC,NC,NC,NC,NC,NC,NC,NC,NC,kato-brand.com,NC,NC,NC,NC,NC,NC,NC
Sugar Cane,NC,NC,NC,NC,NC,NC,NC,NC,NC,NC,NC,NC,NC,NC,NC,NC,NC,NC,NC,NC,NC,NC,NC,NC,NC,NC,NC,NC,NC,NC,NC,NC,NC,NC,NC,NC,NC,NC,NC,NC,NC,NC,NC,NC,NC,NC,NC,NC,NC,NC,NC,NC,NC,NC,NC,NC,sugarcane.jp,NC,https://www.selfedge.com/sugar-cane?q=,NC,NC,NC,NC,NC
Buck Mason,NC,NC,NC,NC,NC,NC,NC,NC,NC,NC,NC,NC,NC,NC,NC,NC,NC,NC,NC,NC,NC,NC,NC,NC,NC,NC,NC,NC,NC,NC,NC,NC,NC,NC,NC,NC,NC,NC,NC,NC,NC,NC,NC,NC,NC,NC,NC,NC,NC,NC,NC,NC,NC,NC,NC,NC,buckmason.com,NC,https://www.buckmason.com/search?q=,NC,NC,NC,NC,NC
Duck Head,NC,NC,NC,NC,NC,NC,NC,NC,NC,NC,NC,NC,NC,NC,NC,NC,NC,NC,NC,NC,NC,NC,NC,NC,NC,NC,NC,NC,NC,NC,NC,NC,NC,NC,NC,NC,NC,NC,NC,NC,NC,NC,NC,NC,NC,NC,NC,NC,NC,NC,NC,NC,NC,NC,NC,NC,www.duckhead.com,NC,https://www.duckhead.com/search?q=,NC,NC,NC,NC,NC
Wythe,NC,NC,NC,NC,NC,NC,NC,NC,NC,NC,NC,NC,NC,NC,NC,NC,NC,NC,NC,NC,NC,NC,NC,NC,NC,NC,NC,NC,NC,NC,NC,NC,NC,NC,NC,NC,NC,NC,NC,NC,NC,NC,NC,NC,NC,NC,NC,NC,NC,NC,NC,NC,NC,NC,NC,NC,wythe.com,NC,https://www.wythe.com/search?q=,NC,NC,NC,NC,NC
AYR,NC,NC,NC,NC,NC,NC,NC,NC,NC,NC,NC,NC,NC,NC,NC,NC,NC,NC,NC,NC,NC,NC,NC,NC,NC,NC,NC,NC,NC,NC,NC,NC,NC,NC,NC,NC,NC,NC,NC,NC,NC,NC,NC,NC,NC,NC,NC,NC,NC,NC,NC,NC,NC,NC,NC,NC,ayr.com,NC,https://www.ayr.com/search?q=,NC,NC,NC,NC,NC
Alex Mill,NC,NC,NC,NC,NC,NC,NC,NC,NC,NC,NC,NC,NC,NC,NC,NC,NC,NC,NC,NC,NC,NC,NC,NC,NC,NC,NC,NC,NC,NC,NC,NC,NC,NC,NC,NC,NC,NC,NC,NC,NC,NC,NC,NC,NC,NC,NC,NC,NC,NC,NC,NC,NC,NC,NC,NC,alexmill.com,NC,https://www.alexmill.com/search?q=,NC,NC,NC,NC,NC
Robert Barakett,NC,NC,NC,NC,NC,NC,NC,NC,NC,NC,NC,NC,NC,NC,NC,NC,NC,NC,NC,NC,NC,NC,NC,NC,NC,NC,NC,NC,NC,NC,NC,NC,NC,NC,NC,NC,NC,NC,NC,NC,NC,NC,NC,NC,NC,NC,NC,NC,NC,NC,NC,NC,NC,NC,NC,NC,robertbarakett.com,NC,https://robertbarakett.com/search?q=,NC,NC,NC,NC,NC
Easy Mondays,NC,NC,NC,NC,NC,NC,NC,NC,NC,NC,NC,NC,NC,NC,NC,NC,NC,NC,NC,NC,NC,NC,NC,NC,NC,NC,NC,NC,NC,NC,NC,NC,NC,NC,NC,NC,NC,NC,NC,NC,NC,NC,NC,NC,NC,NC,NC,NC,NC,NC,NC,NC,NC,NC,NC,NC,easymondays.ca,NC,https://easymondays.ca/search?q=,NC,NC,NC,NC,NC
Indochino,NC,NC,NC,NC,NC,NC,NC,NC,NC,NC,NC,NC,NC,NC,NC,NC,NC,NC,NC,NC,NC,NC,NC,NC,NC,NC,NC,NC,NC,NC,NC,NC,NC,NC,NC,NC,NC,NC,NC,NC,NC,NC,NC,NC,NC,NC,NC,NC,NC,NC,NC,NC,NC,NC,NC,NC,indochino.com,NC,NC,NC,NC,NC,NC,NC
Proper Cloth,NC,NC,NC,NC,NC,NC,NC,NC,NC,NC,NC,NC,NC,NC,NC,NC,NC,NC,NC,NC,NC,NC,NC,NC,NC,NC,NC,NC,NC,NC,NC,NC,NC,NC,NC,NC,NC,NC,NC,NC,NC,NC,NC,NC,NC,NC,NC,NC,NC,NC,NC,NC,NC,NC,NC,NC,propercloth.com,NC,https://propercloth.com/search?q=,NC,NC,NC,NC,NC
Tecovas,NC,NC,NC,NC,NC,NC,NC,NC,NC,NC,NC,NC,NC,NC,NC,NC,NC,NC,NC,NC,NC,NC,NC,NC,NC,NC,NC,NC,NC,NC,NC,NC,NC,NC,NC,NC,NC,NC,NC,NC,NC,NC,NC,NC,NC,NC,NC,NC,NC,NC,NC,NC,NC,NC,NC,NC,tecovas.com,NC,https://www.tecovas.com/search?q=,NC,NC,NC,NC,NC
Patrick James,NC,NC,NC,NC,NC,NC,NC,NC,NC,NC,NC,NC,NC,NC,NC,NC,NC,NC,NC,NC,NC,NC,NC,NC,NC,NC,NC,NC,NC,NC,NC,NC,NC,NC,NC,NC,NC,NC,NC,NC,NC,NC,NC,NC,NC,NC,NC,NC,NC,NC,NC,NC,NC,NC,NC,NC,patrickjames.com,NC,https://www.patrickjames.com/search?q=,NC,NC,NC,NC,NC
Barbour,NC,NC,NC,NC,NC,NC,NC,NC,NC,NC,NC,NC,NC,NC,NC,NC,NC,NC,NC,NC,NC,NC,NC,NC,NC,NC,NC,NC,NC,NC,NC,NC,NC,NC,NC,NC,NC,NC,NC,NC,NC,NC,NC,NC,NC,NC,NC,NC,NC,NC,NC,NC,NC,NC,NC,NC,barbour.com,NC,https://www.barbour.com/us/search?q=,NC,NC,NC,NC,NC
Baracuta,NC,NC,NC,NC,NC,NC,NC,NC,NC,NC,NC,NC,NC,NC,NC,NC,NC,NC,NC,NC,NC,NC,NC,NC,NC,NC,NC,NC,NC,NC,NC,NC,NC,NC,NC,NC,NC,NC,NC,NC,NC,NC,NC,NC,NC,NC,NC,NC,NC,NC,NC,NC,NC,NC,NC,NC,us.baracuta.com,NC,https://www.baracuta.com/search?q=,NC,NC,NC,NC,NC
Filson,NC,NC,NC,NC,NC,NC,NC,NC,NC,NC,NC,NC,NC,NC,NC,NC,NC,NC,NC,NC,NC,NC,NC,NC,NC,NC,NC,NC,NC,NC,NC,NC,NC,NC,NC,NC,NC,NC,NC,NC,NC,NC,NC,NC,NC,NC,NC,NC,NC,NC,NC,NC,NC,NC,NC,NC,filson.com,NC,NC,NC,NC,NC,NC,NC
James Perse,NC,NC,NC,NC,NC,NC,NC,NC,NC,NC,NC,NC,NC,NC,NC,NC,NC,NC,NC,NC,NC,NC,NC,NC,NC,NC,NC,NC,NC,NC,NC,NC,NC,NC,NC,NC,NC,NC,NC,NC,NC,NC,NC,NC,NC,NC,NC,NC,NC,NC,NC,NC,NC,NC,NC,NC,jamesperse.com,NC,https://www.jamesperse.com/search?q=,NC,NC,NC,NC,NC
Y.Chroma,NC,NC,NC,NC,NC,NC,NC,NC,NC,NC,NC,NC,NC,NC,NC,NC,NC,NC,NC,NC,NC,NC,NC,NC,NC,NC,NC,NC,NC,NC,NC,NC,NC,NC,NC,NC,NC,NC,NC,NC,NC,NC,NC,NC,NC,NC,NC,NC,NC,NC,NC,NC,NC,NC,NC,NC,ychroma.com,NC,https://www.ychroma.com/search?q=,NC,NC,NC,NC,NC
Madhappy,NC,NC,NC,NC,NC,NC,NC,NC,NC,NC,NC,NC,NC,NC,NC,NC,NC,NC,NC,NC,NC,NC,NC,NC,NC,NC,NC,NC,NC,NC,NC,NC,NC,NC,NC,NC,NC,NC,NC,NC,NC,NC,NC,NC,NC,NC,NC,NC,NC,NC,NC,NC,NC,NC,NC,NC,madhappy.com,NC,https://www.madhappy.com/search?q=,NC,NC,NC,NC,NC
Kith,NC,NC,NC,NC,NC,NC,NC,NC,NC,NC,NC,NC,NC,NC,NC,NC,NC,NC,NC,NC,NC,NC,NC,NC,NC,NC,NC,NC,NC,NC,NC,NC,NC,NC,NC,NC,NC,NC,NC,NC,NC,NC,NC,NC,NC,NC,NC,NC,NC,NC,NC,NC,NC,NC,NC,NC,kith.com,NC,https://kith.com/search?q=,NC,NC,NC,NC,NC
Aimé Leon Dore,NC,NC,NC,NC,NC,NC,NC,NC,NC,NC,NC,NC,NC,NC,NC,NC,NC,NC,NC,NC,NC,NC,NC,NC,NC,NC,NC,NC,NC,NC,NC,NC,NC,NC,NC,NC,NC,NC,NC,NC,NC,NC,NC,NC,NC,NC,NC,NC,NC,NC,NC,NC,NC,NC,NC,NC,aimeleondore.com,NC,NC,NC,NC,NC,NC,NC
Massimo Dutti,NC,NC,NC,NC,NC,NC,NC,NC,NC,NC,NC,NC,NC,NC,NC,NC,NC,NC,NC,NC,NC,NC,NC,NC,NC,NC,NC,NC,NC,NC,NC,NC,NC,NC,NC,NC,NC,NC,NC,NC,NC,NC,NC,NC,NC,NC,NC,NC,NC,NC,NC,NC,NC,NC,NC,NC,massimodutti.com,NC,NC,NC,NC,NC,NC,NC
Vineyard Vines,NC,NC,NC,NC,NC,NC,NC,NC,NC,NC,NC,NC,NC,NC,NC,NC,NC,NC,NC,NC,NC,NC,NC,NC,NC,NC,NC,NC,NC,NC,NC,NC,NC,NC,NC,NC,NC,NC,NC,NC,NC,NC,NC,NC,NC,NC,NC,NC,NC,NC,NC,NC,NC,NC,NC,NC,vineyardvines.com,NC,https://www.vineyardvines.com/search?q=,NC,NC,NC,NC,NC
Polo Ralph Lauren,NC,NC,NC,NC,NC,NC,NC,NC,NC,NC,NC,NC,NC,NC,NC,NC,NC,NC,NC,NC,NC,NC,NC,NC,NC,NC,NC,NC,NC,NC,NC,NC,NC,NC,NC,NC,NC,NC,NC,NC,NC,NC,NC,NC,NC,NC,NC,NC,NC,NC,NC,NC,NC,NC,NC,NC,ralphlauren.com,NC,https://www.ralphlauren.com/search?q=,NC,NC,NC,NC,NC
RRL,NC,NC,NC,NC,NC,NC,NC,NC,NC,NC,NC,NC,NC,NC,NC,NC,NC,NC,NC,NC,NC,NC,NC,NC,NC,NC,NC,NC,NC,NC,NC,NC,NC,NC,NC,NC,NC,NC,NC,NC,NC,NC,NC,NC,NC,NC,NC,NC,NC,NC,NC,NC,NC,NC,NC,NC,ralphlauren.com,NC,https://www.ralphlauren.com/search?q=,NC,NC,NC,NC,NC
J.McLaughlin,NC,NC,NC,NC,NC,NC,NC,NC,NC,NC,NC,NC,NC,NC,NC,NC,NC,NC,NC,NC,NC,NC,NC,NC,NC,NC,NC,NC,NC,NC,NC,NC,NC,NC,NC,NC,NC,NC,NC,NC,NC,NC,NC,NC,NC,NC,NC,NC,NC,NC,NC,NC,NC,NC,NC,NC,jmclaughlin.com,NC,https://www.jmclaughlin.com/search?q=,NC,NC,NC,NC,NC
Peter Millar,NC,NC,NC,NC,NC,NC,NC,NC,NC,NC,NC,NC,NC,NC,NC,NC,NC,NC,NC,NC,NC,NC,NC,NC,NC,NC,NC,NC,NC,NC,NC,NC,NC,NC,NC,NC,NC,NC,NC,NC,NC,NC,NC,NC,NC,NC,NC,NC,NC,NC,NC,NC,NC,NC,NC,NC,petermillar.com,NC,https://www.petermillar.com/search?q=,NC,NC,NC,NC,NC
Ted Baker,NC,NC,NC,NC,NC,NC,NC,NC,NC,NC,NC,NC,NC,NC,NC,NC,NC,NC,NC,NC,NC,NC,NC,NC,NC,NC,NC,NC,NC,NC,NC,NC,NC,NC,NC,NC,NC,NC,NC,NC,NC,NC,NC,NC,NC,NC,NC,NC,NC,NC,NC,NC,NC,NC,NC,NC,tedbaker.com,NC,NC,NC,NC,NC,NC,NC
Scotch & Soda,NC,NC,NC,NC,NC,NC,NC,NC,NC,NC,NC,NC,NC,NC,NC,NC,NC,NC,NC,NC,NC,NC,NC,NC,NC,NC,NC,NC,NC,NC,NC,NC,NC,NC,NC,NC,NC,NC,NC,NC,NC,NC,NC,NC,NC,NC,NC,NC,NC,NC,NC,NC,NC,NC,NC,NC,scotchandsoda.com,NC,NC,NC,NC,NC,NC,NC
NN07,NC,NC,NC,NC,NC,NC,NC,NC,NC,NC,NC,NC,NC,NC,NC,NC,NC,NC,NC,NC,NC,NC,NC,NC,NC,NC,NC,NC,NC,NC,NC,NC,NC,NC,NC,NC,NC,NC,NC,NC,NC,NC,NC,NC,NC,NC,NC,NC,NC,NC,NC,NC,NC,NC,NC,NC,nn07.com,NC,NC,NC,NC,NC,NC,NC
Samsøe Samsøe,NC,NC,NC,NC,NC,NC,NC,NC,NC,NC,NC,NC,NC,NC,NC,NC,NC,NC,NC,NC,NC,NC,NC,NC,NC,NC,NC,NC,NC,NC,NC,NC,NC,NC,NC,NC,NC,NC,NC,NC,NC,NC,NC,NC,NC,NC,NC,NC,NC,NC,NC,NC,NC,NC,NC,NC,samsoe.com,NC,https://www.samsoe.com/en-US/search?q=,NC,NC,NC,NC,NC
Les Deux,NC,NC,NC,NC,NC,NC,NC,NC,NC,NC,NC,NC,NC,NC,NC,NC,NC,NC,NC,NC,NC,NC,NC,NC,NC,NC,NC,NC,NC,NC,NC,NC,NC,NC,NC,NC,NC,NC,NC,NC,NC,NC,NC,NC,NC,NC,NC,NC,NC,NC,NC,NC,NC,NC,NC,NC,lesdeux.us,NC,https://lesdeux.us/search?q=,NC,NC,NC,NC,NC
Norse Projects,NC,NC,NC,NC,NC,NC,NC,NC,NC,NC,NC,NC,NC,NC,NC,NC,NC,NC,NC,NC,NC,NC,NC,NC,NC,NC,NC,NC,NC,NC,NC,NC,NC,NC,NC,NC,NC,NC,NC,NC,NC,NC,NC,NC,NC,NC,NC,NC,NC,NC,NC,NC,NC,NC,NC,NC,norseprojects.com,NC,https://www.norseprojects.com/search?q=,NC,NC,NC,NC,NC
Vollebak,NC,NC,NC,NC,NC,NC,NC,NC,NC,NC,NC,NC,NC,NC,NC,NC,NC,NC,NC,NC,NC,NC,NC,NC,NC,NC,NC,NC,NC,NC,NC,NC,NC,NC,NC,NC,NC,NC,NC,NC,NC,NC,NC,NC,NC,NC,NC,NC,NC,NC,NC,NC,NC,NC,NC,NC,vollebak.com,NC,https://vollebak.com/search?q=,NC,NC,NC,NC,NC
Stone Island,NC,NC,NC,NC,NC,NC,NC,NC,NC,NC,NC,NC,NC,NC,NC,NC,NC,NC,NC,NC,NC,NC,NC,NC,NC,NC,NC,NC,NC,NC,NC,NC,NC,NC,NC,NC,NC,NC,NC,NC,NC,NC,NC,NC,NC,NC,NC,NC,NC,NC,NC,NC,NC,NC,NC,NC,stoneisland.com,NC,NC,NC,NC,NC,NC,NC
A Bathing Ape,NC,NC,NC,NC,NC,NC,NC,NC,NC,NC,NC,NC,NC,NC,NC,NC,NC,NC,NC,NC,NC,NC,NC,NC,NC,NC,NC,NC,NC,NC,NC,NC,NC,NC,NC,NC,NC,NC,NC,NC,NC,NC,NC,NC,NC,NC,NC,NC,NC,NC,NC,NC,NC,NC,NC,NC,us.bape.com,NC,https://us.bape.com/search?q=,NC,NC,NC,NC,NC
Canada Goose,NC,NC,NC,NC,NC,NC,NC,NC,NC,NC,NC,NC,NC,NC,NC,NC,NC,NC,NC,NC,NC,NC,NC,NC,NC,NC,NC,NC,NC,NC,NC,NC,NC,NC,NC,NC,NC,NC,NC,NC,NC,NC,NC,NC,NC,NC,NC,NC,NC,NC,NC,NC,NC,NC,NC,NC,canadagoose.com,NC,https://www.canadagoose.com/us/en/search?q=,NC,NC,NC,NC,NC
Arc'teryx,NC,NC,NC,NC,NC,NC,NC,NC,NC,NC,NC,NC,NC,NC,NC,NC,NC,NC,NC,NC,NC,NC,NC,NC,NC,NC,NC,NC,NC,NC,NC,NC,NC,NC,NC,NC,NC,NC,NC,NC,NC,NC,NC,NC,NC,NC,NC,NC,NC,NC,NC,NC,NC,NC,NC,NC,arcteryx.com,NC,https://arcteryx.com/us/en/search?q=,NC,NC,NC,NC,NC
Vince,NC,NC,NC,NC,NC,NC,NC,NC,NC,NC,NC,NC,NC,NC,NC,NC,NC,NC,NC,NC,NC,NC,NC,NC,NC,NC,NC,NC,NC,NC,NC,NC,NC,NC,NC,NC,NC,NC,NC,NC,NC,NC,NC,NC,NC,NC,NC,NC,NC,NC,NC,NC,NC,NC,NC,NC,vince.com,NC,https://www.vince.com/search?q=,NC,NC,NC,NC,NC
Rails,NC,NC,NC,NC,NC,NC,NC,NC,NC,NC,NC,NC,NC,NC,NC,NC,NC,NC,NC,NC,NC,NC,NC,NC,NC,NC,NC,NC,NC,NC,NC,NC,NC,NC,NC,NC,NC,NC,NC,NC,NC,NC,NC,NC,NC,NC,NC,NC,NC,NC,NC,NC,NC,NC,NC,NC,rails.com,NC,https://www.rails.com/search?q=,NC,NC,NC,NC,NC
PAIGE,NC,NC,NC,NC,NC,NC,NC,NC,NC,NC,NC,NC,NC,NC,NC,NC,NC,NC,NC,NC,NC,NC,NC,NC,NC,NC,NC,NC,NC,NC,NC,NC,NC,NC,NC,NC,NC,NC,NC,NC,NC,NC,NC,NC,NC,NC,NC,NC,NC,NC,NC,NC,NC,NC,NC,NC,paige.com,NC,NC,NC,NC,NC,NC,NC
AG,NC,NC,NC,NC,NC,NC,NC,NC,NC,NC,NC,NC,NC,NC,NC,NC,NC,NC,NC,NC,NC,NC,NC,NC,NC,NC,NC,NC,NC,NC,NC,NC,NC,NC,NC,NC,NC,NC,NC,NC,NC,NC,NC,NC,NC,NC,NC,NC,NC,NC,NC,NC,NC,NC,NC,NC,agjeans.com,NC,https://www.agjeans.com/search?q=,NC,NC,NC,NC,NC
Ksubi,NC,NC,NC,NC,NC,NC,NC,NC,NC,NC,NC,NC,NC,NC,NC,NC,NC,NC,NC,NC,NC,NC,NC,NC,NC,NC,NC,NC,NC,NC,NC,NC,NC,NC,NC,NC,NC,NC,NC,NC,NC,NC,NC,NC,NC,NC,NC,NC,NC,NC,NC,NC,NC,NC,NC,NC,ksubi.com,NC,https://ksubi.com/search?q=,NC,NC,NC,NC,NC
Purple,NC,NC,NC,NC,NC,NC,NC,NC,NC,NC,NC,NC,NC,NC,NC,NC,NC,NC,NC,NC,NC,NC,NC,NC,NC,NC,NC,NC,NC,NC,NC,NC,NC,NC,NC,NC,NC,NC,NC,NC,NC,NC,NC,NC,NC,NC,NC,NC,NC,NC,NC,NC,NC,NC,NC,NC,purple-brand.com,NC,https://purple-brand.com/search?q=,NC,NC,NC,NC,NC
Diesel,NC,NC,NC,NC,NC,NC,NC,NC,NC,NC,NC,NC,NC,NC,NC,NC,NC,NC,NC,NC,NC,NC,NC,NC,NC,NC,NC,NC,NC,NC,NC,NC,NC,NC,NC,NC,NC,NC,NC,NC,NC,NC,NC,NC,NC,NC,NC,NC,NC,NC,NC,NC,NC,NC,NC,NC,diesel.com,NC,NC,NC,NC,NC,NC,NC
Citizens of Humanity,NC,NC,NC,NC,NC,NC,NC,NC,NC,NC,NC,NC,NC,NC,NC,NC,NC,NC,NC,NC,NC,NC,NC,NC,NC,NC,NC,NC,NC,NC,NC,NC,NC,NC,NC,NC,NC,NC,NC,NC,NC,NC,NC,NC,NC,NC,NC,NC,NC,NC,NC,NC,NC,NC,NC,NC,citizensofhumanity.com,NC,https://citizensofhumanity.com/search?q=,NC,NC,NC,NC,NC
AGOLDE,NC,NC,NC,NC,NC,NC,NC,NC,NC,NC,NC,NC,NC,NC,NC,NC,NC,NC,NC,NC,NC,NC,NC,NC,NC,NC,NC,NC,NC,NC,NC,NC,NC,NC,NC,NC,NC,NC,NC,NC,NC,NC,NC,NC,NC,NC,NC,NC,NC,NC,NC,NC,NC,NC,NC,NC,agolde.com,NC,https://agolde.com/search?q=,NC,NC,NC,NC,NC
Fidelity Denim,NC,NC,NC,NC,NC,NC,NC,NC,NC,NC,NC,NC,NC,NC,NC,NC,NC,NC,NC,NC,NC,NC,NC,NC,NC,NC,NC,NC,NC,NC,NC,NC,NC,NC,NC,NC,NC,NC,NC,NC,NC,NC,NC,NC,NC,NC,NC,NC,NC,NC,NC,NC,NC,NC,NC,NC,fidelitydenim.com,NC,https://fidelitydenim.com/search?q=,NC,NC,NC,NC,NC
Joe's Jeans,NC,NC,NC,NC,NC,NC,NC,NC,NC,NC,NC,NC,NC,NC,NC,NC,NC,NC,NC,NC,NC,NC,NC,NC,NC,NC,NC,NC,NC,NC,NC,NC,NC,NC,NC,NC,NC,NC,NC,NC,NC,NC,NC,NC,NC,NC,NC,NC,NC,NC,NC,NC,NC,NC,NC,NC,joesjeans.com,NC,https://www.joesjeans.com/search?q=,NC,NC,NC,NC,NC
Suitsupply,NC,NC,NC,NC,NC,NC,NC,NC,NC,NC,NC,NC,NC,NC,NC,NC,NC,NC,NC,NC,NC,NC,NC,NC,NC,NC,NC,NC,NC,NC,NC,NC,NC,NC,NC,NC,NC,NC,NC,NC,NC,NC,NC,NC,NC,NC,NC,NC,NC,NC,NC,NC,NC,NC,NC,NC,suitsupply.com,NC,https://suitsupply.com/en-us/search?q=,NC,NC,NC,NC,NC
Boggi Milano,NC,NC,NC,NC,NC,NC,NC,NC,NC,NC,NC,NC,NC,NC,NC,NC,NC,NC,NC,NC,NC,NC,NC,NC,NC,NC,NC,NC,NC,NC,NC,NC,NC,NC,NC,NC,NC,NC,NC,NC,NC,NC,NC,NC,NC,NC,NC,NC,NC,NC,NC,NC,NC,NC,NC,NC,boggi.com,NC,https://www.boggi.com/en-us/search?q=,NC,NC,NC,NC,NC
Hackett,NC,NC,NC,NC,NC,NC,NC,NC,NC,NC,NC,NC,NC,NC,NC,NC,NC,NC,NC,NC,NC,NC,NC,NC,NC,NC,NC,NC,NC,NC,NC,NC,NC,NC,NC,NC,NC,NC,NC,NC,NC,NC,NC,NC,NC,NC,NC,NC,NC,NC,NC,NC,NC,NC,NC,NC,hackett.com,NC,https://www.hackett.com/uk/en_gb/search?q=,NC,NC,NC,NC,NC
Eton,NC,NC,NC,NC,NC,NC,NC,NC,NC,NC,NC,NC,NC,NC,NC,NC,NC,NC,NC,NC,NC,NC,NC,NC,NC,NC,NC,NC,NC,NC,NC,NC,NC,NC,NC,NC,NC,NC,NC,NC,NC,NC,NC,NC,NC,NC,NC,NC,NC,NC,NC,NC,NC,NC,NC,NC,etonshirts.com,NC,NC,NC,NC,NC,NC,NC
Rakho,NC,NC,NC,NC,NC,NC,NC,NC,NC,NC,NC,NC,NC,NC,NC,NC,NC,NC,NC,NC,NC,NC,NC,NC,NC,NC,NC,NC,NC,NC,NC,NC,NC,NC,NC,NC,NC,NC,NC,NC,NC,NC,NC,NC,NC,NC,NC,NC,NC,NC,NC,NC,NC,NC,NC,NC,rakho.nyc,NC,NC,NC,NC,NC,NC,NC
Eleventy,NC,NC,NC,NC,NC,NC,NC,NC,NC,NC,NC,NC,NC,NC,NC,NC,NC,NC,NC,NC,NC,NC,NC,NC,NC,NC,NC,NC,NC,NC,NC,NC,NC,NC,NC,NC,NC,NC,NC,NC,NC,NC,NC,NC,NC,NC,NC,NC,NC,NC,NC,NC,NC,NC,NC,NC,eleventymilano.com,NC,https://www.eleventymilano.com/en-us/search?q=,NC,NC,NC,NC,NC
Borgo28,NC,NC,NC,NC,NC,NC,NC,NC,NC,NC,NC,NC,NC,NC,NC,NC,NC,NC,NC,NC,NC,NC,NC,NC,NC,NC,NC,NC,NC,NC,NC,NC,NC,NC,NC,NC,NC,NC,NC,NC,NC,NC,NC,NC,NC,NC,NC,NC,NC,NC,NC,NC,NC,NC,NC,NC,borgo28.com,NC,https://borgo28.com/search?q=,NC,NC,NC,NC,NC
Incotex,NC,NC,NC,NC,NC,NC,NC,NC,NC,NC,NC,NC,NC,NC,NC,NC,NC,NC,NC,NC,NC,NC,NC,NC,NC,NC,NC,NC,NC,NC,NC,NC,NC,NC,NC,NC,NC,NC,NC,NC,NC,NC,NC,NC,NC,NC,NC,NC,NC,NC,NC,NC,NC,NC,NC,NC,slowear.com,NC,https://www.slowear.com/en-us/search?q=,NC,NC,NC,NC,NC
Jack Victor,NC,NC,NC,NC,NC,NC,NC,NC,NC,NC,NC,NC,NC,NC,NC,NC,NC,NC,NC,NC,NC,NC,NC,NC,NC,NC,NC,NC,NC,NC,NC,NC,NC,NC,NC,NC,NC,NC,NC,NC,NC,NC,NC,NC,NC,NC,NC,NC,NC,NC,NC,NC,NC,NC,NC,NC,jackvictor.com,NC,https://jackvictor.com/search?q=,NC,NC,NC,NC,NC
Brooks Brothers,NC,NC,NC,NC,NC,NC,NC,NC,NC,NC,NC,NC,NC,NC,NC,NC,NC,NC,NC,NC,NC,NC,NC,NC,NC,NC,NC,NC,NC,NC,NC,NC,NC,NC,NC,NC,NC,NC,NC,NC,NC,NC,NC,NC,NC,NC,NC,NC,NC,NC,NC,NC,NC,NC,NC,NC,brooksbrothers.com,NC,https://www.brooksbrothers.com/search?q=,NC,NC,NC,NC,NC
J.Press,NC,NC,NC,NC,NC,NC,NC,NC,NC,NC,NC,NC,NC,NC,NC,NC,NC,NC,NC,NC,NC,NC,NC,NC,NC,NC,NC,NC,NC,NC,NC,NC,NC,NC,NC,NC,NC,NC,NC,NC,NC,NC,NC,NC,NC,NC,NC,NC,NC,NC,NC,NC,NC,NC,NC,NC,jpress.com,NC,https://jpressonline.com/search?q=,NC,NC,NC,NC,NC
Sunspel,NC,NC,NC,NC,NC,NC,NC,NC,NC,NC,NC,NC,NC,NC,NC,NC,NC,NC,NC,NC,NC,NC,NC,NC,NC,NC,NC,NC,NC,NC,NC,NC,NC,NC,NC,NC,NC,NC,NC,NC,NC,NC,NC,NC,NC,NC,NC,NC,NC,NC,NC,NC,NC,NC,NC,NC,sunspel.com,NC,https://us.sunspel.com/search?q=,NC,NC,NC,NC,NC
Saint James,NC,NC,NC,NC,NC,NC,NC,NC,NC,NC,NC,NC,NC,NC,NC,NC,NC,NC,NC,NC,NC,NC,NC,NC,NC,NC,NC,NC,NC,NC,NC,NC,NC,NC,NC,NC,NC,NC,NC,NC,NC,NC,NC,NC,NC,NC,NC,NC,NC,NC,NC,NC,NC,NC,NC,NC,us.saint-james.com,NC,https://us.saint-james.com/search?q=,NC,NC,NC,NC,NC
Merz b. Schwanen,NC,NC,NC,NC,NC,NC,NC,NC,NC,NC,NC,NC,NC,NC,NC,NC,NC,NC,NC,NC,NC,NC,NC,NC,NC,NC,NC,NC,NC,NC,NC,NC,NC,NC,NC,NC,NC,NC,NC,NC,NC,NC,NC,NC,NC,NC,NC,NC,NC,NC,NC,NC,NC,NC,NC,NC,www.merzbschwanen.com,NC,https://www.merzbschwanen.com/search?q=,NC,NC,NC,NC,NC
Margaret Howell,NC,NC,NC,NC,NC,NC,NC,NC,NC,NC,NC,NC,NC,NC,NC,NC,NC,NC,NC,NC,NC,NC,NC,NC,NC,NC,NC,NC,NC,NC,NC,NC,NC,NC,NC,NC,NC,NC,NC,NC,NC,NC,NC,NC,NC,NC,NC,NC,NC,NC,NC,NC,NC,NC,NC,NC,margarethowell.co.uk,NC,https://www.margarethowell.co.uk/search?q=,NC,NC,NC,NC,NC
Reiss,NC,NC,NC,NC,NC,NC,NC,NC,NC,NC,NC,NC,NC,NC,NC,NC,NC,NC,NC,NC,NC,NC,NC,NC,NC,NC,NC,NC,NC,NC,NC,NC,NC,NC,NC,NC,NC,NC,NC,NC,NC,NC,NC,NC,NC,NC,NC,NC,NC,NC,NC,NC,NC,NC,NC,NC,reiss.com,NC,https://www.reiss.com/us/en/search?q=,NC,NC,NC,NC,NC
Sandro,NC,NC,NC,NC,NC,NC,NC,NC,NC,NC,NC,NC,NC,NC,NC,NC,NC,NC,NC,NC,NC,NC,NC,NC,NC,NC,NC,NC,NC,NC,NC,NC,NC,NC,NC,NC,NC,NC,NC,NC,NC,NC,NC,NC,NC,NC,NC,NC,NC,NC,NC,NC,NC,NC,NC,NC,us.sandro-paris.com,NC,https://us.sandro-paris.com/en/search?q=,NC,NC,NC,NC,NC
Isabel Marant,NC,NC,NC,NC,NC,NC,NC,NC,NC,NC,NC,NC,NC,NC,NC,NC,NC,NC,NC,NC,NC,NC,NC,NC,NC,NC,NC,NC,NC,NC,NC,NC,NC,NC,NC,NC,NC,NC,NC,NC,NC,NC,NC,NC,NC,NC,NC,NC,NC,NC,NC,NC,NC,NC,NC,NC,us.isabelmarant.com,NC,https://us.isabelmarant.com/search?q=,NC,NC,NC,NC,NC
Frame,NC,NC,NC,NC,NC,NC,NC,NC,NC,NC,NC,NC,NC,NC,NC,NC,NC,NC,NC,NC,NC,NC,NC,NC,NC,NC,NC,NC,NC,NC,NC,NC,NC,NC,NC,NC,NC,NC,NC,NC,NC,NC,NC,NC,NC,NC,NC,NC,NC,NC,NC,NC,NC,NC,NC,NC,frame-store.com,NC,https://frame-store.com/search?q=,NC,NC,NC,NC,NC
Theory,NC,NC,NC,NC,NC,NC,NC,NC,NC,NC,NC,NC,NC,NC,NC,NC,NC,NC,NC,NC,NC,NC,NC,NC,NC,NC,NC,NC,NC,NC,NC,NC,NC,NC,NC,NC,NC,NC,NC,NC,NC,NC,NC,NC,NC,NC,NC,NC,NC,NC,NC,NC,NC,NC,NC,NC,theory.com,NC,https://www.theory.com/search?q=,NC,NC,NC,NC,NC
Rag & Bone,NC,NC,NC,NC,NC,NC,NC,NC,NC,NC,NC,NC,NC,NC,NC,NC,NC,NC,NC,NC,NC,NC,NC,NC,NC,NC,NC,NC,NC,NC,NC,NC,NC,NC,NC,NC,NC,NC,NC,NC,NC,NC,NC,NC,NC,NC,NC,NC,NC,NC,NC,NC,NC,NC,NC,NC,rag-bone.com,NC,https://www.rag-bone.com/search?q=,NC,NC,NC,NC,NC
John Varvatos,NC,NC,NC,NC,NC,NC,NC,NC,NC,NC,NC,NC,NC,NC,NC,NC,NC,NC,NC,NC,NC,NC,NC,NC,NC,NC,NC,NC,NC,NC,NC,NC,NC,NC,NC,NC,NC,NC,NC,NC,NC,NC,NC,NC,NC,NC,NC,NC,NC,NC,NC,NC,NC,NC,NC,NC,johnvarvatos.com,NC,https://www.johnvarvatos.com/search?q=,NC,NC,NC,NC,NC
Sid Mashburn,NC,NC,NC,NC,NC,NC,NC,NC,NC,NC,NC,NC,NC,NC,NC,NC,NC,NC,NC,NC,NC,NC,NC,NC,NC,NC,NC,NC,NC,NC,NC,NC,NC,NC,NC,NC,NC,NC,NC,NC,NC,NC,NC,NC,NC,NC,NC,NC,NC,NC,NC,NC,NC,NC,NC,NC,shopmashburn.com,NC,NC,NC,NC,NC,NC,NC
Billy Reid,NC,NC,NC,NC,NC,NC,NC,NC,NC,NC,NC,NC,NC,NC,NC,NC,NC,NC,NC,NC,NC,NC,NC,NC,NC,NC,NC,NC,NC,NC,NC,NC,NC,NC,NC,NC,NC,NC,NC,NC,NC,NC,NC,NC,NC,NC,NC,NC,NC,NC,NC,NC,NC,NC,NC,NC,billyreid.com,NC,https://www.billyreid.com/search?q=,NC,NC,NC,NC,NC
A.P.C.,NC,NC,NC,NC,NC,NC,NC,NC,NC,NC,NC,NC,NC,NC,NC,NC,NC,NC,NC,NC,NC,NC,NC,NC,NC,NC,NC,NC,NC,NC,NC,NC,NC,NC,NC,NC,NC,NC,NC,NC,NC,NC,NC,NC,NC,NC,NC,NC,NC,NC,NC,NC,NC,NC,NC,NC,apc-us.com,NC,https://www.apc-us.com/search?q=,NC,NC,NC,NC,NC
Luca Faloni,NC,NC,NC,NC,NC,NC,NC,NC,NC,NC,NC,NC,NC,NC,NC,NC,NC,NC,NC,NC,NC,NC,NC,NC,NC,NC,NC,NC,NC,NC,NC,NC,NC,NC,NC,NC,NC,NC,NC,NC,NC,NC,NC,NC,NC,NC,NC,NC,NC,NC,NC,NC,NC,NC,NC,NC,lucafaloni.com,NC,https://lucafaloni.com/search?q=,NC,NC,NC,NC,NC
120% Lino,NC,NC,NC,NC,NC,NC,NC,NC,NC,NC,NC,NC,NC,NC,NC,NC,NC,NC,NC,NC,NC,NC,NC,NC,NC,NC,NC,NC,NC,NC,NC,NC,NC,NC,NC,NC,NC,NC,NC,NC,NC,NC,NC,NC,NC,NC,NC,NC,NC,NC,NC,NC,NC,NC,NC,NC,120percento.com,NC,https://120percento.com/search?q=,NC,NC,NC,NC,NC
Paul Smith,NC,NC,NC,NC,NC,NC,NC,NC,NC,NC,NC,NC,NC,NC,NC,NC,NC,NC,NC,NC,NC,NC,NC,NC,NC,NC,NC,NC,NC,NC,NC,NC,NC,NC,NC,NC,NC,NC,NC,NC,NC,NC,NC,NC,NC,NC,NC,NC,NC,NC,NC,NC,NC,NC,NC,NC,paulsmith.com,NC,NC,NC,NC,NC,NC,NC
Officine Générale,NC,NC,NC,NC,NC,NC,NC,NC,NC,NC,NC,NC,NC,NC,NC,NC,NC,NC,NC,NC,NC,NC,NC,NC,NC,NC,NC,NC,NC,NC,NC,NC,NC,NC,NC,NC,NC,NC,NC,NC,NC,NC,NC,NC,NC,NC,NC,NC,NC,NC,NC,NC,NC,NC,NC,NC,us.officinegenerale.com,NC,https://www.officinegenerale.com/search?q=,NC,NC,NC,NC,NC
Brax,NC,NC,NC,NC,NC,NC,NC,NC,NC,NC,NC,NC,NC,NC,NC,NC,NC,NC,NC,NC,NC,NC,NC,NC,NC,NC,NC,NC,NC,NC,NC,NC,NC,NC,NC,NC,NC,NC,NC,NC,NC,NC,NC,NC,NC,NC,NC,NC,NC,NC,NC,NC,NC,NC,NC,NC,brax.com,NC,https://www.brax.com/en/us/search?q=,NC,NC,NC,NC,NC
Hartford,NC,NC,NC,NC,NC,NC,NC,NC,NC,NC,NC,NC,NC,NC,NC,NC,NC,NC,NC,NC,NC,NC,NC,NC,NC,NC,NC,NC,NC,NC,NC,NC,NC,NC,NC,NC,NC,NC,NC,NC,NC,NC,NC,NC,NC,NC,NC,NC,NC,NC,NC,NC,NC,NC,NC,NC,hartford.fr,NC,https://hartford.fr/en-us/search?q=,NC,NC,NC,NC,NC
Our Legacy,NC,NC,NC,NC,NC,NC,NC,NC,NC,NC,NC,NC,NC,NC,NC,NC,NC,NC,NC,NC,NC,NC,NC,NC,NC,NC,NC,NC,NC,NC,NC,NC,NC,NC,NC,NC,NC,NC,NC,NC,NC,NC,NC,NC,NC,NC,NC,NC,NC,NC,NC,NC,NC,NC,NC,NC,ourlegacy.com,NC,NC,NC,NC,NC,NC,NC
Auralee,NC,NC,NC,NC,NC,NC,NC,NC,NC,NC,NC,NC,NC,NC,NC,NC,NC,NC,NC,NC,NC,NC,NC,NC,NC,NC,NC,NC,NC,NC,NC,NC,NC,NC,NC,NC,NC,NC,NC,NC,NC,NC,NC,NC,NC,NC,NC,NC,NC,NC,NC,NC,NC,NC,NC,NC,auralee.jp,NC,https://auralee.jp/item?freeword=,NC,NC,NC,NC,NC
Ami Paris,NC,NC,NC,NC,NC,NC,NC,NC,NC,NC,NC,NC,NC,NC,NC,NC,NC,NC,NC,NC,NC,NC,NC,NC,NC,NC,NC,NC,NC,NC,NC,NC,NC,NC,NC,NC,NC,NC,NC,NC,NC,NC,NC,NC,NC,NC,NC,NC,NC,NC,NC,NC,NC,NC,NC,NC,amiparis.com,NC,NC,NC,NC,NC,NC,NC
Todd Snyder,NC,NC,NC,NC,NC,NC,NC,NC,NC,NC,NC,NC,NC,NC,NC,NC,NC,NC,NC,NC,NC,NC,NC,NC,NC,NC,NC,NC,NC,NC,NC,NC,NC,NC,NC,NC,NC,NC,NC,NC,NC,NC,NC,NC,NC,NC,NC,NC,NC,NC,NC,NC,NC,NC,NC,NC,toddsnyder.com,NC,https://www.toddsnyder.com/search?q=,NC,NC,NC,NC,NC
Boglioli,NC,NC,NC,NC,NC,NC,NC,NC,NC,NC,NC,NC,NC,NC,NC,NC,NC,NC,NC,NC,NC,NC,NC,NC,NC,NC,NC,NC,NC,NC,NC,NC,NC,NC,NC,NC,NC,NC,NC,NC,NC,NC,NC,NC,NC,NC,NC,NC,NC,NC,NC,NC,NC,NC,NC,NC,bogliolimilano.com,NC,https://www.bogliolimilano.com/en-us/search?q=,NC,NC,NC,NC,NC
Peserico,NC,NC,NC,NC,NC,NC,NC,NC,NC,NC,NC,NC,NC,NC,NC,NC,NC,NC,NC,NC,NC,NC,NC,NC,NC,NC,NC,NC,NC,NC,NC,NC,NC,NC,NC,NC,NC,NC,NC,NC,NC,NC,NC,NC,NC,NC,NC,NC,NC,NC,NC,NC,NC,NC,NC,NC,us.peserico.com,NC,https://it.peserico.com/search?q=,NC,NC,NC,NC,NC
Ring Jacket,NC,NC,NC,NC,NC,NC,NC,NC,NC,NC,NC,NC,NC,NC,NC,NC,NC,NC,NC,NC,NC,NC,NC,NC,NC,NC,NC,NC,NC,NC,NC,NC,NC,NC,NC,NC,NC,NC,NC,NC,NC,NC,NC,NC,NC,NC,NC,NC,NC,NC,NC,NC,NC,NC,NC,NC,ringjacket.co.jp,NC,https://www.ringjacket.co.jp/p/search?keyword=,NC,NC,NC,NC,NC
Drake's,NC,NC,NC,NC,NC,NC,NC,NC,NC,NC,NC,NC,NC,NC,NC,NC,NC,NC,NC,NC,NC,NC,NC,NC,NC,NC,NC,NC,NC,NC,NC,NC,NC,NC,NC,NC,NC,NC,NC,NC,NC,NC,NC,NC,NC,NC,NC,NC,NC,NC,NC,NC,NC,NC,NC,NC,us.drakes.com,NC,https://www.drakes.com/search?q=,NC,NC,NC,NC,NC
John Smedley,NC,NC,NC,NC,NC,NC,NC,NC,NC,NC,NC,NC,NC,NC,NC,NC,NC,NC,NC,NC,NC,NC,NC,NC,NC,NC,NC,NC,NC,NC,NC,NC,NC,NC,NC,NC,NC,NC,NC,NC,NC,NC,NC,NC,NC,NC,NC,NC,NC,NC,NC,NC,NC,NC,NC,NC,johnsmedley.com,NC,https://www.johnsmedley.com/en-us/search?q=,NC,NC,NC,NC,NC
Gran Sasso,NC,NC,NC,NC,NC,NC,NC,NC,NC,NC,NC,NC,NC,NC,NC,NC,NC,NC,NC,NC,NC,NC,NC,NC,NC,NC,NC,NC,NC,NC,NC,NC,NC,NC,NC,NC,NC,NC,NC,NC,NC,NC,NC,NC,NC,NC,NC,NC,NC,NC,NC,NC,NC,NC,NC,NC,shop.gransasso.it,NC,https://shop.gransasso.it/en/search?q=,NC,NC,NC,NC,NC
Raffi,NC,NC,NC,NC,NC,NC,NC,NC,NC,NC,NC,NC,NC,NC,NC,NC,NC,NC,NC,NC,NC,NC,NC,NC,NC,NC,NC,NC,NC,NC,NC,NC,NC,NC,NC,NC,NC,NC,NC,NC,NC,NC,NC,NC,NC,NC,NC,NC,NC,NC,NC,NC,NC,NC,NC,NC,raffionline.com,NC,https://www.raffionline.com/search?q=,NC,NC,NC,NC,NC
BOSS,NC,NC,NC,NC,NC,NC,NC,NC,NC,NC,NC,NC,NC,NC,NC,NC,NC,NC,NC,NC,NC,NC,NC,NC,NC,NC,NC,NC,NC,NC,NC,NC,NC,NC,NC,NC,NC,NC,NC,NC,NC,NC,NC,NC,NC,NC,NC,NC,NC,NC,NC,NC,NC,NC,NC,NC,hugoboss.com,NC,https://www.hugoboss.com/us/search?text=,NC,NC,NC,NC,NC
Corneliani,NC,NC,NC,NC,NC,NC,NC,NC,NC,NC,NC,NC,NC,NC,NC,NC,NC,NC,NC,NC,NC,NC,NC,NC,NC,NC,NC,NC,NC,NC,NC,NC,NC,NC,NC,NC,NC,NC,NC,NC,NC,NC,NC,NC,NC,NC,NC,NC,NC,NC,NC,NC,NC,NC,NC,NC,corneliani.com,NC,NC,NC,NC,NC,NC,NC
Canali,NC,NC,NC,NC,NC,NC,NC,NC,NC,NC,NC,NC,NC,NC,NC,NC,NC,NC,NC,NC,NC,NC,NC,NC,NC,NC,NC,NC,NC,NC,NC,NC,NC,NC,NC,NC,NC,NC,NC,NC,NC,NC,NC,NC,NC,NC,NC,NC,NC,NC,NC,NC,NC,NC,NC,NC,us.canali.com,NC,NC,NC,NC,NC,NC,NC
Thom Browne,NC,NC,NC,NC,NC,NC,NC,NC,NC,NC,NC,NC,NC,NC,NC,NC,NC,NC,NC,NC,NC,NC,NC,NC,NC,NC,NC,NC,NC,NC,NC,NC,NC,NC,NC,NC,NC,NC,NC,NC,NC,NC,NC,NC,NC,NC,NC,NC,NC,NC,NC,NC,NC,NC,NC,NC,thombrowne.com,NC,NC,NC,NC,NC,NC,NC
Burberry,NC,NC,NC,NC,NC,NC,NC,NC,NC,NC,NC,NC,NC,NC,NC,NC,NC,NC,NC,NC,NC,NC,NC,NC,NC,NC,NC,NC,NC,NC,NC,NC,NC,NC,NC,NC,NC,NC,NC,NC,NC,NC,NC,NC,NC,NC,NC,NC,NC,NC,NC,NC,NC,NC,NC,NC,us.burberry.com,NC,https://us.burberry.com/search?search=,NC,NC,NC,NC,NC
Herno,NC,NC,NC,NC,NC,NC,NC,NC,NC,NC,NC,NC,NC,NC,NC,NC,NC,NC,NC,NC,NC,NC,NC,NC,NC,NC,NC,NC,NC,NC,NC,NC,NC,NC,NC,NC,NC,NC,NC,NC,NC,NC,NC,NC,NC,NC,NC,NC,NC,NC,NC,NC,NC,NC,NC,NC,us.herno.com,NC,NC,NC,NC,NC,NC,NC
Valstar,NC,NC,NC,NC,NC,NC,NC,NC,NC,NC,NC,NC,NC,NC,NC,NC,NC,NC,NC,NC,NC,NC,NC,NC,NC,NC,NC,NC,NC,NC,NC,NC,NC,NC,NC,NC,NC,NC,NC,NC,NC,NC,NC,NC,NC,NC,NC,NC,NC,NC,NC,NC,NC,NC,NC,NC,valstarmilano.com,NC,https://valstarmilano.com/en-us/search?q=,NC,NC,NC,NC,NC
Aspesi,NC,NC,NC,NC,NC,NC,NC,NC,NC,NC,NC,NC,NC,NC,NC,NC,NC,NC,NC,NC,NC,NC,NC,NC,NC,NC,NC,NC,NC,NC,NC,NC,NC,NC,NC,NC,NC,NC,NC,NC,NC,NC,NC,NC,NC,NC,NC,NC,NC,NC,NC,NC,NC,NC,NC,NC,aspesi.com,NC,https://www.aspesi.com/search?q=,NC,NC,NC,NC,NC
Paul & Shark,NC,NC,NC,NC,NC,NC,NC,NC,NC,NC,NC,NC,NC,NC,NC,NC,NC,NC,NC,NC,NC,NC,NC,NC,NC,NC,NC,NC,NC,NC,NC,NC,NC,NC,NC,NC,NC,NC,NC,NC,NC,NC,NC,NC,NC,NC,NC,NC,NC,NC,NC,NC,NC,NC,NC,NC,paulandshark.com,NC,NC,NC,NC,NC,NC,NC
Sease,NC,NC,NC,NC,NC,NC,NC,NC,NC,NC,NC,NC,NC,NC,NC,NC,NC,NC,NC,NC,NC,NC,NC,NC,NC,NC,NC,NC,NC,NC,NC,NC,NC,NC,NC,NC,NC,NC,NC,NC,NC,NC,NC,NC,NC,NC,NC,NC,NC,NC,NC,NC,NC,NC,NC,NC,sease.it,NC,https://sease.it/en/search?q=,NC,NC,NC,NC,NC
Moncler,NC,NC,NC,NC,NC,NC,NC,NC,NC,NC,NC,NC,NC,NC,NC,NC,NC,NC,NC,NC,NC,NC,NC,NC,NC,NC,NC,NC,NC,NC,NC,NC,NC,NC,NC,NC,NC,NC,NC,NC,NC,NC,NC,NC,NC,NC,NC,NC,NC,NC,NC,NC,NC,NC,NC,NC,moncler.com,NC,NC,NC,NC,NC,NC,NC
Ferragamo,NC,NC,NC,NC,NC,NC,NC,NC,NC,NC,NC,NC,NC,NC,NC,NC,NC,NC,NC,NC,NC,NC,NC,NC,NC,NC,NC,NC,NC,NC,NC,NC,NC,NC,NC,NC,NC,NC,NC,NC,NC,NC,NC,NC,NC,NC,NC,NC,NC,NC,NC,NC,NC,NC,NC,NC,ferragamo.com,NC,NC,NC,NC,NC,NC,NC
Giorgio Armani,NC,NC,NC,NC,NC,NC,NC,NC,NC,NC,NC,NC,NC,NC,NC,NC,NC,NC,NC,NC,NC,NC,NC,NC,NC,NC,NC,NC,NC,NC,NC,NC,NC,NC,NC,NC,NC,NC,NC,NC,NC,NC,NC,NC,NC,NC,NC,NC,NC,NC,NC,NC,NC,NC,NC,NC,armani.com,NC,https://www.armani.com/en-us/search?q=,NC,NC,NC,NC,NC
Missoni,NC,NC,NC,NC,NC,NC,NC,NC,NC,NC,NC,NC,NC,NC,NC,NC,NC,NC,NC,NC,NC,NC,NC,NC,NC,NC,NC,NC,NC,NC,NC,NC,NC,NC,NC,NC,NC,NC,NC,NC,NC,NC,NC,NC,NC,NC,NC,NC,NC,NC,NC,NC,NC,NC,NC,NC,missoni.com,NC,https://www.missoni.com/en-us/search?q=,NC,NC,NC,NC,NC
Etro,NC,NC,NC,NC,NC,NC,NC,NC,NC,NC,NC,NC,NC,NC,NC,NC,NC,NC,NC,NC,NC,NC,NC,NC,NC,NC,NC,NC,NC,NC,NC,NC,NC,NC,NC,NC,NC,NC,NC,NC,NC,NC,NC,NC,NC,NC,NC,NC,NC,NC,NC,NC,NC,NC,NC,NC,etro.com,NC,https://www.etro.com/us-en/search?q=,NC,NC,NC,NC,NC
Versace,NC,NC,NC,NC,NC,NC,NC,NC,NC,NC,NC,NC,NC,NC,NC,NC,NC,NC,NC,NC,NC,NC,NC,NC,NC,NC,NC,NC,NC,NC,NC,NC,NC,NC,NC,NC,NC,NC,NC,NC,NC,NC,NC,NC,NC,NC,NC,NC,NC,NC,NC,NC,NC,NC,NC,NC,versace.com,NC,https://www.versace.com/us/en/search?q=,NC,NC,NC,NC,NC
Dolce&Gabbana,NC,NC,NC,NC,NC,NC,NC,NC,NC,NC,NC,NC,NC,NC,NC,NC,NC,NC,NC,NC,NC,NC,NC,NC,NC,NC,NC,NC,NC,NC,NC,NC,NC,NC,NC,NC,NC,NC,NC,NC,NC,NC,NC,NC,NC,NC,NC,NC,NC,NC,NC,NC,NC,NC,NC,NC,dolcegabbana.com,NC,https://www.dolcegabbana.com/en-us/search/?q=,NC,NC,NC,NC,NC
Fendi,NC,NC,NC,NC,NC,NC,NC,NC,NC,NC,NC,NC,NC,NC,NC,NC,NC,NC,NC,NC,NC,NC,NC,NC,NC,NC,NC,NC,NC,NC,NC,NC,NC,NC,NC,NC,NC,NC,NC,NC,NC,NC,NC,NC,NC,NC,NC,NC,NC,NC,NC,NC,NC,NC,NC,NC,fendi.com,NC,https://www.fendi.com/us-en/search?q=,NC,NC,NC,NC,NC
Valentino,NC,NC,NC,NC,NC,NC,NC,NC,NC,NC,NC,NC,NC,NC,NC,NC,NC,NC,NC,NC,NC,NC,NC,NC,NC,NC,NC,NC,NC,NC,NC,NC,NC,NC,NC,NC,NC,NC,NC,NC,NC,NC,NC,NC,NC,NC,NC,NC,NC,NC,NC,NC,NC,NC,NC,NC,valentino.com,NC,NC,NC,NC,NC,NC,NC
Saint Laurent,NC,NC,NC,NC,NC,NC,NC,NC,NC,NC,NC,NC,NC,NC,NC,NC,NC,NC,NC,NC,NC,NC,NC,NC,NC,NC,NC,NC,NC,NC,NC,NC,NC,NC,NC,NC,NC,NC,NC,NC,NC,NC,NC,NC,NC,NC,NC,NC,NC,NC,NC,NC,NC,NC,NC,NC,ysl.com,NC,https://www.ysl.com/en-us/search?q=,NC,NC,NC,NC,NC
Celine,NC,NC,NC,NC,NC,NC,NC,NC,NC,NC,NC,NC,NC,NC,NC,NC,NC,NC,NC,NC,NC,NC,NC,NC,NC,NC,NC,NC,NC,NC,NC,NC,NC,NC,NC,NC,NC,NC,NC,NC,NC,NC,NC,NC,NC,NC,NC,NC,NC,NC,NC,NC,NC,NC,NC,NC,celine.com,NC,https://www.celine.com/en-us/search?q=,NC,NC,NC,NC,NC
Givenchy,NC,NC,NC,NC,NC,NC,NC,NC,NC,NC,NC,NC,NC,NC,NC,NC,NC,NC,NC,NC,NC,NC,NC,NC,NC,NC,NC,NC,NC,NC,NC,NC,NC,NC,NC,NC,NC,NC,NC,NC,NC,NC,NC,NC,NC,NC,NC,NC,NC,NC,NC,NC,NC,NC,NC,NC,www.givenchy.com,NC,https://www.givenchy.com/us/en-US/search?q=,NC,NC,NC,NC,NC
Gucci,NC,NC,NC,NC,NC,NC,NC,NC,NC,NC,NC,NC,NC,NC,NC,NC,NC,NC,NC,NC,NC,NC,NC,NC,NC,NC,NC,NC,NC,NC,NC,NC,NC,NC,NC,NC,NC,NC,NC,NC,NC,NC,NC,NC,NC,NC,NC,NC,NC,NC,NC,NC,NC,NC,NC,NC,www.gucci.com,NC,https://www.gucci.com/us/en/search?searchString=,NC,NC,NC,NC,NC
Balenciaga,NC,NC,NC,NC,NC,NC,NC,NC,NC,NC,NC,NC,NC,NC,NC,NC,NC,NC,NC,NC,NC,NC,NC,NC,NC,NC,NC,NC,NC,NC,NC,NC,NC,NC,NC,NC,NC,NC,NC,NC,NC,NC,NC,NC,NC,NC,NC,NC,NC,NC,NC,NC,NC,NC,NC,NC,www.balenciaga.com,NC,https://www.balenciaga.com/en-us/search?q=,NC,NC,NC,NC,NC
McQueen,NC,NC,NC,NC,NC,NC,NC,NC,NC,NC,NC,NC,NC,NC,NC,NC,NC,NC,NC,NC,NC,NC,NC,NC,NC,NC,NC,NC,NC,NC,NC,NC,NC,NC,NC,NC,NC,NC,NC,NC,NC,NC,NC,NC,NC,NC,NC,NC,NC,NC,NC,NC,NC,NC,NC,NC,www.alexandermcqueen.com,NC,https://www.alexandermcqueen.com/en-us/search?q=,NC,NC,NC,NC,NC
Maison Margiela,NC,NC,NC,NC,NC,NC,NC,NC,NC,NC,NC,NC,NC,NC,NC,NC,NC,NC,NC,NC,NC,NC,NC,NC,NC,NC,NC,NC,NC,NC,NC,NC,NC,NC,NC,NC,NC,NC,NC,NC,NC,NC,NC,NC,NC,NC,NC,NC,NC,NC,NC,NC,NC,NC,NC,NC,www.maisonmargiela.com,NC,https://www.maisonmargiela.com/en-us/search?q=,NC,NC,NC,NC,NC
Rick Owens,NC,NC,NC,NC,NC,NC,NC,NC,NC,NC,NC,NC,NC,NC,NC,NC,NC,NC,NC,NC,NC,NC,NC,NC,NC,NC,NC,NC,NC,NC,NC,NC,NC,NC,NC,NC,NC,NC,NC,NC,NC,NC,NC,NC,NC,NC,NC,NC,NC,NC,NC,NC,NC,NC,NC,NC,www.rickowens.eu,NC,NC,NC,NC,NC,NC,NC
Yohji Yamamoto,NC,NC,NC,NC,NC,NC,NC,NC,NC,NC,NC,NC,NC,NC,NC,NC,NC,NC,NC,NC,NC,NC,NC,NC,NC,NC,NC,NC,NC,NC,NC,NC,NC,NC,NC,NC,NC,NC,NC,NC,NC,NC,NC,NC,NC,NC,NC,NC,NC,NC,NC,NC,NC,NC,NC,NC,theshopyohjiyamamoto.com,NC,https://theshopyohjiyamamoto.com/search?q=,NC,NC,NC,NC,NC
Comme des Garçons,NC,NC,NC,NC,NC,NC,NC,NC,NC,NC,NC,NC,NC,NC,NC,NC,NC,NC,NC,NC,NC,NC,NC,NC,NC,NC,NC,NC,NC,NC,NC,NC,NC,NC,NC,NC,NC,NC,NC,NC,NC,NC,NC,NC,NC,NC,NC,NC,NC,NC,NC,NC,NC,NC,NC,NC,www.comme-des-garcons.com,NC,NC,NC,NC,NC,NC,NC
Junya Watanabe,NC,NC,NC,NC,NC,NC,NC,NC,NC,NC,NC,NC,NC,NC,NC,NC,NC,NC,NC,NC,NC,NC,NC,NC,NC,NC,NC,NC,NC,NC,NC,NC,NC,NC,NC,NC,NC,NC,NC,NC,NC,NC,NC,NC,NC,NC,NC,NC,NC,NC,NC,NC,NC,NC,NC,NC,www.comme-des-garcons.com/junyawatanabeman.html,NC,NC,NC,NC,NC,NC,NC
Sacai,NC,NC,NC,NC,NC,NC,NC,NC,NC,NC,NC,NC,NC,NC,NC,NC,NC,NC,NC,NC,NC,NC,NC,NC,NC,NC,NC,NC,NC,NC,NC,NC,NC,NC,NC,NC,NC,NC,NC,NC,NC,NC,NC,NC,NC,NC,NC,NC,NC,NC,NC,NC,NC,NC,NC,NC,www.sacai.jp,NC,https://www.sacai.jp/search?q=,NC,NC,NC,NC,NC
Casablanca,NC,NC,NC,NC,NC,NC,NC,NC,NC,NC,NC,NC,NC,NC,NC,NC,NC,NC,NC,NC,NC,NC,NC,NC,NC,NC,NC,NC,NC,NC,NC,NC,NC,NC,NC,NC,NC,NC,NC,NC,NC,NC,NC,NC,NC,NC,NC,NC,NC,NC,NC,NC,NC,NC,NC,NC,casablancaparis.com,NC,https://casablancaparis.com/search?q=,NC,NC,NC,NC,NC
Jacquemus,NC,NC,NC,NC,NC,NC,NC,NC,NC,NC,NC,NC,NC,NC,NC,NC,NC,NC,NC,NC,NC,NC,NC,NC,NC,NC,NC,NC,NC,NC,NC,NC,NC,NC,NC,NC,NC,NC,NC,NC,NC,NC,NC,NC,NC,NC,NC,NC,NC,NC,NC,NC,NC,NC,NC,NC,www.jacquemus.com,NC,https://www.jacquemus.com/search?q=,NC,NC,NC,NC,NC
Prada,NC,NC,NC,NC,NC,NC,NC,NC,NC,NC,NC,NC,NC,NC,NC,NC,NC,NC,NC,NC,NC,NC,NC,NC,NC,NC,NC,NC,NC,NC,NC,NC,NC,NC,NC,NC,NC,NC,NC,NC,NC,NC,NC,NC,NC,NC,NC,NC,NC,NC,NC,NC,NC,NC,NC,NC,www.prada.com,NC,NC,NC,NC,NC,NC,NC
Loewe,NC,NC,NC,NC,NC,NC,NC,NC,NC,NC,NC,NC,NC,NC,NC,NC,NC,NC,NC,NC,NC,NC,NC,NC,NC,NC,NC,NC,NC,NC,NC,NC,NC,NC,NC,NC,NC,NC,NC,NC,NC,NC,NC,NC,NC,NC,NC,NC,NC,NC,NC,NC,NC,NC,NC,NC,www.loewe.com,NC,https://www.loewe.com/usa/en/search?q=,NC,NC,NC,NC,NC
JW Anderson,NC,NC,NC,NC,NC,NC,NC,NC,NC,NC,NC,NC,NC,NC,NC,NC,NC,NC,NC,NC,NC,NC,NC,NC,NC,NC,NC,NC,NC,NC,NC,NC,NC,NC,NC,NC,NC,NC,NC,NC,NC,NC,NC,NC,NC,NC,NC,NC,NC,NC,NC,NC,NC,NC,NC,NC,www.jwanderson.com,NC,https://www.jwanderson.com/search?q=,NC,NC,NC,NC,NC
Dior,NC,NC,NC,NC,NC,NC,NC,NC,NC,NC,NC,NC,NC,NC,NC,NC,NC,NC,NC,NC,NC,NC,NC,NC,NC,NC,NC,NC,NC,NC,NC,NC,NC,NC,NC,NC,NC,NC,NC,NC,NC,NC,NC,NC,NC,NC,NC,NC,NC,NC,NC,NC,NC,NC,NC,NC,www.dior.com,NC,https://www.dior.com/en_us/fashion/search/,NC,NC,NC,NC,NC
Amiri,NC,NC,NC,NC,NC,NC,NC,NC,NC,NC,NC,NC,NC,NC,NC,NC,NC,NC,NC,NC,NC,NC,NC,NC,NC,NC,NC,NC,NC,NC,NC,NC,NC,NC,NC,NC,NC,NC,NC,NC,NC,NC,NC,NC,NC,NC,NC,NC,NC,NC,NC,NC,NC,NC,NC,NC,amiri.com,NC,https://www.amiri.com/search?q=,NC,NC,NC,NC,NC
Rhude,NC,NC,NC,NC,NC,NC,NC,NC,NC,NC,NC,NC,NC,NC,NC,NC,NC,NC,NC,NC,NC,NC,NC,NC,NC,NC,NC,NC,NC,NC,NC,NC,NC,NC,NC,NC,NC,NC,NC,NC,NC,NC,NC,NC,NC,NC,NC,NC,NC,NC,NC,NC,NC,NC,NC,NC,rh-ude.com,NC,NC,NC,NC,NC,NC,NC
Palm Angels,NC,NC,NC,NC,NC,NC,NC,NC,NC,NC,NC,NC,NC,NC,NC,NC,NC,NC,NC,NC,NC,NC,NC,NC,NC,NC,NC,NC,NC,NC,NC,NC,NC,NC,NC,NC,NC,NC,NC,NC,NC,NC,NC,NC,NC,NC,NC,NC,NC,NC,NC,NC,NC,NC,NC,NC,www.palmangels.com,NC,https://www.palmangels.com/search?q=,NC,NC,NC,NC,NC
Golden Goose,NC,NC,NC,NC,NC,NC,NC,NC,NC,NC,NC,NC,NC,NC,NC,NC,NC,NC,NC,NC,NC,NC,NC,NC,NC,NC,NC,NC,NC,NC,NC,NC,NC,NC,NC,NC,NC,NC,NC,NC,NC,NC,NC,NC,NC,NC,NC,NC,NC,NC,NC,NC,NC,NC,NC,NC,www.goldengoose.com,NC,NC,NC,NC,NC,NC,NC
Fear of God,NC,NC,NC,NC,NC,NC,NC,NC,NC,NC,NC,NC,NC,NC,NC,NC,NC,NC,NC,NC,NC,NC,NC,NC,NC,NC,NC,NC,NC,NC,NC,NC,NC,NC,NC,NC,NC,NC,NC,NC,NC,NC,NC,NC,NC,NC,NC,NC,NC,NC,NC,NC,NC,NC,NC,NC,fearofgod.com,NC,https://fearofgod.com/search?q=,NC,NC,NC,NC,NC
Bode,NC,NC,NC,NC,NC,NC,NC,NC,NC,NC,NC,NC,NC,NC,NC,NC,NC,NC,NC,NC,NC,NC,NC,NC,NC,NC,NC,NC,NC,NC,NC,NC,NC,NC,NC,NC,NC,NC,NC,NC,NC,NC,NC,NC,NC,NC,NC,NC,NC,NC,NC,NC,NC,NC,NC,NC,bode.com,NC,https://www.bodenewyork.com/search?q=,NC,NC,NC,NC,NC
Greg Lauren,NC,NC,NC,NC,NC,NC,NC,NC,NC,NC,NC,NC,NC,NC,NC,NC,NC,NC,NC,NC,NC,NC,NC,NC,NC,NC,NC,NC,NC,NC,NC,NC,NC,NC,NC,NC,NC,NC,NC,NC,NC,NC,NC,NC,NC,NC,NC,NC,NC,NC,NC,NC,NC,NC,NC,NC,greglauren.com,NC,https://greglauren.com/search?q=,NC,NC,NC,NC,NC
Visvim,NC,NC,NC,NC,NC,NC,NC,NC,NC,NC,NC,NC,NC,NC,NC,NC,NC,NC,NC,NC,NC,NC,NC,NC,NC,NC,NC,NC,NC,NC,NC,NC,NC,NC,NC,NC,NC,NC,NC,NC,NC,NC,NC,NC,NC,NC,NC,NC,NC,NC,NC,NC,NC,NC,NC,NC,shop.visvim.com,NC,https://shop.visvim.com/search?keywords=,NC,NC,NC,NC,NC
Tom Ford,NC,NC,NC,NC,NC,NC,NC,NC,NC,NC,NC,NC,NC,NC,NC,NC,NC,NC,NC,NC,NC,NC,NC,NC,NC,NC,NC,NC,NC,NC,NC,NC,NC,NC,NC,NC,NC,NC,NC,NC,NC,NC,NC,NC,NC,NC,NC,NC,NC,NC,NC,NC,NC,NC,NC,NC,www.tomfordfashion.com,NC,NC,NC,NC,NC,NC,NC
Ralph Lauren Purple Label,NC,NC,NC,NC,NC,NC,NC,NC,NC,NC,NC,NC,NC,NC,NC,NC,NC,NC,NC,NC,NC,NC,NC,NC,NC,NC,NC,NC,NC,NC,NC,NC,NC,NC,NC,NC,NC,NC,NC,NC,NC,NC,NC,NC,NC,NC,NC,NC,NC,NC,NC,NC,NC,NC,NC,NC,www.ralphlauren.com,NC,https://www.ralphlauren.com/search?q=,NC,NC,NC,NC,NC
Zegna,NC,NC,NC,NC,NC,NC,NC,NC,NC,NC,NC,NC,NC,NC,NC,NC,NC,NC,NC,NC,NC,NC,NC,NC,NC,NC,NC,NC,NC,NC,NC,NC,NC,NC,NC,NC,NC,NC,NC,NC,NC,NC,NC,NC,NC,NC,NC,NC,NC,NC,NC,NC,NC,NC,NC,NC,www.zegna.com,NC,https://www.zegna.com/us-en/search?q=,NC,NC,NC,NC,NC
Bottega Veneta,NC,NC,NC,NC,NC,NC,NC,NC,NC,NC,NC,NC,NC,NC,NC,NC,NC,NC,NC,NC,NC,NC,NC,NC,NC,NC,NC,NC,NC,NC,NC,NC,NC,NC,NC,NC,NC,NC,NC,NC,NC,NC,NC,NC,NC,NC,NC,NC,NC,NC,NC,NC,NC,NC,NC,NC,www.bottegaveneta.com,NC,https://www.bottegaveneta.com/en-us/search?q=,NC,NC,NC,NC,NC
Berluti,NC,NC,NC,NC,NC,NC,NC,NC,NC,NC,NC,NC,NC,NC,NC,NC,NC,NC,NC,NC,NC,NC,NC,NC,NC,NC,NC,NC,NC,NC,NC,NC,NC,NC,NC,NC,NC,NC,NC,NC,NC,NC,NC,NC,NC,NC,NC,NC,NC,NC,NC,NC,NC,NC,NC,NC,www.berluti.com,NC,https://www.berluti.com/en-us/search?q=,NC,NC,NC,NC,NC
Charvet,NC,NC,NC,NC,NC,NC,NC,NC,NC,NC,NC,NC,NC,NC,NC,NC,NC,NC,NC,NC,NC,NC,NC,NC,NC,NC,NC,NC,NC,NC,NC,NC,NC,NC,NC,NC,NC,NC,NC,NC,NC,NC,NC,NC,NC,NC,NC,NC,NC,NC,NC,NC,NC,NC,NC,NC,charvet.com,NC,NC,NC,NC,NC,NC,NC
Husbands,NC,NC,NC,NC,NC,NC,NC,NC,NC,NC,NC,NC,NC,NC,NC,NC,NC,NC,NC,NC,NC,NC,NC,NC,NC,NC,NC,NC,NC,NC,NC,NC,NC,NC,NC,NC,NC,NC,NC,NC,NC,NC,NC,NC,NC,NC,NC,NC,NC,NC,NC,NC,NC,NC,NC,NC,husbands-paris.com,NC,https://www.husbands-paris.com/search?q=,NC,NC,NC,NC,NC
Brioni,NC,NC,NC,NC,NC,NC,NC,NC,NC,NC,NC,NC,NC,NC,NC,NC,NC,NC,NC,NC,NC,NC,NC,NC,NC,NC,NC,NC,NC,NC,NC,NC,NC,NC,NC,NC,NC,NC,NC,NC,NC,NC,NC,NC,NC,NC,NC,NC,NC,NC,NC,NC,NC,NC,NC,NC,www.brioni.com,NC,NC,NC,NC,NC,NC,NC
Isaia,NC,NC,NC,NC,NC,NC,NC,NC,NC,NC,NC,NC,NC,NC,NC,NC,NC,NC,NC,NC,NC,NC,NC,NC,NC,NC,NC,NC,NC,NC,NC,NC,NC,NC,NC,NC,NC,NC,NC,NC,NC,NC,NC,NC,NC,NC,NC,NC,NC,NC,NC,NC,NC,NC,NC,NC,www.isaia.us,NC,NC,NC,NC,NC,NC,NC
The Row,NC,NC,NC,NC,NC,NC,NC,NC,NC,NC,NC,NC,NC,NC,NC,NC,NC,NC,NC,NC,NC,NC,NC,NC,NC,NC,NC,NC,NC,NC,NC,NC,NC,NC,NC,NC,NC,NC,NC,NC,NC,NC,NC,NC,NC,NC,NC,NC,NC,NC,NC,NC,NC,NC,NC,NC,www.therow.com,NC,https://www.therow.com/search?q=,NC,NC,NC,NC,NC
Lemaire,NC,NC,NC,NC,NC,NC,NC,NC,NC,NC,NC,NC,NC,NC,NC,NC,NC,NC,NC,NC,NC,NC,NC,NC,NC,NC,NC,NC,NC,NC,NC,NC,NC,NC,NC,NC,NC,NC,NC,NC,NC,NC,NC,NC,NC,NC,NC,NC,NC,NC,NC,NC,NC,NC,NC,NC,www.lemaire.fr,NC,https://www.lemaire.fr/search?q=,NC,NC,NC,NC,NC
Jil Sander,NC,NC,NC,NC,NC,NC,NC,NC,NC,NC,NC,NC,NC,NC,NC,NC,NC,NC,NC,NC,NC,NC,NC,NC,NC,NC,NC,NC,NC,NC,NC,NC,NC,NC,NC,NC,NC,NC,NC,NC,NC,NC,NC,NC,NC,NC,NC,NC,NC,NC,NC,NC,NC,NC,NC,NC,www.jilsander.com,NC,https://www.jilsander.com/en-us/search?q=,NC,NC,NC,NC,NC
Acne Studios,NC,NC,NC,NC,NC,NC,NC,NC,NC,NC,NC,NC,NC,NC,NC,NC,NC,NC,NC,NC,NC,NC,NC,NC,NC,NC,NC,NC,NC,NC,NC,NC,NC,NC,NC,NC,NC,NC,NC,NC,NC,NC,NC,NC,NC,NC,NC,NC,NC,NC,NC,NC,NC,NC,NC,NC,www.acnestudios.com,NC,https://www.acnestudios.com/us/en/search?q=,NC,NC,NC,NC,NC
Dries Van Noten,NC,NC,NC,NC,NC,NC,NC,NC,NC,NC,NC,NC,NC,NC,NC,NC,NC,NC,NC,NC,NC,NC,NC,NC,NC,NC,NC,NC,NC,NC,NC,NC,NC,NC,NC,NC,NC,NC,NC,NC,NC,NC,NC,NC,NC,NC,NC,NC,NC,NC,NC,NC,NC,NC,NC,NC,www.driesvannoten.com,NC,NC,NC,NC,NC,NC,NC
Wales Bonner,NC,NC,NC,NC,NC,NC,NC,NC,NC,NC,NC,NC,NC,NC,NC,NC,NC,NC,NC,NC,NC,NC,NC,NC,NC,NC,NC,NC,NC,NC,NC,NC,NC,NC,NC,NC,NC,NC,NC,NC,NC,NC,NC,NC,NC,NC,NC,NC,NC,NC,NC,NC,NC,NC,NC,NC,walesbonner.com,NC,https://walesbonner.com/search?q=,NC,NC,NC,NC,NC
JiyongKim,NC,NC,NC,NC,NC,NC,NC,NC,NC,NC,NC,NC,NC,NC,NC,NC,NC,NC,NC,NC,NC,NC,NC,NC,NC,NC,NC,NC,NC,NC,NC,NC,NC,NC,NC,NC,NC,NC,NC,NC,NC,NC,NC,NC,NC,NC,NC,NC,NC,NC,NC,NC,NC,NC,NC,NC,intl.jiyongkim.net,NC,https://intl.jiyongkim.net/product/search.html?keyword=,NC,NC,NC,NC,NC
Brunello Cucinelli,NC,NC,NC,NC,NC,NC,NC,NC,NC,NC,NC,NC,NC,NC,NC,NC,NC,NC,NC,NC,NC,NC,NC,NC,NC,NC,NC,NC,NC,NC,NC,NC,NC,NC,NC,NC,NC,NC,NC,NC,NC,NC,NC,NC,NC,NC,NC,NC,NC,NC,NC,NC,NC,NC,NC,NC,shop.brunellocucinelli.com,NC,https://shop.brunellocucinelli.com/en-us/search?q=,NC,NC,NC,NC,NC
Fedeli,NC,NC,NC,NC,NC,NC,NC,NC,NC,NC,NC,NC,NC,NC,NC,NC,NC,NC,NC,NC,NC,NC,NC,NC,NC,NC,NC,NC,NC,NC,NC,NC,NC,NC,NC,NC,NC,NC,NC,NC,NC,NC,NC,NC,NC,NC,NC,NC,NC,NC,NC,NC,NC,NC,NC,NC,www.fedelicashmere.com,NC,https://www.fedelicashmere.com/en-usd/search?q=,NC,NC,NC,NC,NC
The Elder Statesman,NC,NC,NC,NC,NC,NC,NC,NC,NC,NC,NC,NC,NC,NC,NC,NC,NC,NC,NC,NC,NC,NC,NC,NC,NC,NC,NC,NC,NC,NC,NC,NC,NC,NC,NC,NC,NC,NC,NC,NC,NC,NC,NC,NC,NC,NC,NC,NC,NC,NC,NC,NC,NC,NC,NC,NC,elder-statesman.com,NC,https://www.elder-statesman.com/search?q=,NC,NC,NC,NC,NC
Hermès,NC,NC,NC,NC,NC,NC,NC,NC,NC,NC,NC,NC,NC,NC,NC,NC,NC,NC,NC,NC,NC,NC,NC,NC,NC,NC,NC,NC,NC,NC,NC,NC,NC,NC,NC,NC,NC,NC,NC,NC,NC,NC,NC,NC,NC,NC,NC,NC,NC,NC,NC,NC,NC,NC,NC,NC,www.hermes.com,NC,https://www.hermes.com/us/en/search/?s=,NC,NC,NC,NC,NC
Loro Piana,NC,NC,NC,NC,NC,NC,NC,NC,NC,NC,NC,NC,NC,NC,NC,NC,NC,NC,NC,NC,NC,NC,NC,NC,NC,NC,NC,NC,NC,NC,NC,NC,NC,NC,NC,NC,NC,NC,NC,NC,NC,NC,NC,NC,NC,NC,NC,NC,NC,NC,NC,NC,NC,NC,NC,NC,us.loropiana.com,NC,https://us.loropiana.com/en/search?q=,NC,NC,NC,NC,NC
Rubinacci,NC,NC,NC,NC,NC,NC,NC,NC,NC,NC,NC,NC,NC,NC,NC,NC,NC,NC,NC,NC,NC,NC,NC,NC,NC,NC,NC,NC,NC,NC,NC,NC,NC,NC,NC,NC,NC,NC,NC,NC,NC,NC,NC,NC,NC,NC,NC,NC,NC,NC,NC,NC,NC,NC,NC,NC,www.marianorubinacci.com,NC,https://www.marianorubinacci.com/en/search-results?searchterm=,NC,NC,NC,NC,NC
Kiton,NC,NC,NC,NC,NC,NC,NC,NC,NC,NC,NC,NC,NC,NC,NC,NC,NC,NC,NC,NC,NC,NC,NC,NC,NC,NC,NC,NC,NC,NC,NC,NC,NC,NC,NC,NC,NC,NC,NC,NC,NC,NC,NC,NC,NC,NC,NC,NC,NC,NC,NC,NC,NC,NC,NC,NC,us.kiton.com,NC,NC,NC,NC,NC,NC,NC
Cesare Attolini,NC,NC,NC,NC,NC,NC,NC,NC,NC,NC,NC,NC,NC,NC,NC,NC,NC,NC,NC,NC,NC,NC,NC,NC,NC,NC,NC,NC,NC,NC,NC,NC,NC,NC,NC,NC,NC,NC,NC,NC,NC,NC,NC,NC,NC,NC,NC,NC,NC,NC,NC,NC,NC,NC,NC,NC,www.cesareattolini.com,NC,NC,NC,NC,NC,NC,NC
Zilli,NC,NC,NC,NC,NC,NC,NC,NC,NC,NC,NC,NC,NC,NC,NC,NC,NC,NC,NC,NC,NC,NC,NC,NC,NC,NC,NC,NC,NC,NC,NC,NC,NC,NC,NC,NC,NC,NC,NC,NC,NC,NC,NC,NC,NC,NC,NC,NC,NC,NC,NC,NC,NC,NC,NC,NC,en.zilli.com,NC,https://en.zilli.com/search.php?search_query=,NC,NC,NC,NC,NC
Stefano Ricci,NC,NC,NC,NC,NC,NC,NC,NC,NC,NC,NC,NC,NC,NC,NC,NC,NC,NC,NC,NC,NC,NC,NC,NC,NC,NC,NC,NC,NC,NC,NC,NC,NC,NC,NC,NC,NC,NC,NC,NC,NC,NC,NC,NC,NC,NC,NC,NC,NC,NC,NC,NC,NC,NC,NC,NC,www.stefanoricci.com,NC,https://www.stefanoricci.com/en-us/search?q=,NC,NC,NC,NC,NC
Johnstons of Elgin,NC,NC,NC,NC,NC,NC,NC,NC,NC,NC,NC,NC,NC,NC,NC,NC,NC,NC,NC,NC,NC,NC,NC,NC,NC,NC,NC,NC,NC,NC,NC,NC,NC,NC,NC,NC,NC,NC,NC,NC,NC,NC,NC,NC,NC,NC,NC,NC,NC,NC,NC,NC,NC,NC,NC,NC,johnstonsofelgin.com,NC,https://johnstonsofelgin.com/en-us/search?q=,NC,NC,NC,NC,NC
