brand,band,site_domain,platform,search_url_on_file,read_in_full_before,current_prices,range_slots,garment_links_on_file
Levi's,premium,levi.com,custom,https://www.levi.com/US/en_US/search/,no,"[[20, 35], [30, 65], [50, 80], [60, 295], [60, 90], [70, 295], [90, 1200], null]",,7
Carhartt,premium,carhartt.com,custom,,no,"[[20, 45], [28, 40], [45, 80], [50, 128], [45, 128], [95, 95], [100, 230], ""?""]",Sweater;Outerwear;Shoes,5
Lacoste,premium,lacoste.com,salesforce_commerce,https://www.lacoste.com/us/search?q=,no,"[[50, 70], [98, 125], [89, 210], null, [110, 155], [98, 240], [165, 450], [125, 125]]",Sweater;Outerwear,7
Mack Weldon,premium,mackweldon.com,shopify,https://mackweldon.com/search?q=,yes,"[[48, 98], [78, 218], [98, 138], [168, 168], [128, 138], [168, 238], [128, 258], null]",,6
Charles Tyrwhitt,premium,charlestyrwhitt.com,salesforce_commerce,https://www.charlestyrwhitt.com/us/search?q=,yes,"[[59, 59], [109, 119], [129, 139], [149, 149], [149, 230], [149, 149], [229, 599], [169, 399]]",,7
Son of a Tailor,premium,sonofatailor.com,custom,,yes,"[[75, 150], [230, 230], [195, 195], null, null, [195, 270], null, null]",,4
Mott & Bow,premium,mottandbow.com,shopify,https://www.mottandbow.com/search?q=,yes,"[[39, 67], [74, 89], [90, 110], [99, 149], [124, 124], [239, 239], [248, 995], null]",,6
J.Crew,premium,jcrew.com,custom,https://www.jcrew.com/search2?Ntrm=,no,"[[30, 45], [45, 98], [80, 120], [98, 148], [90, 150], [80, 298], [178, 898], [168, 450]]",,8
Banana Republic,premium,bananarepublic.gap.com,custom,https://bananarepublic.gap.com/browse/search.do?searchText=,no,"[[30, 50], [50, 80], [80, 120], [100, 140], [100, 150], [90, 160], [298, 598], [238, 238]]",,8
Everlane,premium,everlane.com,shopify,https://www.everlane.com/search?q=,no,"[[25, 40], [45, 60], [70, 90], [80, 120], [70, 100], [98, 198], [148, 348], ""?""]",Outerwear;Shoes,7
Alex Crane,premium,alexcrane.co,shopify,https://alexcrane.co/search?q=,yes,"[[62, 98], [96, 188], [96, 158], null, [228, 228], [118, 278], [131, 328], null]",,6
Industry of All Nations,premium,industryofallnations.com,shopify,https://industryofallnations.com/search?q=,no,"[[45, 60], [70, 90], [100, 130], [120, 160], [100, 140], [300, 380], [180, 595], [345, 345]]",Outerwear,0
Marine Layer,premium,marinelayer.com,shopify,https://www.marinelayer.com/search?q=,yes,"[[48, 88], [68, 158], [118, 168], [145, 145], [138, 138], [138, 178], [168, 498], null]",,6
Cuts Clothing,premium,cutsclothing.com,shopify,https://www.cutsclothing.com/search?q=,yes,"[[48, 98], [72, 88], [72, 98], null, [124, 124], null, [98, 275], null]",,5
Bonobos,premium,bonobos.com,custom,https://bonobos.com/search?q=,no,"[[35, 50], [60, 90], [90, 130], [100, 150], [100, 180], [99, 99], [199, 699], null]",,7
Vuori,premium,vuoriclothing.com,shopify,https://vuoriclothing.com/search?q=,yes,"[[58, 68], [68, 108], [98, 98], [198, 198], [98, 188], [77, 228], [98, 298], null]",,7
Rothy's,premium,rothys.com,shopify,https://rothys.com/search?q=,yes,"[null, null, null, null, null, null, null, [125, 185]]",,1
Lululemon,premium,shop.lululemon.com,salesforce_commerce,https://shop.lululemon.com/search?Ntt=,no,"[[58, 88], [88, 128], [88, 148], null, [118, 168], [128, 168], [138, 398], [128, 158]]",Sweater;Outerwear;Shoes,7
Alo,premium,aloyoga.com,shopify,https://www.aloyoga.com/search?q=,no,"[[58, 98], [68, 98], null, null, [108, 158], [188, 298], [138, 398], ""?""]",Outerwear;Shoes,5
Southern Tide,premium,southerntide.com,shopify,https://southerntide.com/search?q=,no,"[[40, 55], [70, 108], [100, 148], [110, 140], [100, 140], [158, 178], [168, 178], ""?""]",Sweater,7
Rhoback,premium,rhoback.com,shopify,https://rhoback.com/search?q=,no,"[[35, 50], [70, 90], null, null, [90, 120], [128, 194], [154, 248], null]",Sweater;Outerwear,5
Criquet,premium,criquetshirts.com,shopify,https://criquetshirts.com/search?q=,yes,"[[58, 98], [98, 158], [124, 168], null, [148, 148], null, [218, 349], null]",,5
Taylor Stitch,premium,taylorstitch.com,shopify,https://www.taylorstitch.com/search?q=,no,"[[40, 70], [80, 120], [120, 160], [140, 200], [120, 180], [178, 218], [198, 1248], null]",Sweater,7
Outerknown,premium,outerknown.com,shopify,https://www.outerknown.com/search?q=,no,"[[40, 60], [70, 100], [100, 150], [130, 200], [100, 160], [178, 348], [298, 298], null]",Sweater,7
Patagonia,premium,patagonia.com,salesforce_commerce,https://www.patagonia.com/search/?q=,no,"[[40, 55], [60, 90], [90, 140], [100, 150], [90, 140], [159, 209], [119, 899], ""?""]",Outerwear;Shoes,5
Finisterre,premium,finisterre.com,shopify,https://finisterre.com/search?q=,no,"[[40, 60], [60, 90], [100, 155], [100, 140], [90, 130], [160, 165], [125, 385], null]",Sweater;Outerwear,5
Faherty,premium,fahertybrand.com,shopify,https://fahertybrand.com/search?q=,no,"[[50, 70], [80, 120], [120, 160], [150, 200], [130, 180], [168, 398], [278, 1500], [228, 228]]",Sweater,8
Rodd & Gunn,premium,roddandgunn.com,salesforce_commerce,https://www.roddandgunn.com/search?q=,no,"[[60, 90], [80, 120], [90, 140], [128, 178], [110, 160], [128, 178], [199, 798], [148, 198]]",,8
Rowan,premium,forrowan.com,shopify,https://forrowan.com/search?q=,yes,"[[55, 105], [135, 135], [135, 195], [225, 250], [195, 235], ""?"", [175, 365], ""?""]",,4
Mizzen+Main,premium,mizzenandmain.com,shopify,https://www.mizzenandmain.com/search?q=,yes,"[[68, 68], [108, 138], [148, 168], [120, 160], [138, 158], [168, 248], [188, 328], null]",,6
State & Liberty,premium,stateandliberty.com,shopify,https://stateandliberty.com/search?q=,yes,"[[38, 72], [92, 108], [105, 150], [138, 138], [150, 245], [92, 250], [225, 285], null]",,7
Rhone,premium,rhone.com,custom,https://www.rhone.com/search?q=,yes,"[[54, 98], [88, 148], [108, 168], null, [148, 158], [118, 188], [178, 498], ""?""]",Outerwear,6
J.Lindeberg,premium,www.jlindebergusa.com,shopify,https://www.jlindebergusa.com/search?q=,yes,"[[50, 130], [90, 225], [165, 165], [215, 235], [130, 210], [145, 325], [175, 830], ""?""]",Shoes;Outerwear;Sweater,7
TravisMathew,premium,travismathew.com,shopify,https://www.travismathew.com/search?q=,yes,"[[39, 64], [89, 109], [99, 119], [189, 189], [129, 149], [139, 159], [129, 399], [119, 249]]",,7
Malbon,premium,malbon.com,shopify,https://malbon.com/search?q=,yes,"[[58, 128], [108, 268], [168, 168], null, [148, 278], [198, 348], [168, 498], [198, 228]]",,6
Redvanly,premium,redvanly.com,shopify,https://www.redvanly.com/search?q=,yes,"[[70, 75], [95, 110], null, [185, 185], [150, 185], [225, 225], [150, 325], ""?""]",,6
RLX,premium,ralphlauren.com,salesforce_commerce,https://www.ralphlauren.com/search?q=,no,"[[70, 98], [98, 148], null, null, [128, 188], [330, 430], [265, 400], null]",Sweater;Outerwear,5
johnnie-O,premium,johnnie-o.com,shopify,https://www.johnnie-o.com/search?q=,no,"[[40, 60], [75, 115], [100, 145], [110, 165], [100, 150], [198, 198], [248, 998], [198, 248]]",Sweater,8
Percival,premium,percivalclo.com,shopify,https://www.percivalclo.com/search?q=,no,"[[50, 75], [90, 140], [110, 160], [130, 180], [120, 170], [210, 320], [255, 730, ""USD_landed""], null]",,7
Wax London,premium,waxlondon.com,shopify,https://www.waxlondon.com/search?q=,yes,"[[70, 85], [85, 260], [150, 215], [185, 330], [165, 225], [235, 270], [220, 825], null]",,7
Hiroshi Kato,premium,kato-brand.com,shopify,,no,"[[60, 90], [90, 130], [120, 180], [240, 320], [160, 220], null, [358, 458], null]",Outerwear,5
Sugar Cane,premium,sugarcane.jp,custom,https://www.selfedge.com/sugar-cane?q=,yes,"[[8690, 15180, ""JPY""], null, [11880, 29480, ""JPY""], [18480, 32780, ""JPY""], null, null, [25300, 275000, ""JPY""], null]",,0
Buck Mason,premium,buckmason.com,shopify,https://www.buckmason.com/search?q=,no,"[[48, 118], [88, 198], [128, 228], [198, 278], [178, 298], [178, 368], [298, 798], null]",,7
Duck Head,premium,www.duckhead.com,shopify,https://www.duckhead.com/search?q=,no,"[[44, 98], [98, 148], [118, 148], [178, 178], [118, 198], [128, 288], [168, 598], ""?""]",,7
Wythe,premium,wythe.com,shopify,https://www.wythe.com/search?q=,yes,"[[55, 78], [148, 148], [160, 248], null, [248, 248], [248, 368], [328, 1498], ""?""]",Polo;Shoes,6
AYR,premium,ayr.com,shopify,https://www.ayr.com/search?q=,no,"[[85, 125], [110, 195], [165, 225], [195, 265], [165, 245], [265, 595], [395, 1400], null]",,6
Alex Mill,premium,alexmill.com,shopify,https://www.alexmill.com/search?q=,no,"[[48, 78], [98, 155], [98, 148], [135, 165], [110, 150], [178, 358], [250, 275], null]",Outerwear,7
Robert Barakett,premium,robertbarakett.com,shopify,https://robertbarakett.com/search?q=,yes,"[[69, 99], [99, 248], [148, 158], null, [175, 178], [148, 398], [175, 798], [248, 398]]",,7
Easy Mondays,premium,easymondays.ca,shopify,https://easymondays.ca/search?q=,yes,"[[55, 70], [95, 95], [125, 164], null, [125, 125], ""?"", [255, 255], ""?""]",,4
Indochino,premium,indochino.com,custom,,yes,"[null, null, [139, 199], null, [139, 599], [89, 119], [319, 819], ""?""]",,4
Proper Cloth,premium,propercloth.com,custom,https://propercloth.com/search?q=,yes,"[[75, 195], [145, 350], [125, 325], [195, 395], [185, 895], [145, 375], [195, 795], null]",,7
Tecovas,premium,tecovas.com,shopify,https://www.tecovas.com/search?q=,no,"[[30, 45], [69, 95], [80, 120], [90, 140], [100, 140], [165, 195], [295, 295], [185, 285]]",Sweater,7
Patrick James,premium,patrickjames.com,shopify,https://www.patrickjames.com/search?q=,no,"[[40, 70], [80, 130], [110, 170], [120, 180], [130, 200], [138, 428], [268, 698], [248, 248]]",Outerwear,8
Barbour,premium,barbour.com,salesforce_commerce,https://www.barbour.com/us/search?q=,yes,"[[50, 110], [85, 160], [100, 200], null, [145, 270], [120, 330], [165, 700], ""?""]",Shoes,6
Baracuta,premium,us.baracuta.com,shopify,https://www.baracuta.com/search?q=,no,"[[110, 180], [140, 300], [135, 380], null, [175, 250], [225, 225], [405, 910], null]",Sweater,6
Filson,premium,filson.com,shopify,,no,"[[50, 85], [90, 130], [120, 180], [130, 180], [120, 180], [199, 259], [199, 1199], null]",Sweater;Outerwear,6
James Perse,premium,jamesperse.com,shopify,https://www.jamesperse.com/search?q=,no,"[[60, 220], [55, 120], [140, 220], [185, 265], [175, 295], [325, 595], [425, 1995], [450, 1095]]",,8
Y.Chroma,premium,ychroma.com,shopify,https://www.ychroma.com/search?q=,no,"[[95, 150], [130, 190], [180, 280], [200, 280], [180, 320], [299, 499], [399, 1249], null]",Outerwear;Sweater,6
Madhappy,premium,madhappy.com,shopify,https://www.madhappy.com/search?q=,no,"[[55, 85], [90, 130], null, [150, 220], [130, 180], ""?"", ""?"", ""?""]",,3
Kith,premium,kith.com,shopify,https://kith.com/search?q=,no,"[[55, 95], [95, 150], [130, 190], [160, 250], [140, 220], [175, 175], [245, 1495], null]",Sweater,7
Aimé Leon Dore,premium,aimeleondore.com,shopify,,no,"[[85, 150], [225, 295], [175, 275], [250, 280], [160, 260], [300, 400], [300, 1300], [395, 500]]",Sweater;Outerwear,5
Massimo Dutti,accessible,massimodutti.com,custom,,no,"[[46, 90], [70, 110], [90, 130], [100, 130], [100, 150], [100, 590], [160, 690], [200, 320]]",Outerwear,8
Vineyard Vines,accessible,vineyardvines.com,salesforce_commerce,https://www.vineyardvines.com/search?q=,no,"[[42, 58], [85, 120], [110, 145], [110, 160], [100, 150], [108, 108], [168, 178], ""?""]",Outerwear;Shoes,7
Polo Ralph Lauren,accessible,ralphlauren.com,salesforce_commerce,https://www.ralphlauren.com/search?q=,no,"[[60, 90], [110, 138], [125, 165], [148, 198], [110, 168], [130, 498], [185, 798], [168, 548]]",,8
RRL,accessible,ralphlauren.com,salesforce_commerce,https://www.ralphlauren.com/search?q=,no,"[[75, 195], [150, 250], [240, 450], [260, 390], [220, 380], [395, 395], [495, 2200], ""?""]",Sweater;Shoes,6
J.McLaughlin,accessible,jmclaughlin.com,shopify,https://www.jmclaughlin.com/search?q=,no,"[[45, 75], [85, 135], [115, 165], [125, 175], [115, 185], [298, 328], [898, 998], [328, 565]]",Outerwear,6
Peter Millar,accessible,petermillar.com,salesforce_commerce,https://www.petermillar.com/search?q=,no,"[[65, 95], [95, 135], [130, 180], [150, 225], [140, 225], [235, 998], [278, 1398], [250, 395]]",,8
Ted Baker,accessible,tedbaker.com,shopify,,no,"[[50, 75], [80, 120], [110, 160], [130, 180], [130, 200], [175, 295], [325, 875], [190, 190]]",,7
Scotch & Soda,accessible,scotchandsoda.com,shopify,,no,"[[45, 70], [80, 110], [100, 140], [120, 180], [110, 160], [98, 198], [178, 898], [108, 108]]",Sweater,8
NN07,accessible,nn07.com,custom,,no,"[[55, 90], [150, 330], [120, 305], [250, 265], [195, 295], [210, 410], [420, 1900], null]",,7
Samsøe Samsøe,accessible,samsoe.com,custom,https://www.samsoe.com/en-US/search?q=,yes,"[[55, 145], [165, 225], [160, 255], [225, 270], [180, 280], [170, 380], [180, 975], [240, 525]]",,8
Les Deux,accessible,lesdeux.us,shopify,https://lesdeux.us/search?q=,yes,"[[49, 99], [129, 189], [139, 189], [159, 219], [139, 189], [149, 279], [299, 829], [289, 289]]",,8
Norse Projects,accessible,norseprojects.com,shopify,https://www.norseprojects.com/search?q=,no,"[[60, 90], [215, 360], [140, 200], [160, 240], [150, 220], [270, 395], [395, 1600], null]",Outerwear,6
Vollebak,accessible,vollebak.com,shopify,https://vollebak.com/search?q=,no,"[[110, 160], [145, 220], [250, 380], [400, 600], [295, 495], [395, 395], [3295, 4295], null]",,5
Stone Island,accessible,stoneisland.com,salesforce_commerce,,no,"[[120, 190], [190, 280], [250, 350], [300, 450], [250, 400], [420, 1425], [900, 6250], ""?""]",Shoes,5
A Bathing Ape,accessible,us.bape.com,shopify,https://us.bape.com/search?q=,yes,"[[99, 285], [239, 239], [275, 535], [369, 655], null, ""?"", [475, 1905], [299, 359]]",,5
Canada Goose,accessible,canadagoose.com,salesforce_commerce,https://www.canadagoose.com/us/en/search?q=,no,"[[80, 125], [125, 175], null, null, [200, 300], [375, 575], [550, 2075], ""?""]",Outerwear;Shoes,4
Arc'teryx,accessible,arcteryx.com,custom,https://arcteryx.com/us/en/search?q=,no,"[[50, 90], [150, 217], [250, 400], null, [130, 350], null, [180, 1200], ""?""]",Outerwear;Shoes,5
Vince,accessible,vince.com,salesforce_commerce,https://www.vince.com/search?q=,no,"[[65, 115], [115, 175], [165, 265], [195, 295], [195, 325], [298, 448], [498, 1598], [225, 298]]",,8
Rails,accessible,rails.com,shopify,https://www.rails.com/search?q=,no,"[[60, 90], [100, 150], [150, 220], [180, 250], [150, 220], [168, 268], [198, 398], null]",Outerwear,7
PAIGE,accessible,paige.com,shopify,,no,"[[70, 100], [110, 160], [150, 220], [190, 270], [170, 250], [229, 249], [289, 929], ""?""]",Sweater,7
AG,accessible,agjeans.com,shopify,https://www.agjeans.com/search?q=,no,"[[60, 90], [100, 140], [140, 200], [190, 280], [160, 240], [185, 185], [245, 895], null]",Sweater,7
Ksubi,accessible,ksubi.com,shopify,https://ksubi.com/search?q=,no,"[[70, 100], null, [150, 220], [200, 300], [150, 300], [240, 240], [420, 1000], null]",Sweater,5
Purple,accessible,purple-brand.com,shopify,https://purple-brand.com/search?q=,no,"[[65, 110], null, [140, 220], [250, 400], [172, 350], [350, 395], [395, 1295], ""?""]",Shoes,5
Diesel,accessible,diesel.com,salesforce_commerce,,no,"[[50, 90], [90, 140], [120, 180], [150, 350], [130, 220], [295, 550], [350, 1395], [250, 495]]",,8
Citizens of Humanity,accessible,citizensofhumanity.com,shopify,https://citizensofhumanity.com/search?q=,no,"[[55, 85], [95, 135], [140, 190], [190, 280], [160, 230], null, [328, 798], null]",Outerwear,6
AGOLDE,accessible,agolde.com,shopify,https://agolde.com/search?q=,no,"[[60, 90], [118, 280], [150, 220], [190, 290], [170, 250], null, [348, 995], null]",Outerwear,6
Fidelity Denim,accessible,fidelitydenim.com,shopify,https://fidelitydenim.com/search?q=,no,"[[60, 90], null, null, [168, 268], null, null, null, null]",,2
Joe's Jeans,accessible,joesjeans.com,shopify,https://www.joesjeans.com/search?q=,no,"[[50, 80], null, [128, 198], [178, 228], [158, 198], [278, 278], [218, 998], null]",,6
Suitsupply,accessible,suitsupply.com,shopify,https://suitsupply.com/en-us/search?q=,no,"[[69, 229], [70, 110], [100, 140], [120, 170], [120, 200], [109, 269], [399, 699], [249, 299]]",,8
Boggi Milano,accessible,boggi.com,salesforce_commerce,https://www.boggi.com/en-us/search?q=,no,"[[60, 90], [85, 120], [120, 160], null, [130, 180], [198, 268], [848, 1048], [328, 448]]",,7
Hackett,accessible,hackett.com,salesforce_commerce,https://www.hackett.com/uk/en_gb/search?q=,yes,"[[83, 98], [140, 200], [140, 215], [215, 245], [350, 350], [215, 275], [515, 755], [170, 560]]",,8
Eton,accessible,etonshirts.com,custom,,yes,"[[130, 250], [170, 450], [250, 550], null, null, [350, 695], [495, 1495], null]",,5
Rakho,accessible,rakho.nyc,custom,,no,"[null, null, ""?"", ""?"", ""?"", ""?"", ""?"", ""?""]",,2
Eleventy,accessible,eleventymilano.com,shopify,https://www.eleventymilano.com/en-us/search?q=,no,"[[250, 379], [245, 595], [325, 495], [580, 795], [345, 695], [595, 1795], [1195, 2995], [795, 1295]]",,8
Borgo28,accessible,borgo28.com,shopify,https://borgo28.com/search?q=,no,"[[78, 178], [98, 298], [95, 295], [175, 478], [135, 298], [148, 348], [175, 725], ""?""]",,6
Incotex,accessible,slowear.com,shopify,https://www.slowear.com/en-us/search?q=,yes,"[null, null, null, [349, 478], [360, 695], ""?"", [1145, 1680], ""?""]",,3
Jack Victor,accessible,jackvictor.com,shopify,https://jackvictor.com/search?q=,yes,"[[178, 178], [228, 298], [198, 298], null, [198, 348], [228, 498], [648, 1198], null]",,6
Brooks Brothers,accessible,brooksbrothers.com,salesforce_commerce,https://www.brooksbrothers.com/search?q=,no,"[[35, 60], [70, 198], [100, 150], [110, 160], [120, 200], [148, 498], [198, 1298], [199, 248]]",,8
J.Press,accessible,jpress.com,shopify,https://jpressonline.com/search?q=,no,"[[45, 75], [98, 145], [135, 185], [150, 225], [165, 295], [138, 1495], [1295, 1950], null]",,6
Sunspel,accessible,sunspel.com,shopify,https://us.sunspel.com/search?q=,no,"[[85, 120], [125, 175], [165, 235], [195, 265], [165, 245], [275, 1295], [415, 1595], [300, 365]]",,7
Saint James,accessible,us.saint-james.com,shopify,https://us.saint-james.com/search?q=,no,"[[85, 199], null, [195, 195], null, null, [200, 515], [155, 955], ""?""]",,4
Merz b. Schwanen,accessible,www.merzbschwanen.com,shopify,https://www.merzbschwanen.com/search?q=,no,"[[70, 175], [120, 250], null, null, [225, 310], [150, 325], [230, 495], ""?""]",,5
Margaret Howell,accessible,margarethowell.co.uk,shopify,https://www.margarethowell.co.uk/search?q=,no,"[[120, 180], [200, 350], [300, 450], [495, 500], [300, 450], [415, 640], [645, 1900], null]",Outerwear,6
Reiss,accessible,reiss.com,custom,https://www.reiss.com/us/en/search?q=,no,"[[55, 85], [95, 145], [120, 180], [150, 220], [150, 250], [175, 440, ""USD_landed""], [315, 785, ""USD_landed""], [230, 355, ""USD_landed""]]",,8
Sandro,accessible,us.sandro-paris.com,salesforce_commerce,https://us.sandro-paris.com/en/search?q=,yes,"[[155, 200], [175, 470], [260, 630], [315, 390], [470, 530], [315, 580], [420, 1905], [230, 545]]",,8
Isabel Marant,accessible,us.isabelmarant.com,shopify,https://us.isabelmarant.com/search?q=,no,"[[120, 190], [195, 283], [260, 420], [300, 450], [280, 450], [440, 880], [630, 1990], [880, 880]]",Outerwear,7
Frame,accessible,frame-store.com,shopify,https://frame-store.com/search?q=,no,"[[98, 138], [128, 400], [248, 300], [208, 300], [180, 280], [398, 598], [448, 1698], null]",,7
Theory,accessible,theory.com,salesforce_commerce,https://www.theory.com/search?q=,no,"[[60, 195], [105, 214], [145, 225], [175, 255], [175, 285], [225, 345], [365, 1295], ""?""]",,7
Rag & Bone,accessible,rag-bone.com,salesforce_commerce,https://www.rag-bone.com/search?q=,no,"[[65, 110], [115, 248], [155, 395], [195, 295], [175, 275], [238, 528], [348, 998], [428, 428]]",,8
John Varvatos,accessible,johnvarvatos.com,salesforce_commerce,https://www.johnvarvatos.com/search?q=,no,"[[68, 98], [118, 268], [148, 228], [198, 298], [178, 268], [198, 698], [398, 698], [498, 598]]",,8
Sid Mashburn,accessible,shopmashburn.com,shopify,,no,"[[55, 85], [95, 145], [125, 195], [165, 235], [165, 395], [195, 450], [395, 1395], [295, 595]]",,8
Billy Reid,accessible,billyreid.com,shopify,https://www.billyreid.com/search?q=,no,"[[88, 138], [148, 228], [178, 268], [228, 328], [198, 328], [198, 448], [598, 1598], [448, 448]]",,8
A.P.C.,accessible,apc-us.com,shopify,https://www.apc-us.com/search?q=,no,"[[75, 115], [125, 185], [165, 245], [210, 320], [190, 290], [350, 420], [440, 1750], [490, 490]]",Outerwear,8
Luca Faloni,accessible,lucafaloni.com,custom,https://lucafaloni.com/search?q=,yes,"[[165, 185], [160, 450], [210, 345], [195, 275], [325, 360], [375, 525], [360, 2995], null]",,7
120% Lino,accessible,120percento.com,shopify,https://120percento.com/search?q=,yes,"[[235, 235], null, [255, 375], null, [385, 415], [385, 385], [635, 895], null]",,5
Paul Smith,accessible,paulsmith.com,custom,,no,"[[70, 120], [120, 250], [160, 250], [200, 320], [190, 320], [250, 725], [895, 2595], [290, 595]]",,8
Officine Générale,accessible,us.officinegenerale.com,shopify,https://www.officinegenerale.com/search?q=,no,"[[90, 195], [140, 200], [190, 345], [240, 340], [230, 340], [495, 495, ""USD_landed""], [595, 1495, ""USD_landed""], null]",,6
Brax,accessible,brax.com,custom,https://www.brax.com/en/us/search?q=,no,"[""?"", ""?"", ""?"", [198, 228], [198, 248], ""?"", ""?"", ""?""]",,2
Hartford,accessible,hartford.fr,shopify,https://hartford.fr/en-us/search?q=,yes,"[[110, 185], [160, 300], [200, 325], null, [280, 360], [255, 650], [255, 1350], null]",,6
Our Legacy,accessible,ourlegacy.com,custom,,no,"[[140, 207], [150, 240], [220, 425], [280, 580], [260, 400], [420, 550, ""USD_landed""], [720, 2450, ""USD_landed""], [550, 680, ""USD_landed""]]",,7
Auralee,accessible,auralee.jp,custom,https://auralee.jp/item?freeword=,no,"[[95, 160], [160, 550], [240, 720], [300, 450], [280, 450], [534, 792, ""USD_landed""], [792, 5071, ""USD_landed""], [1078, 1353, ""USD_landed""]]",,8
Ami Paris,accessible,amiparis.com,shopify,,no,"[[95, 160], [160, 260], [230, 350], [280, 420], [260, 420], [430, 690], [680, 2650], [730, 730]]",Outerwear,8
Todd Snyder,accessible,toddsnyder.com,shopify,https://www.toddsnyder.com/search?q=,no,"[[48, 88], [98, 158], [128, 208], [178, 268], [168, 298], [248, 998], [398, 1298], [248, 798]]",,8
Boglioli,accessible,bogliolimilano.com,shopify,https://www.bogliolimilano.com/en-us/search?q=,no,"[[95, 184], [160, 439], [220, 620], [280, 400], [280, 450], [675, 1775], [900, 2550], null]",,6
Peserico,accessible,us.peserico.com,shopify,https://it.peserico.com/search?q=,yes,"[[325, 509], [515, 609], [475, 675], [515, 635], [529, 845], [505, 925], [815, 2005], [815, 959]]",,7
Ring Jacket,accessible,ringjacket.co.jp,custom,https://www.ringjacket.co.jp/p/search?keyword=,no,"[[150, 250], [200, 350], [200, 300], [300, 500], [300, 450], [99000, 99000, ""JPY""], [385000, 440000, ""JPY""], ""?""]",Outerwear,4
Drake's,accessible,us.drakes.com,shopify,https://www.drakes.com/search?q=,no,"[[85, 135], [450, 495], [295, 425], [419, 662], [310, 450], [345, 1065], [985, 2525], [575, 1065]]",,8
John Smedley,accessible,johnsmedley.com,custom,https://www.johnsmedley.com/en-us/search?q=,yes,"[[295, 350], [350, 495], null, null, null, [375, 710], [365, 820], null]",,4
Gran Sasso,accessible,shop.gransasso.it,custom,https://shop.gransasso.it/en/search?q=,yes,"[[230, 250], [400, 460], [390, 390], null, [540, 540], [380, 860], [920, 1330], [510, 670]]",,7
Raffi,accessible,raffionline.com,shopify,https://www.raffionline.com/search?q=,yes,"[[95, 130], [110, 275], [150, 185], null, null, [150, 680], [185, 680], null]",,5
BOSS,accessible,hugoboss.com,salesforce_commerce,https://www.hugoboss.com/us/search?text=,yes,"[[49, 349], [99, 399], [129, 399], [129, 449], [159, 649], [159, 549], [349, 2499], [170, 799]]",,8
Corneliani,trueLux,corneliani.com,magento,,no,"[[120, 180], [180, 280], [250, 380], [300, 450], [495, 595], [595, 1125], [1550, 4595], [595, 975]]",,8
Canali,trueLux,us.canali.com,custom,,no,"[[120, 190], [190, 320], [295, 425], [320, 480], [320, 550], [625, 1195], [1995, 8095], [625, 950]]",,8
Thom Browne,trueLux,thombrowne.com,shopify,,no,"[[520, 760], [590, 1395], [790, 890], [850, 1128], [540, 1430], [970, 1750], [1650, 5350], [790, 1360]]",,8
Burberry,trueLux,us.burberry.com,custom,https://us.burberry.com/search?search=,no,"[[395, 690], [395, 690], [510, 795], [790, 1283], [650, 1200], [885, 1395], [1495, 4450], [920, 995]]",,8
Herno,trueLux,us.herno.com,salesforce_commerce,,no,"[[119, 255], [207, 655], [465, 465], null, [320, 430], [495, 870], [995, 1685], ""?""]",Shoes,6
Valstar,trueLux,valstarmilano.com,shopify,https://valstarmilano.com/en-us/search?q=,yes,"[null, null, null, null, null, [1040, 1155], [700, 4930], ""?""]",,2
Aspesi,trueLux,aspesi.com,shopify,https://www.aspesi.com/search?q=,no,"[[110, 265], [159, 300], [250, 765], [282, 409], [249, 486], [265, 775], [515, 1365], null]",Outerwear,7
Paul & Shark,trueLux,paulandshark.com,salesforce_commerce,,no,"[[95, 165], [265, 775], [150, 350], [180, 280], [180, 300], [350, 795], [745, 1595], ""?""]",Shoes,7
Sease,trueLux,sease.it,shopify,https://sease.it/en/search?q=,yes,"[[270, 1100], [460, 650], [615, 985], [755, 755], [815, 1400], [1050, 2300], [3600, 6550], null]",,6
Moncler,trueLux,moncler.com,salesforce_commerce,,no,"[[310, 450], [350, 770], [840, 1495], [752, 1230], [640, 820], [795, 1195], [1435, 5410], ""?""]",Shoes;Sweater,6
Ferragamo,trueLux,ferragamo.com,custom,,yes,"[[430, 560], [460, 1890], [630, 1250], [1150, 1150], [890, 1390], [1250, 1990], [1690, 5100], [750, 1590]]",,7
Giorgio Armani,trueLux,armani.com,custom,https://www.armani.com/en-us/search?q=,no,"[[375, 1025], [375, 925], [545, 2095], [675, 1395], [795, 1895], [975, 4195], [1195, 9300], [745, 1395]]",,8
Missoni,trueLux,missoni.com,salesforce_commerce,https://www.missoni.com/en-us/search?q=,no,"[[460, 710], [550, 1240], [500, 2230], [670, 710], [694, 740], [880, 2130], [2450, 4790], ""?""]",Shoes,6
Etro,trueLux,etro.com,salesforce_commerce,https://www.etro.com/us-en/search?q=,yes,"[[350, 925], [325, 1675], [395, 1700], [750, 1025], [590, 2100], [600, 2300], [1075, 8900], [650, 1350]]",,8
Versace,trueLux,versace.com,salesforce_commerce,https://www.versace.com/us/en/search?q=,no,"[[425, 1225], [495, 1125], [1175, 1990], [850, 1175], [1375, 1390], [995, 1850], [1850, 6890], [795, 1425]]",,8
Dolce&Gabbana,trueLux,dolcegabbana.com,salesforce_commerce,https://www.dolcegabbana.com/en-us/search/?q=,no,"[[545, 1795], [995, 2045], [725, 2795], [804, 1395], [865, 1449], [995, 7045], [1995, 2845], [845, 1145]]",,8
Fendi,trueLux,fendi.com,custom,https://www.fendi.com/us-en/search?q=,no,"[[630, 1170], [790, 930], [810, 2500], [1050, 1815], [864, 900], [1300, 2500], [3250, 17350], [770, 1150]]",,8
Valentino,trueLux,valentino.com,custom,,no,"[[590, 790], [750, 1750], [950, 1750], [1150, 1550], [1100, 1350], [890, 2290], [2550, 4990], [790, 1190]]",,8
Saint Laurent,trueLux,ysl.com,custom,https://www.ysl.com/en-us/search?q=,no,"[[550, 620], [590, 1600], [1090, 2300], [550, 1180], [1250, 2250], ""?"", ""?"", ""?""]",,0
Celine,trueLux,celine.com,custom,https://www.celine.com/en-us/search?q=,no,"[[570, 700], null, [830, 1800], [990, 1550], [990, 1150], [1050, 1950], [1500, 8700], [950, 1300]]",,0
Givenchy,trueLux,www.givenchy.com,salesforce_commerce,https://www.givenchy.com/us/en-US/search?q=,no,"[[650, 1250], [620, 1950], [820, 1700], [1050, 2000], [1050, 1300], [1100, 1700], [1650, 4900], [790, 1020]]",,8
Gucci,trueLux,www.gucci.com,custom,https://www.gucci.com/us/en/search?searchString=,no,"[[590, 800], [564, 950], [880, 1350], [1047, 1840], [1350, 1800], ""?"", ""?"", ""?""]",,0
Balenciaga,trueLux,www.balenciaga.com,salesforce_commerce,https://www.balenciaga.com/en-us/search?q=,no,"[[595, 1390], [795, 850], [700, 1200], [975, 2390], [1490, 1650], ""?"", ""?"", ""?""]",,0
McQueen,trueLux,www.alexandermcqueen.com,custom,https://www.alexandermcqueen.com/en-us/search?q=,no,"[[320, 740], [650, 1590], [650, 920], [650, 1160], [783, 1350], [1290, 1290], [1850, 6590], [990, 990]]",Sweater,8
Maison Margiela,trueLux,www.maisonmargiela.com,salesforce_commerce,https://www.maisonmargiela.com/en-us/search?q=,no,"[[520, 895], [780, 1255], [990, 1430], [1090, 1660], [1280, 1790], [560, 1730], [695, 6590], [1450, 2050]]",Sweater,7
Rick Owens,trueLux,www.rickowens.eu,shopify,,no,"[[335, 915], null, [855, 1430], [900, 1485], [735, 1575], [560, 1905, ""USD_landed""], [1875, 3225, ""USD_landed""], ""?""]",Shoes,6
Yohji Yamamoto,trueLux,theshopyohjiyamamoto.com,shopify,https://theshopyohjiyamamoto.com/search?q=,no,"[[380, 500], null, [500, 850], [600, 1000], [286, 364], [520, 1080], [1790, 5190, ""USD_landed""], ""?""]",Sweater,6
Comme des Garçons,trueLux,www.comme-des-garcons.com,custom,,no,"[[270, 440], [350, 600], [440, 920], [600, 900], [680, 1460], ""?"", ""?"", ""?""]",,0
Junya Watanabe,trueLux,www.comme-des-garcons.com/junyawatanabeman.html,custom,,no,"[[310, 422], [394, 740], [937, 1134], [1030, 1273], [713, 937], ""?"", ""?"", ""?""]",,0
Sacai,trueLux,www.sacai.jp,shopify,https://www.sacai.jp/search?q=,no,"[[350, 410], [300, 756], [570, 1378], [610, 945], [640, 890], [620, 620], [945, 3675], [1000, 1000]]",Sweater,8
Casablanca,trueLux,casablancaparis.com,shopify,https://casablancaparis.com/search?q=,no,"[[265, 795], [550, 725], [545, 1067], [780, 1055], [1000, 1140], null, [970, 2435], [515, 545]]",,7
Jacquemus,trueLux,www.jacquemus.com,salesforce_commerce,https://www.jacquemus.com/search?q=,no,"[[212, 300], [430, 740], [711, 1332], [494, 580], [495, 882], [590, 850], [900, 5300], [590, 950]]",,8
Prada,trueLux,www.prada.com,custom,,no,"[[825, 1590], [1070, 1920], [1070, 2700], [1700, 1900], [1350, 2150], [1250, 4400], [2300, 7900], [1020, 1320]]",,8
Loewe,trueLux,www.loewe.com,salesforce_commerce,https://www.loewe.com/usa/en/search?q=,no,"[[550, 750], [650, 650], [950, 2200], [1150, 1250], [990, 1990], [990, 1650], [1950, 5990], [950, 1200]]",,8
JW Anderson,trueLux,www.jwanderson.com,shopify,https://www.jwanderson.com/search?q=,no,"[[170, 230], [275, 870], [480, 595], [595, 715], [440, 760], [715, 1270], [910, 5610], [590, 910]]",Sweater,8
Dior,trueLux,www.dior.com,custom,https://www.dior.com/en_us/fashion/search/,no,"[[610, 1600], [1700, 2050], [770, 2100], [1150, 1800], [650, 1300], [1500, 5400], [2300, 7000], [870, 1500]]",,8
Amiri,trueLux,amiri.com,shopify,https://www.amiri.com/search?q=,no,"[[225, 790], [315, 890], [590, 1290], [750, 1390], [790, 790], [950, 1150], [1090, 2490], [750, 890]]",Outerwear,8
Rhude,trueLux,rh-ude.com,shopify,,no,"[[245, 295], [575, 735], [600, 755], [775, 909], [1019, 1019], null, [720, 4110], ""?""]",Outerwear;Shoes,6
Palm Angels,trueLux,www.palmangels.com,salesforce_commerce,https://www.palmangels.com/search?q=,no,"[[220, 390], [495, 600], [168, 595], [610, 610], [445, 745], [405, 610], [610, 1095], ""?""]",Sweater;Outerwear;Shoes,7
Golden Goose,trueLux,www.goldengoose.com,salesforce_commerce,,yes,"[[160, 320], [195, 790], [450, 950], [450, 530], [450, 790], [490, 1350], [490, 2550], [450, 2520]]",,8
Fear of God,trueLux,fearofgod.com,shopify,https://fearofgod.com/search?q=,no,"[[295, 695], [115, 165], [135, 875], [695, 695], [890, 1190], [175, 1050], [1150, 3850], ""?""]",Sweater;Shoes,7
Bode,trueLux,bode.com,shopify,https://www.bodenewyork.com/search?q=,no,"[[180, 362], [550, 650], [490, 690], [650, 650], [728, 980], [600, 1600], [570, 5000], [690, 1080]]",Outerwear,8
Greg Lauren,trueLux,greglauren.com,shopify,https://greglauren.com/search?q=,no,"[[245, 450], null, [750, 1250], [840, 1650], [950, 1850], null, [1250, 3250], null]",,4
Visvim,trueLux,shop.visvim.com,custom,https://shop.visvim.com/search?keywords=,no,"[[396, 985], [639, 907], [955, 1967], [570, 1970], [760, 1792], [1280, 2670], [1372, 2230], [780, 1605]]",Outerwear;Shoes,7
Tom Ford,trueLux,www.tomfordfashion.com,salesforce_commerce,,no,"[[350, 3990], [450, 1720], [790, 2070], [990, 1264], [790, 3320], [1190, 3750], [1490, 10390], [1290, 2350]]",,8
Ralph Lauren Purple Label,trueLux,www.ralphlauren.com,salesforce_commerce,https://www.ralphlauren.com/search?q=,yes,"[[250, 350], [395, 1695], [395, 895], [795, 1495], [595, 895], [995, 2295], [2295, 8995], [395, 7500]]",,8
Zegna,trueLux,www.zegna.com,custom,https://www.zegna.com/us-en/search?q=,no,"[[495, 950], [495, 1690], [490, 795], [525, 875], [750, 1100], [1150, 3990], [3250, 9990], [1350, 1890]]",,8
Bottega Veneta,trueLux,www.bottegaveneta.com,salesforce_commerce,https://www.bottegaveneta.com/en-us/search?q=,no,"[[550, 950], [800, 1150], [1300, 1850], [900, 1250], [1100, 1600], ""?"", ""?"", ""?""]",,0
Berluti,trueLux,www.berluti.com,salesforce_commerce,https://www.berluti.com/en-us/search?q=,yes,"[[630, 1180], [660, 1610], [850, 1740], [1120, 2110], [1120, 1200], [1860, 2110], [2900, 11000], [1040, 11400]]",,7
Charvet,trueLux,charvet.com,custom,,no,"[null, [450, 850], [595, 895], null, [500, 800], ""?"", ""?"", ""?""]",,0
Husbands,trueLux,husbands-paris.com,shopify,https://www.husbands-paris.com/search?q=,no,"[[162, 185], [185, 255], [301, 787], [440, 440], [450, 650], [690, 690, ""USD_landed""], [2450, 3480, ""USD_landed""], [720, 930, ""USD_landed""]]",,7
Brioni,trueLux,www.brioni.com,custom,,no,"[[495, 1050], [645, 1295], [675, 1695], [720, 995], [695, 2050], [945, 2095], [1995, 10400], [995, 1750]]",,8
Isaia,trueLux,www.isaia.us,shopify,,no,"[[295, 375], [495, 1095], [695, 1525], [475, 730], [795, 1750], [1250, 2295], [3500, 5795], [1140, 1650]]",,8
The Row,trueLux,www.therow.com,shopify,https://www.therow.com/search?q=,no,"[[350, 1190], null, [1100, 1950], [850, 1050], [950, 2950], [1250, 2100], [2650, 14000], [990, 1990]]",,7
Lemaire,trueLux,www.lemaire.fr,shopify,https://www.lemaire.fr/search?q=,no,"[[255, 335], null, [451, 1099], [683, 683], [752, 1099], [690, 690], [1150, 3460], [890, 990]]",Sweater,7
Jil Sander,trueLux,www.jilsander.com,salesforce_commerce,https://www.jilsander.com/en-us/search?q=,no,"[[190, 550], [695, 1450], [850, 1990], [990, 1650], [1050, 1790], [990, 1850], [1290, 6990], [1490, 1490]]",Outerwear,8
Acne Studios,trueLux,www.acnestudios.com,salesforce_commerce,https://www.acnestudios.com/us/en/search?q=,no,"[[320, 620], null, [510, 900], [540, 1200], [540, 1150], [580, 1300, ""USD_landed""], [800, 5100, ""USD_landed""], [750, 850, ""USD_landed""]]",Outerwear,7
Dries Van Noten,trueLux,www.driesvannoten.com,shopify,,no,"[[250, 375], [695, 850], [490, 875], [495, 750], [700, 1195], [780, 975], [2270, 3550], [1060, 1180]]",Sweater,8
Wales Bonner,trueLux,walesbonner.com,shopify,https://walesbonner.com/search?q=,no,"[[220, 335], [400, 795], [620, 875], [600, 1295], [570, 900], [595, 595, ""GBP""], [750, 1500, ""GBP""], [485, 595, ""GBP""]]",Sweater,8
JiyongKim,trueLux,intl.jiyongkim.net,custom,https://intl.jiyongkim.net/product/search.html?keyword=,no,"[[100, 160], [190, 190], [240, 640], [615, 615], null, ""?"", [615, 1655], ""?""]",Jeans,5
Brunello Cucinelli,trueLux,shop.brunellocucinelli.com,salesforce_commerce,https://shop.brunellocucinelli.com/en-us/search?q=,no,"[[400, 690], [770, 2000], [650, 2950], [780, 1270], [730, 2700], [1300, 4600], [4600, 17900], [1200, 1600]]",,8
Fedeli,trueLux,www.fedelicashmere.com,shopify,https://www.fedelicashmere.com/en-usd/search?q=,yes,"[[200, 350], [250, 675], [300, 575], null, null, [420, 1752], [3005, 7843], ""?""]",,5
The Elder Statesman,trueLux,elder-statesman.com,shopify,https://www.elder-statesman.com/search?q=,no,"[[250, 450], [495, 1695], [600, 2113], null, [495, 895], [1050, 2490], [1290, 3990], null]",Outerwear,6
Hermès,trueLux,www.hermes.com,custom,https://www.hermes.com/us/en/search/?s=,no,"[[600, 1925], [740, 2375], [1400, 4750], null, [1150, 1850], [1200, 2825], [3850, 8800], [1100, 1925]]",,7
Loro Piana,trueLux,us.loropiana.com,custom,https://us.loropiana.com/en/search?q=,no,"[[725, 940], [635, 2450], [775, 2110], [865, 1145], [1150, 1750], [1125, 5250], [2770, 29000], [950, 2150]]",,8
Rubinacci,trueLux,www.marianorubinacci.com,custom,https://www.marianorubinacci.com/en/search-results?searchterm=,no,"[[150, 280], [180, 570], [280, 1940], null, [365, 710], [648, 648], [1896, 3120], [660, 696]]",,7
Kiton,trueLux,us.kiton.com,shopify,,no,"[[393, 1921], [613, 2048], [730, 1995], [902, 1921], [1295, 2935], [1080, 5170], [960, 15810], [1260, 2530]]",,8
Cesare Attolini,trueLux,www.cesareattolini.com,custom,,no,"[null, null, [900, 1250], null, [2150, 2200], ""?"", ""?"", ""?""]",,0
Zilli,trueLux,en.zilli.com,custom,https://en.zilli.com/search.php?search_query=,no,"[[451, 972], null, [729, 2065], [972, 1354], [763, 1267], [750, 1860, ""EUR""], [1470, 8500, ""EUR""], [870, 1380, ""EUR""]]",,7
Stefano Ricci,trueLux,www.stefanoricci.com,salesforce_commerce,https://www.stefanoricci.com/en-us/search?q=,no,"[[569, 875], [1226, 1839], [900, 1500], [1094, 1398], [1100, 3650], [1200, 3900], [2450, 12300], [1000, 2100]]",,8
Johnstons of Elgin,trueLux,johnstonsofelgin.com,shopify,https://johnstonsofelgin.com/en-us/search?q=,yes,"[[795, 795], [975, 1195], [1400, 3150], null, [2015, 2015], [725, 1795], [1970, 3835], null]",,5
