brand,b_corp,b_corp_entity,gots_certified_entity,gots_entity
Levi's,no,,no,
Carhartt,yes,"Carhartt, Inc.",no,
Lacoste,no,,yes,Lacoste Opérations (France)
Mack Weldon,no,,no,
Charles Tyrwhitt,no,,no,
Son of a Tailor,yes,Son of a Tailor,no,
Mott & Bow,no,,no,
J.Crew,no,,no,
Banana Republic,no,,no,
Everlane,no,,yes,Everlane (United States)
Alex Crane,yes,Alex Crane,no,
Industry of All Nations,no,,no,
Marine Layer,yes,Marine Layer,no,
Cuts Clothing,no,,no,
Bonobos,no,,no,
Vuori,no,,no,
Rothy's,no,,no,
Lululemon,no,,yes,Lululemon Athletica Inc (Canada)
Alo,no,,no,
Southern Tide,no,,no,
Rhoback,no,,no,
Criquet,no,,no,
Taylor Stitch,no,,no,
Outerknown,no,,no,
Patagonia,yes,Patagonia,no,
Finisterre,yes,Finisterre UK Limited,no,
Faherty,yes,Faherty Brand LLC,no,
Rodd & Gunn,no,,no,
Rowan,no,,no,
Mizzen+Main,no,,no,
State & Liberty,no,,no,
Rhone,no,,no,
J.Lindeberg,no,,no,
TravisMathew,no,,no,
Malbon,no,,no,
Redvanly,no,,no,
RLX,no,,no,
johnnie-O,no,,no,
Percival,no,,no,
Wax London,no,,no,
Hiroshi Kato,no,,no,
Sugar Cane,no,,no,
Buck Mason,no,,no,
Duck Head,no,,no,
Wythe,no,,no,
AYR,no,,no,
Alex Mill,no,,no,
Robert Barakett,no,,no,
Easy Mondays,no,,no,
Indochino,no,,no,
Proper Cloth,no,,no,
Tecovas,no,,no,
Patrick James,no,,no,
Barbour,no,,no,
Baracuta,no,,no,
Filson,no,,no,
James Perse,no,,no,
Y.Chroma,no,,no,
Madhappy,no,,no,
Kith,no,,no,
Aimé Leon Dore,no,,no,
Massimo Dutti,no,,no,
Vineyard Vines,no,,no,
Polo Ralph Lauren,no,,no,
RRL,no,,no,
J.McLaughlin,no,,no,
Peter Millar,no,,no,
Ted Baker,no,,no,
Scotch & Soda,no,,no,
NN07,no,,no,
Samsøe Samsøe,no,,yes,SAMSØE SAMSØE WHOLESALES ApS (Denmark)
Les Deux,no,,no,
Norse Projects,no,,no,
Vollebak,no,,no,
Stone Island,no,,no,
A Bathing Ape,no,,no,
Canada Goose,no,,no,
Arc'teryx,no,,no,
Vince,no,,no,
Rails,no,,no,
PAIGE,no,,no,
AG,no,,no,
Ksubi,no,,no,
Purple,no,,no,
Diesel,no,,yes,DIESEL S.p.A. (Italy)
Citizens of Humanity,no,,no,
AGOLDE,no,,no,
Fidelity Denim,no,,no,
Joe's Jeans,no,,no,
Suitsupply,no,,no,
Boggi Milano,no,,no,
Hackett,no,,no,
Eton,no,,yes,Eton AB (Sweden)
Rakho,no,,no,
Eleventy,no,,no,
Borgo28,no,,no,
Incotex,yes,Slowear (parent company),no,
Jack Victor,no,,no,
Brooks Brothers,no,,no,
J.Press,no,,no,
Sunspel,no,,no,
Saint James,no,,no,
Merz b. Schwanen,no,,no,
Margaret Howell,no,,no,
Reiss,no,,no,
Sandro,no,,no,
Isabel Marant,no,,no,
Frame,no,,no,
Theory,no,,no,
Rag & Bone,no,,no,
John Varvatos,no,,no,
Sid Mashburn,no,,no,
Billy Reid,no,,no,
A.P.C.,no,,no,
Luca Faloni,no,,no,
120% Lino,no,,no,
Paul Smith,no,,yes,Paul Smith Limited (UK)
Officine Générale,no,,no,
Brax,no,,no,
Hartford,no,,no,
Our Legacy,no,,no,
Auralee,no,,no,
Ami Paris,no,,yes,AMI PARIS SASU (France)
Todd Snyder,no,,no,
Boglioli,no,,no,
Peserico,no,,no,
Ring Jacket,no,,no,
Drake's,no,,no,
John Smedley,no,,no,
Gran Sasso,no,,no,
Raffi,no,,no,
BOSS,no,,no,
Corneliani,no,,no,
Canali,no,,no,
Thom Browne,no,,no,
Burberry,no,,yes,Burberry Limited (UK)
Herno,no,,no,
Valstar,yes,Slowear (parent company),no,
Aspesi,no,,no,
Paul & Shark,no,,no,
Sease,no,,no,
Moncler,no,,no,
Ferragamo,no,,no,
Giorgio Armani,no,,no,
Missoni,no,,no,
Etro,no,,no,
Versace,no,,no,
Dolce&Gabbana,no,,no,
Fendi,no,,no,
Valentino,no,,no,
Saint Laurent,no,,no,
Celine,no,,no,
Givenchy,no,,no,
Gucci,no,,no,
Balenciaga,no,,no,
McQueen,no,,no,
Maison Margiela,no,,no,
Rick Owens,no,,no,
Yohji Yamamoto,no,,no,
Comme des Garçons,no,,no,
Junya Watanabe,no,,no,
Sacai,no,,no,
Casablanca,no,,no,
Jacquemus,no,,no,
Prada,no,,no,
Loewe,no,,no,
JW Anderson,no,,no,
Dior,no,,no,
Amiri,no,,no,
Rhude,no,,no,
Palm Angels,no,,no,
Golden Goose,no,,no,
Fear of God,no,,no,
Bode,no,,no,
Greg Lauren,no,,no,
Visvim,no,,no,
Tom Ford,no,,no,
Ralph Lauren Purple Label,no,,no,
Zegna,no,,no,
Bottega Veneta,no,,no,
Berluti,no,,no,
Charvet,no,,check,TRP Charvet (France) - unconfirmed that this is the Place Vendôme shirtmaker
Husbands,no,,no,
Brioni,no,,no,
Isaia,no,,no,
The Row,no,,no,
Lemaire,no,,no,
Jil Sander,no,,no,
Acne Studios,yes,Acne Studios AB,yes,ACNE STUDIOS (Sweden)
Dries Van Noten,no,,no,
Wales Bonner,no,,no,
JiyongKim,no,,no,
Brunello Cucinelli,no,,no,
Fedeli,no,,no,
The Elder Statesman,no,,no,
Hermès,no,,yes,Holding Textile Hermès (France) - the group's textile arm
Loro Piana,no,,yes,LORO PIANA SPA (Italy)
Rubinacci,no,,no,
Kiton,no,,no,
Cesare Attolini,no,,no,
Zilli,no,,no,
Stefano Ricci,no,,no,
Johnstons of Elgin,yes,James Johnston & Co of Elgin Limited,yes,James Johnston & Co Of Elgin Ltd (UK)
