brand,seat,band,us_own_doors,kind,us_outlets,us_concessions,basis
Abercrombie & Fitch,207,premium,154,full,39,0,seat_wave_a 2026-10-08 locator read: 156 A&F-banner full-price (incl. 2 opening) + 39 outlets; abercrombie kids (87 + 19) not counted
adidas,208,premium,20,full,52,0,seat_wave_a 2026-10-08
Alden,209,accessible,2,full,0,0,seat_wave_a 2026-10-08
Allen Edmonds,210,accessible,55,count,3,0,"Caleres 10-K FY2025 (FYE 31 Jan 2026): 58 US Allen Edmonds stores incl. 3 outlets -> 55 full-price (incl. 18 Port Washington Studio); locator behind Cloudflare, not read"
AllSaints,211,premium,17,full,10,31,seat_wave_a 2026-10-08
Bally,212,trueLux,1,full,0,0,seat_wave_a 2026-10-08
Birkenstock,213,premium,14,full,10,0,seat_wave_a 2026-10-08
Calvin Klein,214,premium,2,full,113,0,seat_wave_a 2026-10-08
Chrome Hearts,215,trueLux,9,full,0,7,seat_wave_a 2026-10-08
Cole Haan,216,accessible,23,full,79,0,seat_wave_a 2026-10-08
COS,217,premium,12,full,0,0,seat_wave_a 2026-10-08
Dr. Martens,218,accessible,52,full,3,0,seat_wave_a 2026-10-08
Dunhill,219,trueLux,1,full,1,1,seat_wave_a 2026-10-08
Gant,220,accessible,0,full,0,0,positive zero 2026-10-10 (seat_wave_a)
Issey Miyake,221,trueLux,1,full,0,0,"seat_wave_a 2026-10-08: flagship list; 45 Madison Ave (opened May 2026) gathers all lines; Pleats Please and Bao Bao doors are women's/bags, not counted"
Johnston & Murphy,222,premium,89,full,66,0,seat_wave_a 2026-10-08
L.L.Bean,223,premium,62,full,11,0,seat_wave_a 2026-10-08
Louis Vuitton,224,trueLux,85,full,0,17,seat_wave_a 2026-10-08
Mackage,225,accessible,4,full,5,0,seat_wave_a 2026-10-08
Ministry of Supply,226,accessible,0,full,0,0,"seat_wave_a 2026-10-08: NC doors, no rows"
New Balance,227,premium,91,full,88,0,seat_wave_a 2026-10-08
Nike,228,premium,75,count,212,0,"NIKE, Inc. FY2026 10-K: 75 US in-line stores (incl. employee-only), 212 factory stores counted as outlets, Converse excluded; locator not read"
Off-White,229,trueLux,1,full,1,0,seat_wave_a 2026-10-08
Orvis,230,premium,34,full,2,0,seat_wave_a 2026-10-08
Paul Stuart,231,accessible,4,full,0,0,seat_wave_a 2026-10-08
Pendleton,232,premium,16,full,14,0,seat_wave_a 2026-10-08
Red Wing,233,accessible,483,full,0,0,"seat_wave_a 2026-10-08 locator read: 483 Red Wing-banner stores; brand says most are dealer-owned (company-owned count not published) — counted under the 8 Oct operator-run ruling, flagged"
Stüssy,234,premium,4,full,0,2,seat_wave_a 2026-10-08
Supreme,235,accessible,6,full,0,0,seat_wave_a 2026-10-08
The North Face,236,premium,0,full,0,0,"seat_wave_a 2026-10-08: NC doors, no rows"
Tod's,237,trueLux,8,full,0,2,seat_wave_a 2026-10-08
Tommy Hilfiger,238,premium,3,full,136,0,seat_wave_a 2026-10-08
Tracksmith,239,accessible,2,full,0,0,seat_wave_a 2026-10-08
Uniqlo,240,premium,87,count,0,0,"Fast Retailing North America page, 87 US stores as of 30 Sep 2026; no US outlet channel; locator not read"
UNTUCKit,241,premium,69,full,0,0,seat_wave_a 2026-10-08
Woolrich,242,accessible,0,full,0,0,"seat_wave_a 2026-10-08: NC doors, no rows"
