brand,store_name,banner_stated,format,status,street,city,state,zip,country,phone,venue,source_url,captured_on,note
Frescobol Carioca,"FRESCOBOL CARIOCA Outpost, New York (SoHo)",FRESCOBOL CARIOCA,own-door,open,339 W Broadway,New York,NY,10013,United States,332-239-2448,SoHo,https://www.frescobolcarioca.com/pages/retail-landing-page-new,2026-10-07,"brand calls it its New York outpost; Mon-Sat 11-7, Sun 12-6"
Orlebar Brown,BEVERLY HILLS,ORLEBAR BROWN,own-door,open,9525 Brighton Way,Beverly Hills,CA,90210,United States,+1 646 813 7910,NONE,https://www.orlebarbrown.com/en-us/pages/la-beverly-hills-store,2026-10-07,store email @orlebarbrown.com
Orlebar Brown,BRICKELL,ORLEBAR BROWN,own-door,open,Brickell City Centre,Miami,FL,33130,United States,+1 646 813 7912,Brickell City Centre,https://www.orlebarbrown.com/en-us/pages/brickell-miami-store,2026-10-07,store email @orlebarbrown.com
Orlebar Brown,Bal Harbour,ORLEBAR BROWN,own-door,open,"Unit 241, Bal Harbour Shops, 9700 Collins Avenue",Bal Harbour,FL,33154,United States,+1 646 813 7911,Bal Harbour Shops,https://www.orlebarbrown.com/en-us/pages/bal-harbour-store,2026-10-07,store email @orlebarbrown.com
Orlebar Brown,Belmont Park Village,ORLEBAR BROWN,outlet,open,2501 Hempstead Turnpike Unit H5A,Elmont,NY,11003,United States,+1 646 813 7901,Belmont Park Village (outlet centre),https://www.orlebarbrown.com/en-us/pages/belmont-park-village,2026-10-07,store email @orlebarbrown.com
Orlebar Brown,Boca Raton,ORLEBAR BROWN,own-door,open,"Unit 1032E, Town Center at Boca Raton, 6000 Glades Road",Boca Raton,FL,33431,United States,+1 646 813 7902,Town Center at Boca Raton,https://www.orlebarbrown.com/en-us/pages/boca-raton,2026-10-07,store email @orlebarbrown.com
Orlebar Brown,Brentwood,ORLEBAR BROWN,own-door,open,"225 26th St, Suite 54",Santa Monica,CA,90402,United States,+1 646 813 7913,NONE,https://www.orlebarbrown.com/en-us/pages/brentwood,2026-10-07,store email @orlebarbrown.com
Orlebar Brown,EAST HAMPTON,ORLEBAR BROWN,own-door,open,55 Newtown Lane,East Hampton,NY,11937,United States,+1 646 813 7904,NONE,https://www.orlebarbrown.com/en-us/pages/east-hampton-store,2026-10-07,store email @orlebarbrown.com
Orlebar Brown,FASHION ISLAND,ORLEBAR BROWN,own-door,open,1119 Newport Center Drive,Newport Beach,CA,92660,United States,+1 646 813 7905,Fashion Island,https://www.orlebarbrown.com/en-us/pages/fashion-island,2026-10-07,store email @orlebarbrown.com
Orlebar Brown,MONTECITO,ORLEBAR BROWN,own-door,open,1016 Coast Village Rd Unit 1014B-1,Santa Barbara,CA,93108,United States,+1 646 813 7906,NONE,https://www.orlebarbrown.com/en-us/pages/montecito,2026-10-07,store email @orlebarbrown.com
Orlebar Brown,PALM BEACH,ORLEBAR BROWN,own-door,open,340 Royal Poinciana Way Suite 3C,Palm Beach,FL,33480,United States,+1 646 813 7907,NONE,https://www.orlebarbrown.com/en-us/pages/palm-beach-store,2026-10-07,store email @orlebarbrown.com
Orlebar Brown,"Soho, New York",ORLEBAR BROWN,own-door,open,451 Broome Street,New York,NY,10013,United States,+1 646 813 7903,NONE,https://www.orlebarbrown.com/en-us/pages/soho-ny-store,2026-10-07,store email @orlebarbrown.com
Orlebar Brown,South Beach,ORLEBAR BROWN,concession,locator address gives 'The Setai Hotel'; filed concession per the hotel rule — check whether it is a street-front unit,"2001 Collins Ave, The Setai Hotel",Miami Beach,FL,33139,United States,+1 646 813 7908,The Setai (hotel),https://www.orlebarbrown.com/en-us/pages/miami-south-beach-store,2026-10-07,store email @orlebarbrown.com; counted as concession
Frescobol Carioca,"One&Only, Portonovi",FRESCOBOL CARIOCA,concession,open,Portonovi Resort (One&Only),Herceg Novi,NONE,85340,Montenegro,+97146021105,One&Only Portonovi (resort),https://www.frescobolcarioca.com/pages/retail-landing-page-new,2026-10-07,"brand calls it its Montenegro Outpost ""at One&Only Resort, Portonovi""; shop inside a resort hotel = concession per brief; street address from the brand stockist list; the phone given (+971...) is a Dubai number; also appears on the stockist list"
Orlebar Brown,Bondi Junction,ORLEBAR BROWN,own-door,open,"Level 4, Westfield Bondi Junction, 500 Oxford St",Bondi Junction,NSW,2022,Australia,(+61) 02 9714 6011,Westfield Bondi Junction,https://www.orlebarbrown.com/en-us/pages/bondi-junction,2026-10-07,store email @orlebarbrown.com
Orlebar Brown,CHADSTONE,ORLEBAR BROWN,own-door,open,"Chadstone Shopping Centre, Unit 344A, 1341 Dandenong Rd",Chadstone,VIC,3148,Australia,(+61) 03 9069 5511,Chadstone Shopping Centre,https://www.orlebarbrown.com/en-us/pages/chadstone-store,2026-10-07,store email @orlebarbrown.com
Orlebar Brown,Martin Place,ORLEBAR BROWN,own-door,open,5 Martin Place,Sydney,NSW,2000,Australia,(+61) 02 9714 6012,NONE,https://www.orlebarbrown.com/en-us/pages/martin-place-store,2026-10-07,store email @orlebarbrown.com
Orlebar Brown,NOOSA QUEENSLAND,ORLEBAR BROWN,own-door,open,14-16 Hastings Street,Noosa,QLD,4567,Australia,(+61) 07 54473589,NONE,https://www.orlebarbrown.com/en-us/pages/noosa-store,2026-10-07,store email @orlebarbrown.com
Orlebar Brown,Rosewood Little Dix Bay,ORLEBAR BROWN,concession,open,Rosewood Little Dix Bay,Virgin Gorda,NONE,NONE,British Virgin Islands,+1 (284) 340-0706,Rosewood Little Dix Bay (resort),https://www.orlebarbrown.com/en-us/pages/rosewood,2026-10-07,store email @orlebarbrown.com; counted as concession
Orlebar Brown,Dominican Republic,ORLEBAR BROWN,own-door,store page: 'Situated within the luxurious Marina shops at Casa de Campo Resort',"Calle Barlovento 27, La Marina",Casa de Campo,NONE,NONE,Dominican Republic,+1 (809) 523-2266,Marina shops at Casa de Campo Resort & Villas,https://www.orlebarbrown.com/en-us/pages/dominican-republic-store,2026-10-07,store email @orlebarbrown.com
Orlebar Brown,BLVD DE LA MADELEINE,ORLEBAR BROWN,own-door,open,5 Bd de la Madeleine,Paris,NONE,75001,France,0033 1 40 26 21 24,NONE,https://www.orlebarbrown.com/en-us/pages/madeline-store,2026-10-07,store email @orlebarbrown.com
Orlebar Brown,Biarritz,ORLEBAR BROWN,own-door,open,4 Avenue De L’Impératrice,Biarritz,NONE,64200,France,0033 05 59 43 08 95,NONE,https://www.orlebarbrown.com/en-us/pages/biarritz-store,2026-10-07,store email @orlebarbrown.com
Orlebar Brown,CANNES,ORLEBAR BROWN,concession,open,"Carlton Cannes, 58 Bd de la Croisette",Cannes,NONE,06400,France,0033 4 93 68 83 62,Carlton Cannes (hotel),https://www.orlebarbrown.com/en-us/pages/cannes-store,2026-10-07,store email @orlebarbrown.com; counted as concession
Orlebar Brown,Galeries Lafayette Nice Masséna,ORLEBAR BROWN,concession,open,6 Av. Jean Médecin,Nice,NONE,06000,France,+33 4 92 17 36 36,Galeries Lafayette (department store),https://www.orlebarbrown.com/en-us/pages/galeries-lafayette-nice-massena,2026-10-07,store email @orlebarbrown.com; counted as concession
Orlebar Brown,Le Bon Marche,ORLEBAR BROWN,concession,open,24 Rue de Sevres,Paris,NONE,75007,France,+33 1 44 39 80 00,Le Bon Marché (department store),https://www.orlebarbrown.com/en-us/pages/le-bon-marche,2026-10-07,store email @orlebarbrown.com; counted as concession
Orlebar Brown,Saint-Tropez,ORLEBAR BROWN,own-door,open,1 Rue Henri Seillon,Saint-Tropez,NONE,83990,France,0033 4 94 96 04 53,NONE,https://www.orlebarbrown.com/en-us/pages/st-tropez-store,2026-10-07,store email @orlebarbrown.com
Orlebar Brown,Astir MARINA,ORLEBAR BROWN,own-door,"open — store email on salt-water.gr, likely partner/franchise-operated",Apollonos 77,Vouliagmeni,NONE,166 71,Greece,+30 2109671259,Astir Marina,https://www.orlebarbrown.com/en-us/pages/astir-marina,2026-10-07,store email @salt-water.gr; likely partner/franchise-operated; not counted in own_doors_world
Orlebar Brown,Athens Downtown,ORLEBAR BROWN,own-door,"open — store email on salt-water.gr, likely partner/franchise-operated; store page /pages/athens redirects to the accessibility statement",Voukourestiou 21A,Athens,NONE,10671,Greece,+30 210 3388974,NONE,https://www.orlebarbrown.com/en-us/pages/athens,2026-10-07,store email @salt-water.gr; likely partner/franchise-operated; not counted in own_doors_world
Orlebar Brown,Costa Navarino,ORLEBAR BROWN,concession,"open — store email on salt-water.gr, likely partner/franchise-operated","Costa Navarino, Navarino Bay",Pylos,NONE,240 01,Greece,NONE,Costa Navarino (resort),https://www.orlebarbrown.com/en-us/pages/costanavarino,2026-10-07,store email @salt-water.gr; likely partner/franchise-operated; not counted in own_doors_world
Orlebar Brown,Mykonos,ORLEBAR BROWN,own-door,"open — store email on salt-water.gr, likely partner/franchise-operated",Kalogera 26-27,Mykonos,NONE,846 00,Greece,+30 2289 025003,NONE,https://www.orlebarbrown.com/en-us/pages/mykonos-store,2026-10-07,store email @salt-water.gr; likely partner/franchise-operated; not counted in own_doors_world
Orlebar Brown,Capri,ORLEBAR BROWN,concession,coming soon (store page says COMING SOON),"OB CAPRI Hotel La Palma, Via Vittorio Emanuele 39",Capri,NONE,80073,Italy,NONE,Hotel La Palma,https://www.orlebarbrown.com/en-us/pages/capri,2026-10-07,store email @orlebarbrown.com; counted as concession
Orlebar Brown,Porto Cervo,ORLEBAR BROWN,own-door,open,Piazzetta Delle Chiacchiere 3,Porto Cervo,NONE,07021,Italy,+39 0789 908090,NONE,https://www.orlebarbrown.com/en-us/pages/porto-cervo-store,2026-10-07,store email @orlebarbrown.com
Orlebar Brown,Kuwait,ORLEBAR BROWN,own-door,open — no store email published; operator not stated,"Sabah Al Ahmad Sea Area, Al Khiran Mall, Ground Floor, Shop No. G27",Al Khiran,NONE,NONE,Kuwait,+965 22208622,Al Khiran Mall,https://www.orlebarbrown.com/en-us/pages/kuwait,2026-10-07,no store email published; operator not stated; not counted in own_doors_world
Orlebar Brown,Anima Village,ORLEBAR BROWN,own-door,open,"México 1 Km 10.3-Store 03.04, Tourist Corridor, Del Sol",Cabo San Lucas,B.C.S.,23455,Mexico,NONE,Anima Village (open-air shopping centre),https://www.orlebarbrown.com/en-us/pages/anima-village,2026-10-07,store email @orlebarbrown.com
Orlebar Brown,Mexico City,ORLEBAR BROWN,concession,open — no store email published; operator not stated,"El Palacio de Hierro Polanco, 2nd floor, Hombre Sport, Av Moliere 222, Polanco II Secc, Miguel Hidalgo",Ciudad de México,CDMX,11530,Mexico,NONE,El Palacio de Hierro (department store),https://www.orlebarbrown.com/en-us/pages/mexico-city-store,2026-10-07,no store email published; operator not stated; not counted in own_doors_world
Orlebar Brown,St. Regis Kanai Resort,ORLEBAR BROWN,concession,open — no store email published; operator not stated,"Paseo Kanai 15, Solidaridad",Playa del Carmen,Quintana Roo,77730,Mexico,+52 998 734 7246,St. Regis Kanai Resort (beach-hut boutique),https://www.orlebarbrown.com/en-us/pages/st-regis-riviera-maya,2026-10-07,no store email published; operator not stated; not counted in own_doors_world
Orlebar Brown,Monaco,ORLEBAR BROWN,own-door,open,"Unit 205, 2nd Floor, Metropole Shopping Monaco, 17 Av. des Spelugues",Monaco,NONE,98000,Monaco,NONE,Metropole Shopping Monaco,https://www.orlebarbrown.com/en-us/pages/monaco,2026-10-07,store email @orlebarbrown.com
Orlebar Brown,ST BARTHS,ORLEBAR BROWN,own-door,open,Cour Vendôme,Gustavia,NONE,97133,Saint Barthélemy,+59 0590292007,NONE,https://www.orlebarbrown.com/en-us/pages/st-barths-store,2026-10-07,store email @orlebarbrown.com
Orlebar Brown,BARCELONA,ORLEBAR BROWN,own-door,open,"Pg. de Gràcia, 40, L'Eixample",Barcelona,NONE,08007,Spain,NONE,NONE,https://www.orlebarbrown.com/en-us/pages/barcelona-store,2026-10-07,store email @orlebarbrown.com
Orlebar Brown,El Corte Ingles Puerto Banús,ORLEBAR BROWN,concession,open,"C/ Ramón Areces, s/n, Puerto Banús",Marbella,Málaga,29660,Spain,+34 914 325 490,El Corte Inglés (department store),https://www.orlebarbrown.com/en-us/pages/el-corte-ingles-puerto-banus,2026-10-07,store email @orlebarbrown.com; counted as concession
Orlebar Brown,El Corte Inglés Serrano,ORLEBAR BROWN,concession,open,"C. de Serrano, 47, Salamanca",Madrid,NONE,28001,Spain,+34 626 59 10 81,El Corte Inglés (department store),https://www.orlebarbrown.com/en-us/pages/eci-serrano,2026-10-07,store email @orlebarbrown.com; counted as concession
Orlebar Brown,IBIZA,ORLEBAR BROWN,concession,venue inferred from address; store page slug 'ibiza-agora',Carrer Camí de sa Torre,San Juan Bautista,Illes Balears,07810,Spain,+44 20 3856 3210,Six Senses Ibiza (resort) — same street address as the Six Senses Ibiza stockist row on Frescobol Carioca's list,https://www.orlebarbrown.com/en-us/pages/ibiza-agora-store,2026-10-07,store email @orlebarbrown.com; counted as concession
Orlebar Brown,Ibiza Gallery,ORLEBAR BROWN,own-door,open,"Local L13, Platja d'en Bossa, 10",Sant Jordi de ses Salines,Balearic Islands,07800,Spain,+34 650 64 13 48,Ibiza Gallery,https://www.orlebarbrown.com/en-us/pages/ibiza-gallery,2026-10-07,store email @orlebarbrown.com
Orlebar Brown,Kimpton Los Monteros,ORLEBAR BROWN,concession,open,"c/ del Lince, km 187",Marbella,NONE,29603,Spain,NONE,Kimpton Los Monteros (hotel),https://www.orlebarbrown.com/en-us/pages/kimpton-los-monteros,2026-10-07,store email @orlebarbrown.com; counted as concession
Orlebar Brown,MALLORCA,ORLEBAR BROWN,own-door,open,"Carrer de Sant Nicolau, 11, Centre",Palma,Illes Balears,07001,Spain,+34 971 207 323,NONE,https://www.orlebarbrown.com/en-us/pages/mallorca-store,2026-10-07,store email @orlebarbrown.com
Orlebar Brown,MANDARIN ORIENTAL PUNTA NEGRA,ORLEBAR BROWN,concession,open,"Hotel Mandarin Oriental Punta Negra, Edificio A, Carrer Punta Negra 12",Punta Negra,Illes Balears,07181,Spain,NONE,Mandarin Oriental Punta Negra (hotel),https://www.orlebarbrown.com/en-us/pages/mandarin-oriental-punta-negra,2026-10-07,store email @orlebarbrown.com; counted as concession
Orlebar Brown,MARBELLA - Puente Romano,ORLEBAR BROWN,concession,venue inferred from store name,"Autovía del Mediterráneo, 177",Marbella,Málaga,29602,Spain,+34 952 392 374,Puente Romano Beach Resort,https://www.orlebarbrown.com/en-us/pages/marbella-store,2026-10-07,store email @orlebarbrown.com; counted as concession
Orlebar Brown,Madrid,ORLEBAR BROWN,concession,open,"InterContinental Madrid, Paseo de la Castellana, 49",Madrid,NONE,28046,Spain,+34 608 28 08 44,InterContinental Madrid (hotel),https://www.orlebarbrown.com/en-us/pages/madrid,2026-10-07,store email @orlebarbrown.com; counted as concession
Orlebar Brown,Bangkok ICON SIAM,ORLEBAR BROWN,own-door,open,"299 ICONSIAM Shopping Center, Unit M20/3, M floor, Charoen Nakorn Rd., Khlong Ton Sai, Khlong San",Bangkok,NONE,10600,Thailand,+66 025027909,ICONSIAM,https://www.orlebarbrown.com/en-us/pages/bangkok-icon-siam,2026-10-07,store email @orlebarbrown.com
Orlebar Brown,EmQuartier,ORLEBAR BROWN,own-door,open,"8 EmQuartier Shopping Complex, Unit MCO1A, M Floor, Sukhumvit 35 Road, Khlong Tan Nuea, Watthana",Bangkok,NONE,10110,Thailand,+66 (0) 2-502-7908,EmQuartier,https://www.orlebarbrown.com/en-us/pages/emquartier,2026-10-07,store email @orlebarbrown.com
Orlebar Brown,"Phuket, Thailand",ORLEBAR BROWN,own-door,open,"Central Floresta Phuket 2nd Floor, No. 218 West zone, 199 Moo 4, Vichitsongkram Road, Wichit, Mueang Phuket",Phuket,NONE,83000,Thailand,+66 02-502-7907,Central Floresta,https://www.orlebarbrown.com/en-us/pages/thailand-phuket,2026-10-07,store email @orlebarbrown.com
Orlebar Brown,Atlantis Royal,ORLEBAR BROWN,concession,"open — store email on mizzen.me, likely partner-operated","Crescent Rd, Palm Jumeirah",Dubai,NONE,NONE,United Arab Emirates,NONE,Atlantis The Royal (hotel),https://www.orlebarbrown.com/en-us/pages/atlantis-store,2026-10-07,store email @mizzen.me; likely partner/franchise-operated; not counted in own_doors_world
Orlebar Brown,Dubai Mall,ORLEBAR BROWN,own-door,"open — store email on mizzen.me, likely partner-operated","Shop No. FF-295A, Sheikh Mohammed Bin Rashed Boulevard, Downtown Dubai",Dubai,NONE,31166,United Arab Emirates,04 330 5005,The Dubai Mall,https://www.orlebarbrown.com/en-us/pages/dubai-mall-store,2026-10-07,store email @mizzen.me; likely partner/franchise-operated; not counted in own_doors_world
Orlebar Brown,GALLERIA MALL,ORLEBAR BROWN,own-door,"open — store email on mizzen.me, likely partner-operated","The Galleria Al Maryah Island, Level 2",Abu Dhabi,NONE,NONE,United Arab Emirates,+97102665 8635,The Galleria Al Maryah Island,https://www.orlebarbrown.com/en-us/pages/galleria-mall-store,2026-10-07,store email @mizzen.me; likely partner/franchise-operated; not counted in own_doors_world
Orlebar Brown,Mall of The Emirates,ORLEBAR BROWN,own-door,"open — store email on mizzen.me, likely partner-operated","Unit CO6H, Ground Floor, Mall of The Emirates",Dubai,NONE,NONE,United Arab Emirates,+971 4-3202147,Mall of the Emirates,https://www.orlebarbrown.com/en-us/pages/mall-of-emirates-store,2026-10-07,store email @mizzen.me; likely partner/franchise-operated; not counted in own_doors_world
Orlebar Brown,"Mandarin Oriental Jumeirah, Dubai",ORLEBAR BROWN,concession,"open — store email on mizzen.me, likely partner-operated",Mandarin Oriental Jumeirah,Dubai,NONE,NONE,United Arab Emirates,+971 4 340 2122,Mandarin Oriental Jumeirah (hotel),https://www.orlebarbrown.com/en-us/pages/mandarin-oriental-dubai,2026-10-07,store email @mizzen.me; likely partner/franchise-operated; not counted in own_doors_world
Orlebar Brown,BICESTER VILLAGE,ORLEBAR BROWN,outlet,open,"Unit 130 Bicester Village, Pingle Drive",Bicester,Oxfordshire,OX26 6WD,United Kingdom,+441869249246,Bicester Village (outlet centre),https://www.orlebarbrown.com/en-us/pages/bicester-village-store,2026-10-07,store email @orlebarbrown.com
Orlebar Brown,"BURLINGTON GARDENS, London",ORLEBAR BROWN,own-door,open,3 Burlington Gardens,London,NONE,W1S 3EP,United Kingdom,020 4517 7688,NONE,https://www.orlebarbrown.com/en-us/pages/burlington-store,2026-10-07,store email @orlebarbrown.com
Orlebar Brown,"HEATHROW TERMINAL 5, London",ORLEBAR BROWN,own-door,open,"Heathrow T5, Terminal 5 Departures, Airside, Unit RU2037",London,NONE,TW6 2GA,United Kingdom,02038276928,Heathrow Terminal 5 (airside),https://www.orlebarbrown.com/en-us/pages/heathrow,2026-10-07,store email @orlebarbrown.com
Orlebar Brown,"Harrods, London",ORLEBAR BROWN,concession,store page: 'Our concession on the second floor',"Harrods 2nd Floor, Men's Essentials and Swimwear, 87-135 Brompton Rd, Knightsbridge",London,NONE,SW1X 7XL,United Kingdom,+44(0)20 7730 1234,Harrods (department store),https://www.orlebarbrown.com/en-us/pages/harrods-store,2026-10-07,store email @orlebarbrown.com; counted as concession
Orlebar Brown,NOTTING HILL,ORLEBAR BROWN,own-door,open,206 Westbourne Grove,London,NONE,W11 2RH,United Kingdom,+44 (0) 20 3409 7725,NONE,https://www.orlebarbrown.com/en-us/pages/westbourne-grove-store,2026-10-07,store email @orlebarbrown.com
Orlebar Brown,SLOANE AVENUE,ORLEBAR BROWN,own-door,open,"84 Sloane Ave, Brompton Cross",London,NONE,SW3 3DZ,United Kingdom,+44 (0) 203 417 6390,NONE,https://www.orlebarbrown.com/en-us/pages/sloane-avenue-store,2026-10-07,store email @orlebarbrown.com
Orlebar Brown,Selfridges,ORLEBAR BROWN,concession,open,"Selfridges & Co (Men’s Tailoring Room), 400 Oxford Street",London,NONE,W1A 1AB,United Kingdom,+44 (0)7513 711 578,Selfridges (department store),https://www.orlebarbrown.com/en-us/pages/selfridges,2026-10-07,store email @orlebarbrown.com; counted as concession
