brand,shops,states,cities,shop_types,spellings_seen,carried_by,assessed,verdict,notes
Ballin,8,PA,Johnstown;Ligonier;Malvern;Newtown Square;Phoenixville;Pittsburgh;State College;Warrendale,In scope 5;Multigender 3,Ballin,Englund's Apparel for Men;Harpers;Hassis Men's Shop;Larrimor's;Millers of Johnstown;Oxford & Derby;Post & Rail Men's Shop;Weitzenkorn's,yes,save,women's list
"Hart, Schaffner & Marx",6,PA,Greensburg;Indiana;Johnstown;Newtown Square;Pittsburgh;State College,In scope 1,"Hart Schaffner Marx;Hart, Schaffner & Marx",700 Shop;Harpers;Hassis Men's Shop;Heinz Healey's;Lapels;Millers of Johnstown,yes,add,2 spellings merged
Tommy Bahama,7,PA;MA,Greensburg;Ligonier;Malvern;Newtown;Pittsburgh;State College;Orleans,In scope 5;Multigender 1,Tommy Bahama;Watson's Style,Englund's Apparel for Men;Giovanni's Fine Fashions;Harpers;Heinz Healey's;Lapels;Post & Rail Men's Shop,yes,add,
Adidas,4,NJ;PA,Indiana;Philadelphia;Pittsburgh;Somerville,Multigender 3;In scope 1,Adidas,700 Shop;Evolve Clothing Gallery;TONS;Totem Brand Co.,yes,add,
Birkenstock,4,NJ;PA,Allentown;Maplewood;Philadelphia;Somerville,Multigender 3;In scope 1,Birkenstock,City Workshop Men's Supply Co.;Evolve Clothing Gallery;Totem Brand Co.;assembly88,yes,add,
Bosca,4,PA,Phoenixville;Pittsburgh;State College;West Chester,In scope 2;Multigender 2,Bosca,Harpers;Heinz Healey's;Phineas Gage;Weitzenkorn's,yes,save,accessories
PennBilt,4,NJ;PA,Allentown;Far Hills;State College;Wayne,Multigender 2;In scope 1,PennBilt;Pennbilt,Hans Clothier;Harpers;Out There Outfitters;assembly88,yes,add,check stockists · khakis only · 2 spellings merged
Red Wing Heritage,4,PA,Allentown;Philadelphia;Phoenixville,In scope 2;Multigender 2,Red Wing Heritage,Franklin & Poe;Totem Brand Co.;Weitzenkorn's;assembly88,yes,save,shoes only
Salomon,4,PA,Kennett Square;Philadelphia;Pittsburgh;Wayne,Multigender 4,Salomon,Out There Outfitters;TONS;Totem Brand Co.;Trail Creek Outfitters,yes,save,shoes only
Samurai Jeans,4,NJ;PA,Maplewood;Philadelphia;Somerville,In scope 2;Multigender 2,Samurai Jeans,City Workshop Men's Supply Co.;Evolve Clothing Gallery;Franklin & Poe;Totem Brand Co.,yes,save,online and boutique only
Secrid,4,PA,Newtown;Philadelphia;Pittsburgh;State College,In scope 2;Multigender 2,Secrid,Giovanni's Fine Fashions;Harpers;Heinz Healey's;Totem Brand Co.,yes,save,accessories
Smathers & Branson,4,NJ;PA,Allentown;Far Hills;Long Beach Township;Summit,In scope 2;Multigender 2,Smathers & Branson,Hans Clothier;John Hyatt Clothing;Sink R Swim;assembly88,yes,add,
34 Heritage,3,NJ;PA,Far Hills;Indiana;Phoenixville,In scope 3,34 Heritage,700 Shop;Hans Clothier;Weitzenkorn's,yes,add,
3sixteen,3,NJ;PA,Maplewood;Philadelphia;Pittsburgh,In scope 2,3Sixteen;3sixteen,City Workshop Men's Supply Co.;Franklin & Poe;Vestis,yes,add,2 spellings merged
Alden,3,NJ;PA,Maplewood;Philadelphia,In scope 2;Multigender 1,Alden,City Workshop Men's Supply Co.;Franklin & Poe;Totem Brand Co.,yes,save,shoes only
American Trench,3,PA,Philadelphia;Phoenixville;Pittsburgh,In scope 3,American Trench,Franklin & Poe;Vestis;Weitzenkorn's,yes,add,check stockists
Anonymous Ism,3,NJ;PA,Maplewood;Philadelphia;Pittsburgh,In scope 2;Multigender 1,Anonymous Ism,City Workshop Men's Supply Co.;Totem Brand Co.;Vestis,yes,add,high on weird
Autumn Cashmere,3,PA,Pittsburgh;State College;Wayne,Multigender 2;In scope 1,AUTUMN CASHMERE;Autumn Cashmere,Boyds;Harpers;Moda,yes,add,
Blundstone,3,NJ;PA,Maplewood;Philadelphia;Wayne,Multigender 2;In scope 1,Blundstone,City Workshop Men's Supply Co.;Out There Outfitters;Totem Brand Co.,yes,save,shoes only
Bugatchi,3,PA,Allentown;Pittsburgh;State College,Multigender 2;In scope 1,Bugatchi,Harpers;Heinz Healey's;assembly88,yes,add,
Calvin Klein,3,PA,Greensburg;Johnstown;Pittsburgh,In scope 3,Calvin Klein,Heinz Healey's;Lapels;Millers of Johnstown,yes,add,
Corgi,3,NJ;PA,Far Hills;State College;Warrendale,Multigender 2;In scope 1,Corgi,Hans Clothier;Harpers;Oxford & Derby,yes,save,accessories (socks)
Corridor,3,NJ;PA,Asbury Park;Pittsburgh;Somerville,Multigender 2;In scope 1,Corridor,Evolve Clothing Gallery;New Hour Clothing;Vestis,yes,add,
David Donahue,3,PA,Newtown Square;Phoenixville;Wayne,In scope 3,DAVID DONAHUE;David Donahue,Boyds;Hassis Men's Shop;Weitzenkorn's,yes,add,check stockists
Dr. Martens,3,NJ;PA,Asbury Park;Philadelphia;Somerville,Multigender 1,Dr Martens;Dr. Martens;Dr.Martens,Evolve Clothing Gallery;New Hour Clothing;Totem Brand Co.,no,,3 spellings merged
Fair Harbor,3,NJ;PA,Allentown;Far Hills;West Chester,Multigender 2;In scope 1,Fair Harbor,Hans Clothier;Phineas Gage;assembly88,yes,add,department store only
Far Afield,3,NJ;PA,Maplewood;Pittsburgh;State College,In scope 2;Multigender 1,Far Afield,City Workshop Men's Supply Co.;Harpers;Vestis,yes,add,check stockists
Florsheim,3,PA,Greensburg;Johnstown;State College,In scope 2;Multigender 1,Florsheim,Harpers;Lapels;Millers of Johnstown,yes,skip,
Free Fly,3,NJ;PA,Kennett Square;Summit;Wayne,Multigender 2;In scope 1,Free Fly,John Hyatt Clothing;Out There Outfitters;Trail Creek Outfitters,yes,skip,
Fulton & Roark,3,NJ;PA,Allentown;Maplewood;Philadelphia,In scope 2;Multigender 1,Fulton & Roark,City Workshop Men's Supply Co.;Franklin & Poe;assembly88,yes,save,accessories (scent)
Howler Bros,3,NJ;PA,Allentown;Summit;Wayne,Multigender 2;In scope 1,Howler Bros,John Hyatt Clothing;Out There Outfitters;assembly88,yes,add,
Hydro Flask,3,PA,Kennett Square;Philadelphia;Wayne,Multigender 3,Hydro Flask,Out There Outfitters;Totem Brand Co.;Trail Creek Outfitters,yes,skip,
Karhu,3,NJ;PA,Philadelphia;Somerville;Wayne,Multigender 3,Karhu,Evolve Clothing Gallery;Out There Outfitters;Totem Brand Co.,yes,save,shoes only
Kinross,3,PA,Pittsburgh;State College;Warrendale,Multigender 3,Kinross;Kinross Cashmere,Harpers;Larrimor's;Oxford & Derby,yes,add,wholesale only
Magnanni,3,PA,Pittsburgh;Warrendale;Wayne,Multigender 2;In scope 1,MAGNANNI;Magnanni,Boyds;Larrimor's;Oxford & Derby,yes,save,shoes only
Malin + Goetz,3,NJ;PA,Maplewood;Philadelphia;Somerville,In scope 1;Multigender 1,(Malin+Goetz);Malin + Goetz,City Workshop Men's Supply Co.;Evolve Clothing Gallery;Franklin & Poe,no,,2 spellings merged
Martin Dingman,3,PA,Phoenixville;State College;Warrendale,Multigender 2;In scope 1,Martin Dingman,Harpers;Oxford & Derby;Weitzenkorn's,yes,add,
Michael Kors,3,PA,Greensburg;Johnstown;Pittsburgh,In scope 3,Michael Kors,Heinz Healey's;Lapels;Millers of Johnstown,yes,add,
Olukai,3,PA,Allentown;Phoenixville;Wayne,Multigender 2;In scope 1,Olukai,Out There Outfitters;Weitzenkorn's;assembly88,yes,save,shoes only
On,3,NJ;PA,Philadelphia;Somerville;Wayne,Multigender 3,On,Evolve Clothing Gallery;Out There Outfitters;Totem Brand Co.,yes,save,shoes only
Pendleton,3,NJ;PA,Far Hills;Ligonier;Malvern,In scope 3,Pendleton,Englund's Apparel for Men;Hans Clothier;Post & Rail Men's Shop,yes,add,
Pure Blue Japan,3,NJ;PA,Maplewood;Philadelphia,In scope 2;Multigender 1,Pure Blue Japan,City Workshop Men's Supply Co.;Franklin & Poe;Totem Brand Co.,yes,add,
Relwen,3,NJ;PA,Far Hills;Maplewood;Phoenixville,In scope 3,Relwen,City Workshop Men's Supply Co.;Hans Clothier;Weitzenkorn's,yes,add,check stockists
RoToTo,3,NJ;PA,Maplewood;Philadelphia,In scope 2,RoToTo;Rototo,City Workshop Men's Supply Co.;Franklin & Poe;Totem Brand Co.,no,,2 spellings merged
Schott NYC,3,PA,Allentown;Philadelphia;Phoenixville,In scope 2;Multigender 1,Schott NYC,Franklin & Poe;Weitzenkorn's;assembly88,yes,add,jackets only
Shoes Like Pottery,3,NJ;PA,Maplewood;Philadelphia,In scope 2;Multigender 1,Shoes Like Pottery,City Workshop Men's Supply Co.;Franklin & Poe;Totem Brand Co.,yes,save,shoes only
Swims,3,PA,Phoenixville;Pittsburgh;State College,Multigender 2;In scope 1,SWIMS;Swims,Harpers;Larrimor's;Weitzenkorn's,yes,add,
Tallia,3,PA,Johnstown;Pittsburgh;State College,In scope 2;Multigender 1,Tallia,Harpers;Heinz Healey's;Millers of Johnstown,yes,skip,
The North Face,3,PA,Kennett Square;Philadelphia;Wayne,Multigender 3,The North Face,Out There Outfitters;Totem Brand Co.;Trail Creek Outfitters,yes,add,
orSlow,3,NJ;PA,Maplewood;Philadelphia;Pittsburgh,Multigender 1;In scope 1,Orslow;orSlow,City Workshop Men's Supply Co.;Totem Brand Co.;Vestis,no,,2 spellings merged
Alan Paine,2,PA,Malvern;State College,Multigender 1;In scope 1,Alan Paine,Englund's Apparel for Men;Harpers,yes,skip,
Amundsen,2,NJ,Far Hills;Summit,In scope 2,Amundsen,Hans Clothier;John Hyatt Clothing,yes,add,
Astorflex,2,NJ;PA,Far Hills;Phoenixville,In scope 2,Astorflex,Hans Clothier;Weitzenkorn's,yes,save,shoes only
Avi-8,2,PA,Phoenixville,In scope 1,Avi-8;Avi8,Weitzenkorn's,no,,2 spellings merged
Beams Plus,2,PA,Philadelphia;Pittsburgh,In scope 1;Multigender 1,Beams Plus,Totem Brand Co.;Vestis,no,,
Berle,2,PA,Ligonier;Malvern,In scope 2,Berle,Englund's Apparel for Men;Post & Rail Men's Shop,no,,
Big John,2,PA,Philadelphia,In scope 1;Multigender 1,Big John,Franklin & Poe;Totem Brand Co.,no,,
Black Diamond,2,PA,Kennett Square;Wayne,Multigender 2,Black Diamond,Out There Outfitters;Trail Creek Outfitters,no,,
Bleu de Chauffe,2,NJ;PA,Maplewood;Philadelphia,In scope 2,Bleu de Chauffe,City Workshop Men's Supply Co.;Franklin & Poe,no,,
Boathouse,2,PA,Philadelphia;Wayne,Multigender 2,Boathouse,Out There Outfitters;Totem Brand Co.,no,,
C.P. Company,2,PA,Philadelphia;Pittsburgh,Multigender 2,C.P. Company,TONS;Totem Brand Co.,no,,
Castaway,2,PA,Malvern;State College,Multigender 1;In scope 1,Castaway,Englund's Apparel for Men;Harpers,no,,
Darn Tough,2,PA,Philadelphia;Wayne,Multigender 2,Darn Tough,Out There Outfitters;Totem Brand Co.,no,,
Dehen 1920,2,NJ;PA,Maplewood;Philadelphia,In scope 2,Dehen 1920,City Workshop Men's Supply Co.;Franklin & Poe,no,,
Dl 1961,2,NJ;PA,Far Hills;Phoenixville,In scope 1,Dl 1961;Dl1961,Hans Clothier;Weitzenkorn's,no,,2 spellings merged
Druthers NYC,2,NJ,Maplewood;Somerville,Multigender 1,Druthers NYC;druthers NYC,City Workshop Men's Supply Co.;Evolve Clothing Gallery,no,,2 spellings merged
East Harbour Surplus,2,NJ;PA,Maplewood;Pittsburgh,In scope 2,East Harbour Surplus,City Workshop Men's Supply Co.;Vestis,no,,
Emanuel Berg,2,PA,Pittsburgh;Wayne,In scope 1;Multigender 1,EMANUEL BERG;Emanuel Berg,Boyds;Larrimor's,no,,
Engineered Garments,2,NJ;PA,Maplewood;Philadelphia,Multigender 1;In scope 1,Engineered Garments,City Workshop Men's Supply Co.;Totem Brand Co.,no,,
Filippo De Laurentiis,2,PA,Pittsburgh;Wayne,In scope 1;Multigender 1,FILIPPO DE LAURENTIIS;Filippo De Laurentiis,Boyds;Larrimor's,no,,
Freenote Cloth,2,NJ;PA,Maplewood;Philadelphia,In scope 2,Freenote Cloth,City Workshop Men's Supply Co.;Franklin & Poe,no,,
FrizmWORKS,2,NJ;PA,Philadelphia;Somerville,Multigender 1,FrizmWORKS;FrizmWorks,Evolve Clothing Gallery;Totem Brand Co.,no,,2 spellings merged
Full Count,2,NJ;PA,Maplewood;Philadelphia,In scope 1,Full Count;Fullcount,City Workshop Men's Supply Co.;Totem Brand Co.,no,,2 spellings merged
Happy Socks,2,PA,Allentown;Pittsburgh,In scope 1;Multigender 1,Happy Socks,Heinz Healey's;assembly88,no,,
Harley of Scotland,2,PA,Pittsburgh;Warrendale,In scope 1;Multigender 1,Harley of Scotland,Oxford & Derby;Vestis,no,,
Heimat,2,NJ;PA,Maplewood;Pittsburgh,In scope 2,HEIMAT;Heimat,City Workshop Men's Supply Co.;Vestis,no,,
Herschel Supply Co.,2,NJ;PA,Allentown;Somerville,Multigender 1,Herschel Supply Co;Herschel Supply Co.,Evolve Clothing Gallery;assembly88,no,,2 spellings merged
Hestra,2,PA,Wayne,In scope 1;Multigender 1,HESTRA;Hestra,Boyds;Out There Outfitters,no,,
Hoka,2,PA,Kennett Square;Philadelphia,Multigender 2,Hoka,Totem Brand Co.;Trail Creek Outfitters,no,,
Howlin',2,NJ;PA,Maplewood;Pittsburgh,In scope 2,HOWLIN';Howlin',City Workshop Men's Supply Co.;Vestis,no,,
Imogene + Willie,2,NJ;PA,Maplewood;Philadelphia,Multigender 1;In scope 1,Imogene + Willie,City Workshop Men's Supply Co.;Totem Brand Co.,no,,
Indi + Ash,2,PA,Philadelphia;Pittsburgh,In scope 2,Indi + Ash,Franklin & Poe;Vestis,no,,
Individualized Shirts,2,PA,Newtown Square;Wayne,In scope 2,INDIVIDUALIZED SHIRTS;Individualized Shirts,Boyds;Hassis Men's Shop,no,,
Iron Heart,2,NJ;PA,Maplewood;Philadelphia,In scope 2,Iron Heart,City Workshop Men's Supply Co.;Franklin & Poe,no,,
Jackman,2,NJ;PA,Maplewood;Philadelphia,Multigender 1;In scope 1,Jackman,City Workshop Men's Supply Co.;Totem Brand Co.,no,,
Johnston & Murphy,2,PA,Greensburg;State College,Multigender 1;In scope 1,Johnston & Murphy,Harpers;Lapels,no,,
Kapital,2,PA,Philadelphia;Pittsburgh,In scope 1;Multigender 1,Kapital,Totem Brand Co.;Vestis,no,,
Keen,2,PA,Kennett Square;Philadelphia,Multigender 2,Keen,Totem Brand Co.;Trail Creek Outfitters,no,,
Knickerbocker,2,NJ;PA,Maplewood;Philadelphia,In scope 2,Knickerbocker,City Workshop Men's Supply Co.;Franklin & Poe,no,,
L.B.M. 1911,2,PA,Phoenixville;Wayne,In scope 2,L.B.M. 1911,Boyds;Weitzenkorn's,no,,
L.E.N Belts,2,PA,Pittsburgh;Wayne,In scope 1,L.E.N Belts;LEN Belts,Boyds;Larrimor's,no,,2 spellings merged
La Paz,2,NJ;PA,Asbury Park;Pittsburgh,In scope 1;Multigender 1,La Paz,New Hour Clothing;Vestis,no,,
Marni,2,NJ;PA,Pittsburgh;Somerville,Multigender 2,Marni,Evolve Clothing Gallery;TONS,no,,
Matador,2,PA,Philadelphia;Wayne,Multigender 2,Matador,Out There Outfitters;Totem Brand Co.,no,,
Maurizio Baldassari,2,PA,Pittsburgh;Wayne,In scope 1;Multigender 1,MAURIZIO BALDASSARI;Maurizio Baldassari,Boyds;Larrimor's,no,,
Melin,2,NJ;PA,Long Beach Township;Phoenixville,Multigender 1;In scope 1,Melin,Sink R Swim;Weitzenkorn's,no,,
Merrell,2,PA,Kennett Square;Wayne,Multigender 2,Merrell,Out There Outfitters;Trail Creek Outfitters,no,,
Meyer,2,PA,Pittsburgh;Warrendale,In scope 1;Multigender 1,Meyer,Heinz Healey's;Oxford & Derby,no,,
Monfrere,2,PA,Pittsburgh;Wayne,In scope 1;Multigender 1,MONFRERE;Monfrere,Boyds;Moda,no,,
OBBI Good Label,2,NJ;PA,Maplewood;Philadelphia,In scope 1,OBBI Good Label;Obbi Good Label,City Workshop Men's Supply Co.;Franklin & Poe,no,,2 spellings merged
Oliver Cabell,2,PA,Phoenixville;Warrendale,Multigender 1;In scope 1,Oliver Cabell,Oxford & Derby;Weitzenkorn's,no,,
One of These Days,2,NJ,Asbury Park;Somerville,Multigender 2,One of These Days,Evolve Clothing Gallery;New Hour Clothing,no,,
Original Madras Trading Co.,2,NJ;PA,Far Hills;Pittsburgh,In scope 1,Original Madras Trading Co;Original Madras Trading Co.,Hans Clothier;Vestis,no,,2 spellings merged
Osprey,2,PA,Kennett Square;Philadelphia,Multigender 2,Osprey,Totem Brand Co.;Trail Creek Outfitters,no,,
Patrick Assaraf,2,PA,Pittsburgh;Wayne,In scope 1;Multigender 1,PATRICK ASSARAF;Patrick Assaraf,Boyds;Larrimor's,no,,
Paul Betenly,2,PA,Pittsburgh;State College,In scope 1;Multigender 1,Paul Betenly,Harpers;Heinz Healey's,no,,
Pig & Hen,2,NJ;PA,Maplewood;Phoenixville,In scope 2,Pig & Hen,City Workshop Men's Supply Co.;Weitzenkorn's,no,,
Porter-Yoshida & Co.,2,NJ;PA,Maplewood;Philadelphia,Multigender 1;In scope 1,Porter-Yoshida & Co.,City Workshop Men's Supply Co.;Totem Brand Co.,no,,
Raen,2,NJ,Asbury Park;Far Hills,In scope 1;Multigender 1,Raen,Hans Clothier;New Hour Clothing,no,,
Red Wing Shoes,2,NJ,Far Hills;Maplewood,In scope 2,Red Wing Shoes,City Workshop Men's Supply Co.;Hans Clothier,no,,
Reigning Champ,2,NJ,Cape May;Somerville,Multigender 2,Reigning Champ,Evolve Clothing Gallery;Galvanic,no,,
Retro Brand,2,PA,Allentown;West Chester,Multigender 2,Retro Brand,Phineas Gage;assembly88,no,,
Road To Nowhere,2,NJ,Far Hills;Maplewood,In scope 1,Road To Nowhere;Road to Nowhere,City Workshop Men's Supply Co.;Hans Clothier,no,,2 spellings merged
Robert Graham,2,PA,Greensburg;State College,Multigender 1;In scope 1,Robert Graham,Harpers;Lapels,no,,
Rogue Territory,2,NJ;PA,Maplewood;Philadelphia,Multigender 1;In scope 1,Rogue Territory,City Workshop Men's Supply Co.;Totem Brand Co.,no,,
Rubirosa,2,PA,Pittsburgh;Warrendale,Multigender 2,Rubirosa,Larrimor's;Oxford & Derby,no,,
Samuel Sohn,2,PA,Newtown Square;Warrendale,In scope 1,Samuel Sohn;Samuelsohn,Hassis Men's Shop;Oxford & Derby,no,,2 spellings merged
Santoni,2,PA,Pittsburgh;Wayne,In scope 1;Multigender 1,SANTONI;Santoni,Boyds;Larrimor's,no,,
Saturdays NYC,2,NJ,Asbury Park;Somerville,Multigender 2,Saturdays NYC,Evolve Clothing Gallery;New Hour Clothing,no,,
Scott Barber,2,NJ;PA,Far Hills;Newtown,In scope 2,Scott Barber,Giovanni's Fine Fashions;Hans Clothier,no,,
Smartwool,2,PA,Philadelphia;Wayne,Multigender 2,Smartwool,Out There Outfitters;Totem Brand Co.,no,,
Smathers and Branson,2,PA,Ligonier;State College,In scope 1;Multigender 1,Smathers and Branson,Harpers;Post & Rail Men's Shop,no,,
Snow Peak,2,NJ;PA,Philadelphia;Somerville,Multigender 2,Snow Peak,Evolve Clothing Gallery;Totem Brand Co.,no,,
Spivey,2,PA,State College;Wayne,In scope 1;Multigender 1,SPIVEY;Spivey,Boyds;Harpers,no,,
StampD,2,NJ;PA,Pittsburgh;Somerville,Multigender 1,StampD;Stampd,Evolve Clothing Gallery;Moda,no,,2 spellings merged
Staud,2,NJ;PA,Cape May;Pittsburgh,Multigender 2,STAUD;Staud,Galvanic;Larrimor's,no,,
Studio D'Artisan,2,NJ;PA,Maplewood;Philadelphia,Multigender 1;In scope 1,Studio D'Artisan,City Workshop Men's Supply Co.;Totem Brand Co.,no,,
Sunski,2,PA,Phoenixville;West Chester,In scope 1;Multigender 1,Sunski,Phineas Gage;Weitzenkorn's,no,,
T. B. Phelps,2,PA,Ligonier;Pittsburgh,In scope 1,T. B. Phelps;T.B. Phelps,Heinz Healey's;Post & Rail Men's Shop,no,,2 spellings merged
TailoRed,2,PA,Johnstown;Newtown Square,In scope 1,TailoRed;Tailored,Hassis Men's Shop;Millers of Johnstown,no,,2 spellings merged
Teleria Zed,2,PA,Phoenixville;Wayne,In scope 2,TELERIA ZED;Teleria Zed,Boyds;Weitzenkorn's,no,,
The Flat Head,2,NJ;PA,Maplewood;Philadelphia,In scope 2,The Flat Head,City Workshop Men's Supply Co.;Franklin & Poe,no,,
Timex,2,PA,Philadelphia;State College,Multigender 2,Timex,Harpers;Totem Brand Co.,no,,
Torino,2,PA,State College;Warrendale,Multigender 2,Torino,Harpers;Oxford & Derby,no,,
Turtleson,2,PA,Ligonier;State College,In scope 1;Multigender 1,Turtleson,Harpers;Post & Rail Men's Shop,no,,
UES,2,NJ;PA,Maplewood;Philadelphia,In scope 2,UES,City Workshop Men's Supply Co.;Franklin & Poe,no,,
Universal Works,2,NJ;PA,Maplewood;Pittsburgh,In scope 2,Universal Works,City Workshop Men's Supply Co.;Vestis,no,,
Upstate Stock,2,PA,Philadelphia,In scope 1;Multigender 1,Upstate Stock,Franklin & Poe;Totem Brand Co.,no,,
Ursa Major,2,NJ;PA,Maplewood;Philadelphia,In scope 2,Ursa Major,City Workshop Men's Supply Co.;Franklin & Poe,no,,
Veja,2,NJ;PA,Maplewood;Wayne,In scope 2,VEJA;Veja,Boyds;City Workshop Men's Supply Co.,no,,
Velva Sheen,2,PA,Philadelphia;Pittsburgh,Multigender 1,Velva Sheen;Velva-Sheen,Totem Brand Co.;Vestis,no,,2 spellings merged
Viyella,2,PA,Ligonier;Malvern,In scope 2,Viyella,Englund's Apparel for Men;Post & Rail Men's Shop,no,,
Wood,2,PA,Ligonier;Pittsburgh,In scope 2,Wood,Heinz Healey's;Post & Rail Men's Shop,no,,
Yeti,2,PA,Philadelphia;Wayne,Multigender 2,Yeti,Out There Outfitters;Totem Brand Co.,no,,
'47 Brand,1,PA,State College,Multigender 1,'47 Brand,Harpers,no,,
04651/ A Trip In A Bag,1,PA,Wayne,In scope 1,04651/ A TRIP IN A BAG,Boyds,no,,
11.11,1,PA,Pittsburgh,In scope 1,11.11,Vestis,no,,
1st Pat-rn,1,PA,Pittsburgh,In scope 1,1st Pat-rn,Vestis,no,,
40 Colori,1,PA,Wayne,In scope 1,40 COLORI,Boyds,no,,
40 Weft,1,PA,Wayne,In scope 1,40 WEFT,Boyds,no,,
7 For All Mankind,1,PA,Newtown,In scope 1,7 For All Mankind,Giovanni's Fine Fashions,no,,
7Diamonds,1,PA,Phoenixville,In scope 1,7Diamonds,Weitzenkorn's,no,,
810s,1,PA,Philadelphia,Multigender 1,810s,Totem Brand Co.,no,,
A Hope Hemp,1,PA,Philadelphia,Multigender 1,A Hope Hemp,Totem Brand Co.,no,,
A Kind of Guise,1,PA,Pittsburgh,In scope 1,A Kind of Guise,Vestis,no,,
ADIDAS ORIGINALS x WALES BONNER,1,PA,Wayne,In scope 1,ADIDAS ORIGINALS x WALES BONNER,Boyds,no,,
Abigail Collins,1,PA,State College,Multigender 1,Abigail Collins,Harpers,no,,
About Vintage,1,PA,Phoenixville,In scope 1,About Vintage,Weitzenkorn's,no,,
Acronym,1,PA,Pittsburgh,Multigender 1,Acronym,TONS,no,,
Addison Bay,1,PA,Wayne,Multigender 1,Addison Bay,Out There Outfitters,no,,
Advisory Board Crystals,1,NJ,Somerville,Multigender 1,Advisory Board Crystals,Evolve Clothing Gallery,no,,
Aesop,1,PA,Pittsburgh,Multigender 1,Aesop,TONS,no,,
Akris Punto,1,PA,Pittsburgh,Multigender 1,Akris Punto,Larrimor's,no,,
Alan Paine Knitwear,1,PA,Warrendale,Multigender 1,Alan Paine Knitwear,Oxford & Derby,no,,
Alberto,1,PA,Pittsburgh,In scope 1,Alberto,Heinz Healey's,no,,
Alden Shoes,1,PA,Warrendale,Multigender 1,Alden Shoes,Oxford & Derby,no,,
Aldo Martins,1,PA,State College,Multigender 1,Aldo Martins,Harpers,no,,
Alero Sport,1,NJ,Far Hills,In scope 1,Alero Sport,Hans Clothier,no,,
Alessandro Gherardi,1,PA,Wayne,In scope 1,ALESSANDRO GHERARDI,Boyds,no,,
Alessandro Vitello,1,PA,Johnstown,In scope 1,Alessandro Vitello,Millers of Johnstown,no,,
Alexander Wang,1,PA,Pittsburgh,Multigender 1,Alexander Wang,TONS,no,,
Allen Edmonds,1,PA,State College,Multigender 1,Allen Edmonds,Harpers,no,,
Altra,1,PA,Kennett Square,Multigender 1,Altra,Trail Creek Outfitters,no,,
Amberjack,1,PA,Allentown,Multigender 1,Amberjack,assembly88,no,,
American Needle,1,PA,State College,Multigender 1,American Needle,Harpers,no,,
Ampal Creative,1,PA,Philadelphia,In scope 1,Ampal Creative,Franklin & Poe,no,,
And Wander,1,PA,Philadelphia,Multigender 1,And Wander,Totem Brand Co.,no,,
Anglan,1,PA,Philadelphia,Multigender 1,Anglan,Totem Brand Co.,no,,
Anine Bing,1,NJ,Cape May,Multigender 1,Anine Bing,Galvanic,no,,
Ann Demeulemeester,1,PA,Pittsburgh,Multigender 1,Ann Demeulemeester,TONS,no,,
Another Aspect,1,PA,Pittsburgh,In scope 1,Another Aspect,Vestis,no,,
Ara,1,PA,Warrendale,Multigender 1,Ara,Oxford & Derby,no,,
Arcade Belts,1,PA,Allentown,Multigender 1,Arcade Belts,assembly88,no,,
Arovescio,1,PA,Wayne,In scope 1,AROVESCIO,Boyds,no,,
Asics,1,PA,Pittsburgh,Multigender 1,Asics,TONS,no,,
Atelier Munro,1,PA,Pittsburgh,Multigender 1,Atelier Munro,Larrimor's,no,,
Aurelien,1,PA,Wayne,In scope 1,AURELIEN,Boyds,no,,
Autry,1,NJ,Cape May,Multigender 1,Autry,Galvanic,no,,
Avenue Montaigne,1,PA,Pittsburgh,Multigender 1,Avenue Montaigne,Larrimor's,no,,
Axel Arigato,1,NJ,Cape May,Multigender 1,Axel Arigato,Galvanic,no,,
B. Draddy,1,PA,State College,Multigender 1,B. Draddy,Harpers,no,,
B.Yu,1,PA,State College,Multigender 1,B.Yu,Harpers,no,,
BOB,1,PA,State College,Multigender 1,BOB,Harpers,no,,
Bags in Progress,1,PA,Philadelphia,Multigender 1,Bags in Progress,Totem Brand Co.,no,,
Bailey,1,PA,Pittsburgh,In scope 1,Bailey,Heinz Healey's,no,,
BaliYo,1,PA,Philadelphia,Multigender 1,BaliYo,Totem Brand Co.,no,,
Ballin International,1,PA,Phoenixville,In scope 1,Ballin International,Weitzenkorn's,no,,
Bandit Bandanas,1,PA,Philadelphia,Multigender 1,Bandit Bandanas,Totem Brand Co.,no,,
Bather,1,PA,Pittsburgh,In scope 1,Bather,Vestis,no,,
Beams Boy,1,PA,Philadelphia,Multigender 1,Beams Boy,Totem Brand Co.,no,,
Beast Craft Leather,1,PA,Phoenixville,In scope 1,Beast Craft Leather,Weitzenkorn's,no,,
Benchmade,1,PA,Philadelphia,Multigender 1,Benchmade,Totem Brand Co.,no,,
Benson,1,PA,Phoenixville,In scope 1,Benson,Weitzenkorn's,no,,
Big Agnes,1,PA,Philadelphia,Multigender 1,Big Agnes,Totem Brand Co.,no,,
Bigi Cravatte,1,PA,Wayne,In scope 1,BIGI CRAVATTE,Boyds,no,,
Bills Khakis,1,PA,Malvern,In scope 1,Bills Khakis,Englund's Apparel for Men,no,,
Biolite,1,PA,Philadelphia,Multigender 1,Biolite,Totem Brand Co.,no,,
Black House Academy,1,PA,Allentown,Multigender 1,Black House Academy,assembly88,no,,
Blackstone,1,PA,Warrendale,Multigender 1,Blackstone,Oxford & Derby,no,,
Blackthorn Denim,1,NJ,Maplewood,In scope 1,Blackthorn Denim,City Workshop Men's Supply Co.,no,,
Blackwing,1,PA,Philadelphia,Multigender 1,Blackwing,Totem Brand Co.,no,,
Blluemade,1,PA,Pittsburgh,In scope 1,Blluemade,Vestis,no,,
Blue 1899,1,PA,Warrendale,Multigender 1,Blue 1899,Oxford & Derby,no,,
Blue Blanket,1,PA,Philadelphia,In scope 1,Blue Blanket,Franklin & Poe,no,,
Bobby Jones,1,PA,Malvern,In scope 1,Bobby Jones,Englund's Apparel for Men,no,,
Bocara,1,PA,Pittsburgh,In scope 1,Bocara,Heinz Healey's,no,,
Bontoni,1,PA,Wayne,In scope 1,BONTONI,Boyds,no,,
Born X Raised,1,NJ,Somerville,Multigender 1,Born X Raised,Evolve Clothing Gallery,no,,
Borntostandout,1,PA,Philadelphia,Multigender 1,BORNTOSTANDOUT,Totem Brand Co.,no,,
Borriello,1,PA,Wayne,In scope 1,BORRIELLO,Boyds,no,,
Brianna Cannon,1,PA,State College,Multigender 1,Brianna Cannon,Harpers,no,,
Brighton,1,PA,Ligonier,In scope 1,Brighton,Post & Rail Men's Shop,no,,
Briglia 1949,1,PA,Wayne,In scope 1,BRIGLIA 1949,Boyds,no,,
Brochu Walker,1,PA,Pittsburgh,Multigender 1,Brochu Walker,Larrimor's,no,,
Brodie Fine Cashmere,1,PA,State College,Multigender 1,Brodie Fine Cashmere,Harpers,no,,
Brooks,1,PA,Philadelphia,Multigender 1,Brooks,Totem Brand Co.,no,,
Bruzer,1,PA,State College,Multigender 1,Bruzer,Harpers,no,,
Bugatti,1,PA,Pittsburgh,In scope 1,Bugatti,Heinz Healey's,no,,
Buzz Rickson's,1,PA,Philadelphia,In scope 1,Buzz Rickson's,Franklin & Poe,no,,
By Parra,1,NJ,Cape May,Multigender 1,By Parra,Galvanic,no,,
Byford Hosiery,1,PA,Ligonier,In scope 1,Byford Hosiery,Post & Rail Men's Shop,no,,
Byredo,1,PA,Pittsburgh,Multigender 1,Byredo,TONS,no,,
C.O.F. Studio - Circle of Friends,1,NJ,Maplewood,In scope 1,C.O.F. Studio - Circle of Friends,City Workshop Men's Supply Co.,no,,
CHUP Socks,1,NJ,Maplewood,In scope 1,CHUP Socks,City Workshop Men's Supply Co.,no,,
Camber,1,PA,Philadelphia,Multigender 1,CAMBER,Totem Brand Co.,no,,
Candier,1,PA,Allentown,Multigender 1,Candier,assembly88,no,,
Capri Designs,1,PA,State College,Multigender 1,Capri Designs,Harpers,no,,
Carve Designs,1,PA,Wayne,Multigender 1,Carve Designs,Out There Outfitters,no,,
Casheart,1,PA,Wayne,In scope 1,CASHEART,Boyds,no,,
Castaway Clothing,1,PA,Ligonier,In scope 1,Castaway Clothing,Post & Rail Men's Shop,no,,
Cause & Effect,1,PA,Pittsburgh,In scope 1,Cause & Effect,Vestis,no,,
Chalk.Press,1,PA,Philadelphia,Multigender 1,Chalk.Press,Totem Brand Co.,no,,
Chaps,1,PA,Indiana,In scope 1,Chaps,700 Shop,no,,
Charles Jeffrey Loverboy,1,PA,Pittsburgh,Multigender 1,Charles Jeffrey Loverboy,TONS,no,,
Chicago Candle Company,1,PA,Allentown,Multigender 1,Chicago Candle Company,assembly88,no,,
Christian Louboutin,1,PA,Wayne,In scope 1,CHRISTIAN LOUBOUTIN,Boyds,no,,
Christopher Lena Shirts,1,PA,Johnstown,In scope 1,Christopher Lena Shirts,Millers of Johnstown,no,,
Circolo 1901,1,PA,Pittsburgh,Multigender 1,Circolo 1901,Larrimor's,no,,
City Workshop,1,NJ,Maplewood,In scope 1,City Workshop,City Workshop Men's Supply Co.,no,,
Clara Williams,1,PA,Pittsburgh,Multigender 1,Clara Williams,Larrimor's,no,,
Clarks,1,PA,Philadelphia,Multigender 1,Clarks,Totem Brand Co.,no,,
Clarks Originals,1,NJ,Somerville,Multigender 1,Clarks Originals,Evolve Clothing Gallery,no,,
Columbia,1,PA,Kennett Square,Multigender 1,Columbia,Trail Creek Outfitters,no,,
Comme Des Garcons Homme Deux,1,PA,Wayne,In scope 1,COMME DES GARCONS HOMME DEUX,Boyds,no,,
Comme Des Garcons Play,1,PA,Wayne,In scope 1,COMME DES GARCONS PLAY,Boyds,no,,
Common Projects,1,PA,Wayne,In scope 1,COMMON PROJECTS,Boyds,no,,
Cooper & Stewart,1,PA,Ligonier,In scope 1,Cooper & Stewart,Post & Rail Men's Shop,no,,
Coperni,1,PA,Pittsburgh,Multigender 1,Coperni,TONS,no,,
Cordani,1,PA,Warrendale,Multigender 1,Cordani,Oxford & Derby,no,,
Costume National Scents,1,PA,Pittsburgh,Multigender 1,Costume National Scents,Moda,no,,
Cotopaxi,1,PA,Kennett Square,Multigender 1,Cotopaxi,Trail Creek Outfitters,no,,
Cotton Citizen,1,PA,Pittsburgh,Multigender 1,Cotton Citizen,Moda,no,,
Craft + Foster,1,NJ,Somerville,Multigender 1,Craft + Foster,Evolve Clothing Gallery,no,,
Creed,1,PA,Wayne,In scope 1,CREED,Boyds,no,,
Crew Dog,1,PA,State College,Multigender 1,Crew Dog,Harpers,no,,
Crockett & Jones,1,PA,Warrendale,Multigender 1,Crockett & Jones,Oxford & Derby,no,,
Crocs,1,PA,Philadelphia,Multigender 1,Crocs,Totem Brand Co.,no,,
Croots England,1,PA,Warrendale,Multigender 1,CROOTS ENGLAND,Oxford & Derby,no,,
Crossley,1,PA,Wayne,In scope 1,CROSSLEY,Boyds,no,,
Cufflinks Inc,1,PA,State College,Multigender 1,Cufflinks Inc,Harpers,no,,
Cult Gaia,1,NJ,Cape May,Multigender 1,Cult Gaia,Galvanic,no,,
DRKSHDW by Rick Owens,1,PA,Pittsburgh,Multigender 1,DRKSHDW by Rick Owens,TONS,no,,
Dacute,1,PA,Wayne,In scope 1,DACUTE,Boyds,no,,
Daniele Fiesoli,1,PA,Wayne,In scope 1,DANIELE FIESOLI,Boyds,no,,
Danner,1,PA,Philadelphia,Multigender 1,Danner,Totem Brand Co.,no,,
Deborah Grivas Designs,1,PA,State College,Multigender 1,Deborah Grivas Designs,Harpers,no,,
Deejo,1,PA,State College,Multigender 1,Deejo,Harpers,no,,
Deke,1,PA,Pittsburgh,Multigender 1,DEKE,Larrimor's,no,,
Denime,1,PA,Philadelphia,Multigender 1,Denime,Totem Brand Co.,no,,
Dentro,1,PA,Pittsburgh,Multigender 1,Dentro,TONS,no,,
Dents,1,PA,Wayne,In scope 1,DENTS,Boyds,no,,
Derek Rose,1,PA,Wayne,In scope 1,DEREK ROSE,Boyds,no,,
Design History,1,PA,State College,Multigender 1,Design History,Harpers,no,,
Deuter,1,PA,Kennett Square,Multigender 1,Deuter,Trail Creek Outfitters,no,,
Devise Factory,1,PA,Pittsburgh,In scope 1,Devise Factory,Vestis,no,,
Di Chezno,1,PA,Warrendale,Multigender 1,DI CHEZNO,Oxford & Derby,no,,
Dion,1,PA,Wayne,In scope 1,DION,Boyds,no,,
Diptyque,1,PA,Pittsburgh,Multigender 1,Diptyque,TONS,no,,
Dkny,1,PA,Johnstown,In scope 1,DKNY,Millers of Johnstown,no,,
Document,1,PA,Pittsburgh,In scope 1,Document,Vestis,no,,
Dolce Vita,1,PA,Allentown,Multigender 1,Dolce Vita,assembly88,no,,
Dolcepunta,1,PA,Wayne,In scope 1,DOLCEPUNTA,Boyds,no,,
Double Helix,1,PA,Philadelphia,In scope 1,Double Helix,Franklin & Poe,no,,
Double RL,1,NJ,Maplewood,In scope 1,Double RL,City Workshop Men's Supply Co.,no,,
Druthers,1,NJ,Far Hills,In scope 1,Druthers,Hans Clothier,no,,
Dsquared2,1,PA,Pittsburgh,Multigender 1,Dsquared2,Moda,no,,
Dubble Works,1,PA,Philadelphia,Multigender 1,Dubble Works,Totem Brand Co.,no,,
Duke Cannon,1,PA,Wayne,Multigender 1,Duke Cannon,Out There Outfitters,no,,
Duke Cannon Supply Co.,1,NJ,Maplewood,In scope 1,Duke Cannon Supply Co.,City Workshop Men's Supply Co.,no,,
EF Collection,1,PA,Pittsburgh,Multigender 1,EF Collection,Larrimor's,no,,
ENO,1,PA,Philadelphia,Multigender 1,ENO,Totem Brand Co.,no,,
EPT,1,NJ,Asbury Park,Multigender 1,EPT,New Hour Clothing,no,,
Easymoc,1,PA,Philadelphia,In scope 1,Easymoc,Franklin & Poe,no,,
Ebbets Field Flannels,1,PA,Philadelphia,Multigender 1,Ebbets Field Flannels,Totem Brand Co.,no,,
EchoDesign Group,1,PA,State College,Multigender 1,EchoDesign Group,Harpers,no,,
Edmmond Studios,1,NJ,Asbury Park,Multigender 1,Edmmond Studios,New Hour Clothing,no,,
Edward Armah,1,PA,Wayne,In scope 1,EDWARD ARMAH,Boyds,no,,
Edwin Japan,1,NJ,Maplewood,In scope 1,Edwin Japan,City Workshop Men's Supply Co.,no,,
Eileen Fisher,1,PA,Pittsburgh,Multigender 1,Eileen Fisher,Larrimor's,no,,
Elliker,1,PA,Philadelphia,Multigender 1,ELLIKER,Totem Brand Co.,no,,
Elliot Lauren,1,PA,Warrendale,Multigender 1,Elliot Lauren,Oxford & Derby,no,,
Emanuele Maffeis,1,PA,Wayne,In scope 1,EMANUELE MAFFEIS,Boyds,no,,
Empire,1,PA,Newtown Square,In scope 1,Empire,Hassis Men's Shop,no,,
Enfants Riches Déprimés,1,PA,Pittsburgh,Multigender 1,Enfants Riches Déprimés,TONS,no,,
Evolve the Brand,1,NJ,Somerville,Multigender 1,Evolve the Brand,Evolve Clothing Gallery,no,,
FTC,1,PA,Wayne,In scope 1,FTC,Boyds,no,,
Fair Habor,1,PA,Phoenixville,In scope 1,Fair Habor,Weitzenkorn's,no,,
Fairway & Greene,1,PA,State College,Multigender 1,Fairway & Greene,Harpers,no,,
Faizey Leather Goods Ltd.,1,PA,Philadelphia,Multigender 1,Faizey Leather Goods Ltd.,Totem Brand Co.,no,,
Family First,1,PA,Wayne,In scope 1,FAMILY FIRST,Boyds,no,,
Fear of God Essentials,1,PA,Pittsburgh,Multigender 1,Fear of God Essentials,TONS,no,,
FilMelange,1,PA,Pittsburgh,In scope 1,FilMelange,Vestis,no,,
Finamore,1,PA,Wayne,In scope 1,FINAMORE,Boyds,no,,
Finley,1,PA,State College,Multigender 1,Finley,Harpers,no,,
Fioroni,1,PA,Wayne,In scope 1,FIORONI,Boyds,no,,
First Arrow's,1,PA,Philadelphia,In scope 1,First Arrow's,Franklin & Poe,no,,
Fitted Underground,1,NJ,Maplewood,In scope 1,FITTED UNDERGROUND,City Workshop Men's Supply Co.,no,,
Fly3,1,PA,Wayne,In scope 1,FLY3,Boyds,no,,
Foret,1,NJ,Asbury Park,Multigender 1,Foret,New Hour Clothing,no,,
Formulary 55,1,PA,Philadelphia,Multigender 1,Formulary 55,Totem Brand Co.,no,,
Forsyth of Canada,1,PA,Pittsburgh,In scope 1,Forsyth of Canada,Heinz Healey's,no,,
Fradi,1,PA,Wayne,In scope 1,FRADI,Boyds,no,,
Frank & Eileen,1,PA,Pittsburgh,Multigender 1,Frank & Eileen,Larrimor's,no,,
Franklin & Poe,1,PA,Philadelphia,In scope 1,Franklin & Poe,Franklin & Poe,no,,
Fray,1,PA,Wayne,In scope 1,FRAY,Boyds,no,,
Fresco,1,PA,Pittsburgh,In scope 1,Fresco,Heinz Healey's,no,,
G-Shock,1,NJ,Somerville,Multigender 1,G-Shock,Evolve Clothing Gallery,no,,
G-Star Raw,1,NJ,Somerville,Multigender 1,G-Star Raw,Evolve Clothing Gallery,no,,
GRP,1,PA,Pittsburgh,In scope 1,GRP,Vestis,no,,
Gabor,1,PA,Warrendale,Multigender 1,Gabor,Oxford & Derby,no,,
Gala Slacks,1,PA,Pittsburgh,In scope 1,Gala Slacks,Heinz Healey's,no,,
Gallia,1,PA,Wayne,In scope 1,GALLIA,Boyds,no,,
Gameday Couture,1,PA,State College,Multigender 1,Gameday Couture,Harpers,no,,
Gameday Social,1,PA,State College,Multigender 1,Gameday Social,Harpers,no,,
Garmin,1,PA,Kennett Square,Multigender 1,Garmin,Trail Creek Outfitters,no,,
Gavazzeni,1,PA,Pittsburgh,Multigender 1,Gavazzeni,Larrimor's,no,,
Geier Glove Co.,1,PA,Philadelphia,Multigender 1,Geier Glove Co.,Totem Brand Co.,no,,
Gentleman's Hardware,1,PA,State College,Multigender 1,Gentleman's Hardware,Harpers,no,,
Gerald,1,PA,Wayne,In scope 1,GERALD,Boyds,no,,
Gerber,1,PA,Philadelphia,Multigender 1,Gerber,Totem Brand Co.,no,,
Ghrd,1,PA,Wayne,In scope 1,GHRD,Boyds,no,,
Giannetto Portofino,1,PA,Wayne,In scope 1,GIANNETTO PORTOFINO,Boyds,no,,
Giles & Jasper,1,PA,Johnstown,In scope 1,Giles & Jasper,Millers of Johnstown,no,,
Gimos,1,PA,Wayne,In scope 1,GIMOS,Boyds,no,,
Gitman Vintage,1,PA,Pittsburgh,In scope 1,Gitman Vintage,Vestis,no,,
Gmf 965,1,PA,Wayne,In scope 1,GMF 965,Boyds,no,,
Good Man Brand,1,PA,Phoenixville,In scope 1,Good Man Brand,Weitzenkorn's,no,,
Goodr,1,PA,Wayne,Multigender 1,Goodr,Out There Outfitters,no,,
Gramicci,1,PA,Philadelphia,Multigender 1,Gramicci,Totem Brand Co.,no,,
Graph Zero,1,PA,Philadelphia,Multigender 1,Graph Zero,Totem Brand Co.,no,,
Grayers,1,PA,Phoenixville,In scope 1,Grayers,Weitzenkorn's,no,,
Great American,1,PA,State College,Multigender 1,Great American,Harpers,no,,
Greyson,1,NJ,Far Hills,In scope 1,Greyson,Hans Clothier,yes,add,golf direction; seen in person at a South Shore boutique
Greyson Clothiers,1,PA,State College,Multigender 1,Greyson Clothiers,Harpers,no,,
GrowlerWerks,1,PA,Phoenixville,In scope 1,GrowlerWerks,Weitzenkorn's,no,,
Guglielminotti,1,PA,Wayne,In scope 1,GUGLIELMINOTTI,Boyds,no,,
H. Freeman,1,PA,Newtown Square,In scope 1,H. Freeman,Hassis Men's Shop,no,,
Hagen Clothing,1,PA,Newtown Square,In scope 1,Hagen Clothing,Hassis Men's Shop,no,,
Hamilton Shirts,1,PA,Wayne,In scope 1,HAMILTON SHIRTS,Boyds,no,,
Hammitt Los Angeles,1,PA,Pittsburgh,Multigender 1,Hammitt Los Angeles,Larrimor's,no,,
Hansen Garments,1,PA,Philadelphia,In scope 1,Hansen Garments,Franklin & Poe,no,,
Harago,1,PA,Pittsburgh,In scope 1,Harago,Vestis,no,,
Hari Mari,1,NJ,Far Hills,In scope 1,Hari Mari,Hans Clothier,no,,
Harmony,1,PA,Ligonier,In scope 1,Harmony,Post & Rail Men's Shop,no,,
Harpers,1,PA,State College,Multigender 1,Harpers,Harpers,no,,
Heimat Textil,1,PA,Philadelphia,In scope 1,Heimat Textil,Franklin & Poe,no,,
Helinox,1,PA,Philadelphia,Multigender 1,Helinox,Totem Brand Co.,no,,
Heliot Emil,1,PA,Pittsburgh,Multigender 1,Heliot Emil,TONS,no,,
Hellstar,1,PA,Pittsburgh,Multigender 1,HELLSTAR,TONS,no,,
Helly Hansen,1,PA,Wayne,Multigender 1,Helly Hansen,Out There Outfitters,no,,
Helmut Lang,1,PA,Pittsburgh,Multigender 2,Helmut Lang Men's;Helmut Lang Women's,Moda,no,,
Hemen Biarritz,1,PA,Philadelphia,In scope 1,Hemen Biarritz,Franklin & Poe,no,,
Henri Lepore Dezert Shoes,1,PA,Pittsburgh,Multigender 1,Henri Lepore Dezert Shoes,Larrimor's,no,,
Heritage 34,1,PA,Malvern,In scope 1,Heritage 34,Englund's Apparel for Men,no,,
Heritage Gear,1,PA,State College,Multigender 1,Heritage Gear,Harpers,no,,
Heritage Gold,1,PA,Newtown Square,In scope 1,Heritage Gold,Hassis Men's Shop,no,,
Hickey Freeman (Heritage Gold),1,PA,Pittsburgh,Multigender 1,Hickey Freeman (Heritage Gold),Larrimor's,no,,
Hidden Forts,1,NJ,Maplewood,In scope 1,Hidden Forts,City Workshop Men's Supply Co.,no,,
Higonokami,1,PA,Philadelphia,Multigender 1,Higonokami,Totem Brand Co.,no,,
Hiltl,1,PA,Wayne,In scope 1,HILTL,Boyds,no,,
Himalayan Handmade Candles,1,PA,Philadelphia,Multigender 1,Himalayan Handmade Candles,Totem Brand Co.,no,,
Hinson Wu,1,PA,Pittsburgh,Multigender 1,Hinson Wu,Larrimor's,no,,
Hispanitas,1,PA,Warrendale,Multigender 1,HISPANITAS,Oxford & Derby,no,,
Holebrook Sweden,1,PA,Warrendale,Multigender 1,Holebrook Sweden,Oxford & Derby,no,,
Hollows Leather,1,PA,Philadelphia,In scope 1,Hollows Leather,Franklin & Poe,no,,
Homefield,1,PA,State College,Multigender 1,Homefield,Harpers,no,,
Honor The Gift,1,NJ,Somerville,Multigender 1,Honor The Gift,Evolve Clothing Gallery,no,,
Horn Legend,1,PA,State College,Multigender 1,Horn Legend,Harpers,no,,
Hubbard Peanut Co,1,PA,Ligonier,In scope 1,Hubbard Peanut Co,Post & Rail Men's Shop,no,,
Hudson,1,PA,Pittsburgh,Multigender 1,Hudson,Larrimor's,no,,
Hugo Boss,1,PA,Phoenixville,In scope 1,Hugo Boss,Weitzenkorn's,no,,
Hula,1,PA,Philadelphia,Multigender 1,Hula,Totem Brand Co.,no,,
Hype and Vice,1,PA,State College,Multigender 1,Hype and Vice,Harpers,no,,
Il Bisonte,1,PA,Pittsburgh,Multigender 1,Il Bisonte,Larrimor's,no,,
Incienso de Santa Fe,1,PA,Philadelphia,Multigender 1,Incienso de Santa Fe,Totem Brand Co.,no,,
Indigo Falls,1,PA,State College,Multigender 1,Indigo Falls,Harpers,no,,
Indigofera,1,PA,Philadelphia,In scope 1,Indigofera,Franklin & Poe,no,,
Ink + Alloy,1,PA,Allentown,Multigender 1,Ink + Alloy,assembly88,no,,
Iro,1,PA,Pittsburgh,Multigender 1,Iro,Moda,no,,
Isa Boulder,1,PA,Pittsburgh,Multigender 1,Isa Boulder,TONS,no,,
Italo Ferretti,1,PA,Wayne,In scope 1,ITALO FERRETTI,Boyds,no,,
Izipizi,1,PA,Philadelphia,Multigender 1,Izipizi,Totem Brand Co.,no,,
JMNYC Designs,1,PA,Pittsburgh,Multigender 1,JMNYC Designs,Larrimor's,no,,
JZ Richards,1,PA,State College,Multigender 1,JZ Richards,Harpers,no,,
Jack Black,1,NJ,Far Hills,In scope 1,Jack Black,Hans Clothier,no,,
Jacob Cohen,1,PA,Wayne,In scope 1,JACOB COHEN,Boyds,no,,
Jane Motorcycles,1,NJ,Maplewood,In scope 1,Jane Motorcycles,City Workshop Men's Supply Co.,no,,
Janet Howard,1,PA,State College,Multigender 1,Janet Howard,Harpers,no,,
Jardine,1,PA,State College,Multigender 1,Jardine,Harpers,no,,
Jason Markk,1,NJ,Somerville,Multigender 1,Jason Markk,Evolve Clothing Gallery,no,,
Jax Kelly,1,PA,Wayne,Multigender 1,Jax Kelly,Out There Outfitters,no,,
Jetty,1,PA,Wayne,Multigender 1,Jetty,Out There Outfitters,no,,
Jill Martin,1,PA,State College,Multigender 1,Jill Martin,Harpers,no,,
John Elliott,1,NJ,Somerville,Multigender 1,John Elliott,Evolve Clothing Gallery,no,,
John Lofgren Bootmaker,1,PA,Philadelphia,In scope 1,John Lofgren Bootmaker,Franklin & Poe,no,,
Johnny Was,1,PA,State College,Multigender 1,Johnny Was,Harpers,no,,
Johnson & Murphy,1,PA,Pittsburgh,In scope 1,Johnson & Murphy,Heinz Healey's,no,,
Johnston & Murphy Shoes,1,PA,Pittsburgh,Multigender 1,Johnston & Murphy Shoes,Larrimor's,no,,
Joseph Ribkoff,1,PA,State College,Multigender 1,Joseph Ribkoff,Harpers,no,,
Joshua Ellis,1,PA,Warrendale,Multigender 1,Joshua Ellis,Oxford & Derby,no,,
Jude Connally,1,PA,State College,Multigender 1,Jude Connally,Harpers,no,,
Juncal Aguirre,1,PA,Warrendale,Multigender 1,Juncal Aguirre,Oxford & Derby,no,,
Jungmaven,1,PA,Pittsburgh,In scope 1,Jungmaven,Vestis,no,,
Just Cavalli,1,PA,Pittsburgh,Multigender 1,Just Cavalli,Moda,no,,
Kari Traa,1,PA,Wayne,Multigender 1,Kari Traa,Out There Outfitters,no,,
Katin,1,PA,Wayne,Multigender 1,Katin,Out There Outfitters,no,,
Kelty,1,PA,Kennett Square,Multigender 1,Kelty,Trail Creek Outfitters,no,,
Kershaw,1,PA,Philadelphia,Multigender 1,Kershaw,Totem Brand Co.,no,,
Kestin,1,NJ,Asbury Park,Multigender 1,Kestin,New Hour Clothing,no,,
Kids of Immigrants,1,NJ,Somerville,Multigender 1,Kids of Immigrants,Evolve Clothing Gallery,no,,
Kleid,1,PA,Philadelphia,Multigender 1,Kleid,Totem Brand Co.,no,,
Knockaround,1,PA,Wayne,Multigender 1,Knockaround,Out There Outfitters,no,,
Knwls,1,PA,Pittsburgh,Multigender 1,KNWLS,TONS,no,,
Krimson Klover,1,PA,Warrendale,Multigender 1,Krimson Klover,Oxford & Derby,no,,
Kyle Cavan,1,PA,State College,Multigender 1,Kyle Cavan,Harpers,no,,
L'Agence,1,PA,Pittsburgh,Multigender 1,L'Agence,Larrimor's,no,,
L.L.Bean,1,PA,Philadelphia,Multigender 1,L.L.Bean,Totem Brand Co.,no,,
La Sportiva,1,PA,Kennett Square,Multigender 1,La Sportiva,Trail Creek Outfitters,no,,
Laconic,1,PA,Philadelphia,Multigender 1,Laconic,Totem Brand Co.,no,,
Lady White Co.,1,PA,Philadelphia,Multigender 1,Lady White Co.,Totem Brand Co.,no,,
Larrimor's,1,PA,Pittsburgh,Multigender 1,Larrimor's,Larrimor's,no,,
Laulhère,1,PA,Philadelphia,Multigender 1,Laulhère,Totem Brand Co.,no,,
Le Bon Shoppe,1,PA,Philadelphia,Multigender 1,Le Bon Shoppe,Totem Brand Co.,no,,
Le Mont Saint Michel,1,PA,Pittsburgh,In scope 1,Le Mont Saint Michel,Vestis,no,,
League,1,PA,State College,Multigender 1,League,Harpers,no,,
Lee Denim,1,NJ,Maplewood,In scope 1,Lee Denim,City Workshop Men's Supply Co.,no,,
Left Field NYC,1,NJ,Maplewood,In scope 1,Left Field NYC,City Workshop Men's Supply Co.,no,,
Legacy,1,PA,State College,Multigender 1,Legacy,Harpers,no,,
Les Tien,1,PA,Pittsburgh,Multigender 1,Les Tien,Moda,no,,
Liberty Mountain,1,PA,Wayne,Multigender 1,Liberty Mountain,Out There Outfitters,no,,
Lilly Pulitzer,1,PA,Allentown,Multigender 1,Lilly Pulitzer,assembly88,no,,
Linda Richards,1,PA,State College,Multigender 1,Linda Richards,Harpers,no,,
Lisa Todd,1,PA,Pittsburgh,Multigender 1,Lisa Todd,Larrimor's,no,,
Lite Year,1,NJ,Somerville,Multigender 1,Lite Year,Evolve Clothing Gallery,no,,
Liverpool,1,PA,Phoenixville,In scope 1,Liverpool,Weitzenkorn's,no,,
Liverpool Los Angeles,1,PA,Johnstown,In scope 1,Liverpool Los Angeles,Millers of Johnstown,no,,
Locale,1,PA,State College,Multigender 1,Locale,Harpers,no,,
LogoFit,1,PA,State College,Multigender 1,LogoFit,Harpers,no,,
Long Wharf,1,NJ,Far Hills,In scope 1,Long Wharf,Hans Clothier,no,,
Love Token,1,PA,State College,Multigender 1,Love Token,Harpers,no,,
Luchiano Visconti,1,PA,Pittsburgh,In scope 1,Luchiano Visconti,Heinz Healey's,no,,
Lucy Paris,1,PA,State College,Multigender 1,Lucy Paris,Harpers,no,,
Luigi Bianchi,1,PA,Wayne,In scope 1,LUIGI BIANCHI,Boyds,no,,
Luigi Borrelli,1,PA,Wayne,In scope 1,LUIGI BORRELLI,Boyds,no,,
Lyssé,1,PA,State College,Multigender 1,Lyssé,Harpers,no,,
M. Singer,1,PA,Phoenixville,In scope 1,M. Singer,Weitzenkorn's,no,,
MSR,1,PA,Philadelphia,Multigender 1,MSR,Totem Brand Co.,no,,
MZ Wallace,1,PA,Pittsburgh,Multigender 1,MZ Wallace,Larrimor's,no,,
Mac Jeans,1,PA,State College,Multigender 1,Mac Jeans,Harpers,no,,
Mackie,1,PA,Pittsburgh,In scope 1,Mackie,Vestis,no,,
Magnolia Lane,1,PA,State College,Multigender 1,Magnolia Lane,Harpers,no,,
Maison MIHARA YASUHIRO,1,PA,Philadelphia,Multigender 1,Maison MIHARA YASUHIRO,Totem Brand Co.,no,,
Majestic,1,PA,Ligonier,In scope 1,Majestic,Post & Rail Men's Shop,no,,
Mandelli,1,PA,Wayne,In scope 1,MANDELLI,Boyds,no,,
Manto,1,PA,Wayne,In scope 1,MANTO,Boyds,no,,
Marc Cain,1,PA,State College,Multigender 1,Marc Cain,Harpers,no,,
Marcello,1,PA,Pittsburgh,In scope 1,Marcello,Heinz Healey's,no,,
Marchesi di Como,1,PA,State College,Multigender 1,Marchesi di Como,Harpers,no,,
Marco Pescarolo,1,PA,Wayne,In scope 1,MARCO PESCAROLO,Boyds,no,,
Marcoliani,1,PA,Wayne,In scope 1,MARCOLIANI,Boyds,no,,
Margo Morrison,1,PA,Pittsburgh,Multigender 1,Margo Morrison,Larrimor's,no,,
Marine Serre,1,PA,Pittsburgh,Multigender 1,Marine Serre,TONS,no,,
Marlyn Schiff,1,PA,Allentown,Multigender 1,Marlyn Schiff,assembly88,no,,
Marmot,1,PA,Kennett Square,Multigender 1,Marmot,Trail Creek Outfitters,no,,
Martine Rose,1,PA,Pittsburgh,Multigender 1,Martine Rose,TONS,no,,
Maruman,1,PA,Philadelphia,Multigender 1,Maruman,Totem Brand Co.,no,,
Mason's,1,PA,Wayne,In scope 1,MASON'S,Boyds,no,,
Massimo Alba,1,PA,Wayne,In scope 1,MASSIMO ALBA,Boyds,no,,
Mastercraft Union,1,PA,Pittsburgh,Multigender 1,Mastercraft Union,TONS,no,,
Maui Jim,1,PA,Wayne,Multigender 1,Maui Jim,Out There Outfitters,no,,
Mavi,1,PA,Phoenixville,In scope 1,Mavi,Weitzenkorn's,no,,
Mavrans,1,PA,State College,Multigender 1,Mavrans,Harpers,no,,
MaxMan,1,PA,Johnstown,In scope 1,MaxMan,Millers of Johnstown,no,,
Mel Gambert Shirts,1,PA,Wayne,In scope 1,MEL GAMBERT SHIRTS,Boyds,no,,
Mephisto,1,PA,Warrendale,Multigender 1,Mephisto,Oxford & Derby,no,,
Mercedes Salazar,1,NJ,Long Beach Township,Multigender 1,Mercedes Salazar,Sink R Swim,no,,
Merrell 1TRL,1,PA,Philadelphia,Multigender 1,Merrell 1TRL,Totem Brand Co.,no,,
Metric Knits,1,PA,State College,Multigender 1,Metric Knits,Harpers,no,,
Michael Strahan,1,PA,Indiana,In scope 1,Michael Strahan,700 Shop,no,,
Midori,1,PA,Philadelphia,Multigender 1,Midori,Totem Brand Co.,no,,
Mihara Yasuhiro,1,PA,Pittsburgh,Multigender 1,Mihara Yasuhiro,TONS,no,,
Milestone,1,PA,Wayne,In scope 1,MILESTONE,Boyds,no,,
Mirto,1,PA,Warrendale,Multigender 1,Mirto,Oxford & Derby,no,,
Mister Freedom,1,PA,Philadelphia,In scope 1,Mister Freedom,Franklin & Poe,no,,
Mitchell & Ness,1,PA,West Chester,Multigender 1,Mitchell & Ness,Phineas Gage,no,,
Modena Shirts,1,PA,Johnstown,In scope 1,Modena Shirts,Millers of Johnstown,no,,
Momotaro Jeans,1,NJ,Maplewood,In scope 1,MOMOTARO JEANS,City Workshop Men's Supply Co.,no,,
Montana West,1,PA,State College,Multigender 1,Montana West,Harpers,no,,
Moon River,1,PA,State College,Multigender 1,Moon River,Harpers,no,,
Mooncastle,1,PA,Pittsburgh,In scope 1,Mooncastle,Vestis,no,,
Moonstar,1,PA,Philadelphia,Multigender 1,Moonstar,Totem Brand Co.,no,,
Moorer,1,PA,Wayne,In scope 1,MOORER,Boyds,no,,
Moose Knuckles,1,PA,Pittsburgh,Multigender 1,Moose Knuckles,Moda,no,,
Mountain Hardwear,1,PA,Kennett Square,Multigender 1,Mountain Hardwear,Trail Creek Outfitters,no,,
Mountain Research,1,PA,Philadelphia,Multigender 1,Mountain Research,Totem Brand Co.,no,,
Moving Forward Designs,1,PA,State College,Multigender 1,Moving Forward Designs,Harpers,no,,
Mr. Fatman,1,NJ,Maplewood,In scope 1,Mr. Fatman,City Workshop Men's Supply Co.,no,,
Museum of Peace & Quiet,1,NJ,Asbury Park,Multigender 1,Museum of Peace & Quiet,New Hour Clothing,no,,
Myths,1,PA,Wayne,In scope 1,MYTHS,Boyds,no,,
Naghedi,1,PA,Pittsburgh,Multigender 1,Naghedi,Larrimor's,no,,
Nahmias,1,PA,Pittsburgh,Multigender 1,Nahmias,TONS,no,,
Naked & Famous,1,PA,Philadelphia,Multigender 1,Naked & Famous,Totem Brand Co.,no,,
Naked & Famous Denim,1,NJ,Maplewood,In scope 1,Naked & Famous Denim,City Workshop Men's Supply Co.,no,,
Nalgene,1,PA,Philadelphia,Multigender 1,Nalgene,Totem Brand Co.,no,,
Nanamica,1,PA,Philadelphia,Multigender 1,Nanamica,Totem Brand Co.,no,,
Nation Los Angeles,1,PA,Allentown,Multigender 1,Nation Los Angeles,assembly88,no,,
Needle Golf,1,PA,West Chester,Multigender 1,Needle Golf,Phineas Gage,no,,
Needles,1,PA,Philadelphia,Multigender 1,Needles,Totem Brand Co.,no,,
Neuw,1,PA,Pittsburgh,Multigender 1,Neuw,Moda,no,,
New Balance,1,NJ,Somerville,Multigender 1,New Balance,Evolve Clothing Gallery,no,,
New Era Cap,1,NJ,Somerville,Multigender 1,New Era Cap,Evolve Clothing Gallery,no,,
Nili Lotan,1,NJ,Cape May,Multigender 1,Nili Lotan,Galvanic,no,,flagged from Assembly His; not yet assessed
Nippon Kodo,1,PA,Philadelphia,Multigender 1,Nippon Kodo,Totem Brand Co.,no,,
Nite-Ize,1,PA,Philadelphia,Multigender 1,Nite-Ize,Totem Brand Co.,no,,
Nocs Provisions,1,PA,Wayne,Multigender 1,Nocs Provisions,Out There Outfitters,no,,
Nodal,1,PA,Philadelphia,Multigender 1,NODAL,Totem Brand Co.,no,,
Northwave,1,PA,Philadelphia,Multigender 1,Northwave,Totem Brand Co.,no,,
Norwegian Wool,1,PA,Wayne,In scope 1,NORWEGIAN WOOL,Boyds,no,,
Nothin' Special NYC,1,NJ,Somerville,Multigender 1,Nothin' Special NYC,Evolve Clothing Gallery,no,,
Nuataaq,1,PA,Philadelphia,Multigender 1,Nuataaq,Totem Brand Co.,no,,
Nudie Jeans,1,NJ,Somerville,Multigender 1,Nudie Jeans,Evolve Clothing Gallery,no,,
Nudie Jeans Co,1,NJ,Maplewood,In scope 1,Nudie Jeans Co,City Workshop Men's Supply Co.,no,,
O.P. Jewellery,1,PA,Philadelphia,In scope 1,O.P. Jewellery,Franklin & Poe,no,,
OTO,1,PA,Wayne,Multigender 1,OTO,Out There Outfitters,no,,
Oamc,1,PA,Pittsburgh,Multigender 1,OAMC,TONS,no,,
Off-White,1,PA,Pittsburgh,Multigender 1,Off-White,TONS,no,,
Ohto,1,PA,Philadelphia,Multigender 1,OHTO,Totem Brand Co.,no,,
Old World Christmas,1,PA,State College,Multigender 1,Old World Christmas,Harpers,no,,
Olight,1,PA,Philadelphia,Multigender 1,Olight,Totem Brand Co.,no,,
Omoto Denim,1,PA,Philadelphia,In scope 1,Omoto Denim,Franklin & Poe,no,,
On Cloud,1,NJ,Cape May,Multigender 1,On Cloud,Galvanic,no,,
On Running,1,PA,Allentown,Multigender 1,On Running,assembly88,no,,
Oncept,1,PA,Phoenixville,In scope 1,Oncept,Weitzenkorn's,no,,
Onewheel,1,PA,Philadelphia,Multigender 1,Onewheel,Totem Brand Co.,no,,
Oni Denim,1,PA,Philadelphia,In scope 1,Oni Denim,Franklin & Poe,no,,
Opinel,1,PA,Wayne,Multigender 1,Opinel,Out There Outfitters,no,,
Orciani,1,PA,Pittsburgh,Multigender 1,Orciani,Moda,no,,
Orgueil,1,NJ,Maplewood,In scope 1,Orgueil,City Workshop Men's Supply Co.,no,,
Original Madras Trading Company,1,PA,State College,Multigender 1,Original Madras Trading Company,Harpers,no,,
Original Retro Brand,1,PA,State College,Multigender 1,Original Retro Brand,Harpers,no,,
Orvis,1,PA,Bedford,Multigender 1,Orvis,Cove Creek Outfitters,no,,
Ottolinger,1,PA,Pittsburgh,Multigender 1,Ottolinger,TONS,no,,
Ouray,1,PA,State College,Multigender 1,Ouray,Harpers,no,,
Outclass,1,NJ,Maplewood,In scope 1,Outclass,City Workshop Men's Supply Co.,no,,
Outdoor Fellow,1,NJ,Maplewood,In scope 1,Outdoor Fellow,City Workshop Men's Supply Co.,no,,
Outdoor Research,1,PA,Philadelphia,Multigender 1,Outdoor Research,Totem Brand Co.,no,,
Oxford Pennants,1,NJ,Long Beach Township,Multigender 1,Oxford Pennants,Sink R Swim,no,,
PF Flyers,1,PA,Philadelphia,Multigender 1,PF Flyers,Totem Brand Co.,no,,
Pacific Silk,1,PA,Ligonier,In scope 1,Pacific Silk,Post & Rail Men's Shop,no,,
Padmore & Barnes,1,NJ,Maplewood,In scope 1,Padmore & Barnes,City Workshop Men's Supply Co.,no,,
Pampeano,1,PA,State College,Multigender 1,Pampeano,Harpers,no,,
Pantherella,1,PA,Wayne,In scope 1,PANTHERELLA,Boyds,no,,
Paolo Albizzati,1,PA,Wayne,In scope 1,PAOLO ALBIZZATI,Boyds,no,,
Paolo Vitale,1,PA,Wayne,In scope 1,PAOLO VITALE,Boyds,no,,
Papa Nui Cap Co.,1,PA,Philadelphia,In scope 1,Papa Nui Cap Co.,Franklin & Poe,no,,
Paraboot,1,PA,Philadelphia,Multigender 1,Paraboot,Totem Brand Co.,no,,
Parajumpers,1,PA,Wayne,In scope 1,PARAJUMPERS,Boyds,no,,
Pashmere,1,PA,Wayne,In scope 1,PASHMERE,Boyds,no,,
Pasotti,1,PA,Wayne,In scope 1,PASOTTI,Boyds,no,,
Patrick King Woolens,1,PA,State College,Multigender 1,Patrick King Woolens,Harpers,no,,
Patty Kim,1,PA,State College,Multigender 1,Patty Kim,Harpers,no,,
Peru Unlimited,1,PA,Wayne,In scope 1,PERU UNLIMITED,Boyds,no,,
Petrocelli,1,PA,Johnstown,In scope 1,Petrocelli,Millers of Johnstown,no,,
Piacenza 1733,1,PA,Pittsburgh,Multigender 1,Piacenza 1733,Larrimor's,no,,
Pietra Salata,1,PA,Wayne,In scope 1,PIETRA SALATA,Boyds,no,,
Pink Pineapple,1,PA,Allentown,Multigender 1,Pink Pineapple,assembly88,no,,
Pistol,1,PA,Wayne,Multigender 1,Pistol,Out There Outfitters,no,,
Pistola,1,PA,Allentown,Multigender 1,Pistola,assembly88,no,,
Plushland,1,PA,State College,Multigender 1,Plushland,Harpers,no,,
Polifroni,1,PA,Pittsburgh,In scope 1,Polifroni,Heinz Healey's,no,,
Polo by Ralph Lauren,1,PA,Malvern,In scope 1,Polo by Ralph Lauren,Englund's Apparel for Men,no,,
Ponyflo,1,PA,State College,Multigender 1,Ponyflo,Harpers,no,,
Porto,1,PA,Pittsburgh,Multigender 1,Porto,Larrimor's,no,,
Portuguese Flannel,1,PA,Pittsburgh,In scope 1,Portuguese Flannel,Vestis,no,,
Post O'Alls,1,PA,Philadelphia,Multigender 1,Post O'Alls,Totem Brand Co.,no,,
Pottery,1,PA,Philadelphia,Multigender 1,POTTERY,Totem Brand Co.,no,,
Prana,1,PA,Wayne,Multigender 1,Prana,Out There Outfitters,no,,
Presidents,1,NJ,Asbury Park,Multigender 1,PRESIDENTS,New Hour Clothing,no,,
Proper Dress and Sports Shirts,1,PA,Johnstown,In scope 1,Proper Dress and Sports Shirts,Millers of Johnstown,no,,
Pt Torino,1,PA,Wayne,In scope 1,PT TORINO,Boyds,no,,
Pt01,1,PA,Pittsburgh,Multigender 1,PT01,Larrimor's,no,,
Puma,1,PA,Philadelphia,Multigender 1,PUMA,Totem Brand Co.,no,,
R. Hanauer,1,PA,Ligonier,In scope 1,R. Hanauer,Post & Rail Men's Shop,no,,
R. Hanauer Inc.,1,PA,State College,Multigender 1,R. Hanauer Inc.,Harpers,no,,
Radar,1,PA,Philadelphia,Multigender 1,Radar,Totem Brand Co.,no,,
Rainbow Sandals,1,PA,Wayne,Multigender 1,Rainbow Sandals,Out There Outfitters,no,,
Rains,1,NJ,Somerville,Multigender 1,Rains,Evolve Clothing Gallery,no,,
Ravazzolo,1,PA,Wayne,In scope 1,RAVAZZOLO,Boyds,no,,
Renoir,1,PA,Johnstown,In scope 1,Renoir,Millers of Johnstown,no,,
Represent Clo,1,NJ,Somerville,Multigender 1,Represent Clo,Evolve Clothing Gallery,no,,
Resolute,1,PA,Philadelphia,Multigender 1,Resolute,Totem Brand Co.,no,,
RetroSuperFuture,1,NJ,Somerville,Multigender 1,RetroSuperFuture,Evolve Clothing Gallery,no,,
Rifugio,1,PA,Wayne,In scope 1,RIFUGIO,Boyds,no,,
Riviera Pants,1,PA,Pittsburgh,In scope 1,Riviera Pants,Heinz Healey's,no,,
Robert Keyte,1,PA,Warrendale,Multigender 1,Robert Keyte,Oxford & Derby,no,,
Rochester Shoe Tree Company,1,PA,Pittsburgh,Multigender 1,Rochester Shoe Tree Company,Larrimor's,no,,
Roja,1,PA,Pittsburgh,Multigender 1,Roja,Moda,no,,
Rosy Rings,1,PA,Philadelphia,Multigender 1,Rosy Rings,Totem Brand Co.,no,,
Royall Fragrances,1,PA,Ligonier,In scope 1,Royall Fragrances,Post & Rail Men's Shop,no,,
Royall Lyme of Bermuda,1,PA,State College,Multigender 1,Royall Lyme of Bermuda,Harpers,no,,
Rumpl,1,PA,Philadelphia,Multigender 1,Rumpl,Totem Brand Co.,no,,
S'envoler,1,NJ,Asbury Park,Multigender 1,S'envoler,New Hour Clothing,no,,
S.Cohen,1,PA,Phoenixville,In scope 1,S.Cohen,Weitzenkorn's,no,,
S.T.E.P.,1,PA,State College,Multigender 1,S.T.E.P.,Harpers,no,,
SALT. Optics,1,PA,Philadelphia,In scope 1,SALT. Optics,Franklin & Poe,no,,
SECRID Wallets,1,NJ,Maplewood,In scope 1,SECRID Wallets,City Workshop Men's Supply Co.,no,,
Sable,1,NJ,Maplewood,In scope 1,Sable,City Workshop Men's Supply Co.,no,,
Saint James Knitwear,1,PA,Warrendale,Multigender 1,Saint James Knitwear,Oxford & Derby,no,,
Saint MXXXXXX,1,PA,Pittsburgh,Multigender 1,Saint MXXXXXX,TONS,no,,
Saint Rita Parlor,1,PA,Philadelphia,In scope 1,Saint Rita Parlor,Franklin & Poe,no,,
San San Gear,1,PA,Philadelphia,Multigender 1,San San Gear,Totem Brand Co.,no,,
Sand,1,PA,State College,Multigender 1,Sand,Harpers,no,,
Sartorio,1,PA,Wayne,In scope 1,SARTORIO,Boyds,no,,
Sassafras,1,PA,Philadelphia,Multigender 1,Sassafras,Totem Brand Co.,no,,
Satoshi Nakamoto,1,PA,Pittsburgh,Multigender 1,Satoshi Nakamoto,TONS,no,,
Save Khaki United,1,PA,Phoenixville,In scope 1,Save Khaki United,Weitzenkorn's,no,,
Save The Duck,1,PA,Phoenixville,In scope 1,Save The Duck,Weitzenkorn's,no,,
Sawyer,1,PA,Philadelphia,Multigender 1,Sawyer,Totem Brand Co.,no,,
Scabal,1,PA,Pittsburgh,Multigender 1,Scabal,Larrimor's,no,,
Schott,1,NJ,Far Hills,In scope 1,Schott,Hans Clothier,no,,
Scott & Charters,1,PA,Warrendale,Multigender 1,Scott & Charters,Oxford & Derby,no,,
Scuderi,1,PA,Wayne,In scope 1,SCUDERI,Boyds,no,,
Sea Bags,1,PA,State College,Multigender 1,Sea Bags,Harpers,no,,
Sea to Summit,1,PA,Philadelphia,Multigender 1,Sea to Summit,Totem Brand Co.,no,,
Seasons Jewelry,1,PA,State College,Multigender 1,Seasons Jewelry,Harpers,no,,
Seaward and Stearn,1,PA,State College,Multigender 1,Seaward and Stearn,Harpers,no,,
Sefr,1,PA,Pittsburgh,In scope 1,Sefr,Vestis,no,,
Sekanson,1,PA,Philadelphia,Multigender 1,Sekanson,Totem Brand Co.,no,,
Serapian,1,PA,Wayne,In scope 1,SERAPIAN,Boyds,no,,
Serge Blanco,1,PA,Phoenixville,In scope 1,Serge Blanco,Weitzenkorn's,no,,
Serge De Nimes,1,NJ,Asbury Park,Multigender 1,Serge De Nimes,New Hour Clothing,no,,
Serica,1,PA,Pittsburgh,In scope 1,Serica,Heinz Healey's,no,,
Service Works,1,NJ,Maplewood,In scope 1,Service Works,City Workshop Men's Supply Co.,no,,
Seuvas,1,PA,Philadelphia,In scope 1,Seuvas,Franklin & Poe,no,,
Seven Seas Copenhagen,1,PA,Phoenixville,In scope 1,Seven Seas Copenhagen,Weitzenkorn's,no,,
Shangri-La Heritage,1,PA,Philadelphia,Multigender 1,Shangri-La Heritage,Totem Brand Co.,no,,
Shinola,1,NJ,Maplewood,In scope 1,Shinola,City Workshop Men's Supply Co.,no,,
Shoe The Bear,1,PA,Phoenixville,In scope 1,Shoe The Bear,Weitzenkorn's,no,,
Shore & Singer,1,PA,Ligonier,In scope 1,Shore & Singer,Post & Rail Men's Shop,no,,
Shoyeido,1,PA,Philadelphia,Multigender 1,Shoyeido,Totem Brand Co.,no,,
Shwood,1,PA,Phoenixville,In scope 1,Shwood,Weitzenkorn's,no,,
Shwood Eyewear,1,PA,State College,Multigender 1,Shwood Eyewear,Harpers,no,,
Simkhai,1,NJ,Cape May,Multigender 1,Simkhai,Galvanic,no,,
Simmons Bilt,1,PA,Philadelphia,In scope 1,Simmons Bilt,Franklin & Poe,no,,
Simonnot-Godard,1,PA,Wayne,In scope 1,SIMONNOT-GODARD,Boyds,no,,
Smathers,1,PA,Wayne,Multigender 1,Smathers,Out There Outfitters,no,,
Smith,1,PA,Wayne,Multigender 1,Smith,Out There Outfitters,no,,
Smith & Quinn,1,PA,State College,Multigender 1,Smith & Quinn,Harpers,no,,
Sock Hop NY,1,PA,Pittsburgh,In scope 1,Sock Hop NY,Vestis,no,,
Solovair,1,NJ,Asbury Park,Multigender 1,Solovair,New Hour Clothing,no,,
Some Coastal Town,1,NJ,Long Beach Township,Multigender 1,Some Coastal Town,Sink R Swim,no,,
Sonrisa,1,PA,Wayne,In scope 1,SONRISA,Boyds,no,,
Sorel,1,PA,Allentown,Multigender 1,Sorel,assembly88,no,,
Sorority and Sisterhood,1,PA,State College,Multigender 1,Sorority and Sisterhood,Harpers,no,,
South2 West8,1,PA,Philadelphia,Multigender 1,South2 West8,Totem Brand Co.,no,,
Sperry,1,PA,Allentown,Multigender 1,Sperry,assembly88,no,,
Sporty & Rich,1,PA,Pittsburgh,Multigender 1,Sporty & Rich,TONS,no,,
Spyderco,1,PA,Philadelphia,Multigender 1,Spyderco,Totem Brand Co.,no,,
St Johns,1,NJ,Far Hills,In scope 1,St Johns,Hans Clothier,no,,
St. James of London,1,PA,State College,Multigender 1,St. James of London,Harpers,no,,
Stacy Adams,1,PA,Johnstown,In scope 1,Stacy Adams,Millers of Johnstown,no,,
Stalogy,1,PA,Philadelphia,Multigender 1,Stalogy,Totem Brand Co.,no,,
Stan Ray,1,NJ,Somerville,Multigender 1,Stan Ray,Evolve Clothing Gallery,no,,
Staple,1,NJ,Somerville,Multigender 1,Staple,Evolve Clothing Gallery,no,,
Stay Creative Co.,1,NJ,Asbury Park,Multigender 1,Stay Creative Co.,New Hour Clothing,no,,
Steel & Barnett,1,PA,State College,Multigender 1,Steel & Barnett,Harpers,no,,
Stenströms,1,PA,State College,Multigender 1,Stenströms,Harpers,no,,
Stevenson Overall Co.,1,NJ,Maplewood,In scope 1,Stevenson Overall Co.,City Workshop Men's Supply Co.,no,,
Stevenson Overall Company,1,PA,Philadelphia,In scope 1,Stevenson Overall Company,Franklin & Poe,no,,
Still By Hand,1,PA,Philadelphia,Multigender 1,STILL BY HAND,Totem Brand Co.,no,,
Still Here,1,NJ,Cape May,Multigender 1,Still Here,Galvanic,no,,
Stio,1,PA,Wayne,Multigender 1,Stio,Out There Outfitters,no,,
Stone Armory,1,PA,State College,Multigender 1,Stone Armory,Harpers,no,,
Stone Cottage Jewelry,1,PA,State College,Multigender 1,Stone Cottage Jewelry,Harpers,no,,
Storm Duds,1,PA,State College,Multigender 1,Storm Duds,Harpers,no,,
Stormy Kromer,1,PA,Philadelphia,Multigender 1,Stormy Kromer,Totem Brand Co.,no,,
Studebaker Metals,1,PA,Phoenixville,In scope 1,Studebaker Metals,Weitzenkorn's,no,,
Stussy,1,NJ,Cape May,Multigender 1,Stussy,Galvanic,no,,
Sun Bum,1,PA,Wayne,Multigender 1,Sun Bum,Out There Outfitters,no,,
Sun Surf,1,PA,Philadelphia,In scope 1,Sun Surf,Franklin & Poe,no,,
Suncloud,1,PA,Wayne,Multigender 1,Suncloud,Out There Outfitters,no,,
Suncloud Optics,1,PA,Allentown,Multigender 1,Suncloud Optics,assembly88,no,,
Sunray,1,PA,Pittsburgh,In scope 1,Sunray,Vestis,no,,
Surfside Supply,1,PA,Phoenixville,In scope 1,Surfside Supply,Weitzenkorn's,no,,
Swannies,1,PA,Phoenixville,In scope 1,Swannies,Weitzenkorn's,no,,
Sydney Hale Co.,1,PA,Philadelphia,Multigender 1,Sydney Hale Co.,Totem Brand Co.,no,,
Sylvia Toledano,1,PA,Pittsburgh,Multigender 1,Sylvia Toledano,Larrimor's,no,,
TCB Jeans,1,PA,Philadelphia,In scope 1,TCB Jeans,Franklin & Poe,no,,
Tagliatore,1,PA,Wayne,In scope 1,TAGLIATORE,Boyds,no,,
Taion,1,NJ,Maplewood,In scope 1,TAION,City Workshop Men's Supply Co.,no,,
Taion Wear Japan,1,NJ,Somerville,Multigender 1,Taion Wear Japan,Evolve Clothing Gallery,no,,
Tat2 Designs,1,PA,Pittsburgh,Multigender 1,Tat2 Designs,Larrimor's,no,,
Team Ice,1,PA,State College,Multigender 1,Team Ice,Harpers,no,,
Tellason,1,NJ,Maplewood,In scope 1,Tellason,City Workshop Men's Supply Co.,no,,
Tender Co.,1,PA,Philadelphia,Multigender 1,Tender Co.,Totem Brand Co.,no,,
Tervis,1,PA,State College,Multigender 1,Tervis,Harpers,no,,
Teva,1,PA,Philadelphia,Multigender 1,Teva,Totem Brand Co.,no,,
The 2 Monkeys,1,PA,Philadelphia,In scope 1,The 2 Monkeys,Franklin & Poe,no,,
The Ampal Creative,1,PA,Wayne,Multigender 1,The Ampal Creative,Out There Outfitters,no,,
The Jack Leathers,1,PA,Wayne,In scope 1,THE JACK LEATHERS,Boyds,no,,
The James Brand,1,NJ,Maplewood,In scope 1,The James Brand,City Workshop Men's Supply Co.,no,,
The Normal Brand,1,PA,Phoenixville,In scope 1,The Normal Brand,Weitzenkorn's,no,,
Therm-a-Rest,1,PA,Philadelphia,Multigender 1,Therm-a-Rest,Totem Brand Co.,no,,
Think!,1,PA,Warrendale,Multigender 1,THINK!,Oxford & Derby,no,,
Thistle Pot,1,PA,Philadelphia,Multigender 1,Thistle Pot,Totem Brand Co.,no,,
Thunders Love,1,PA,Pittsburgh,In scope 1,Thunders Love,Vestis,no,,
Tiana Designs,1,PA,State College,Multigender 1,Tiana Designs,Harpers,no,,
Tiepology,1,PA,Philadelphia,Multigender 1,Tiepology,Totem Brand Co.,no,,
Tiki,1,PA,Wayne,In scope 1,TIKI,Boyds,no,,
To Boot New York,1,PA,Pittsburgh,Multigender 1,To Boot New York,Larrimor's,no,,
Toad & Co,1,PA,Wayne,Multigender 1,Toad & Co,Out There Outfitters,no,,
Tom Beckbe,1,NJ,Far Hills,In scope 1,Tom Beckbe,Hans Clothier,no,,
Tommy Hilfiger,1,PA,Johnstown,In scope 1,Tommy Hilfiger,Millers of Johnstown,no,,
Tons,1,PA,Pittsburgh,Multigender 1,TONS,TONS,no,,
Topo Designs,1,PA,Kennett Square,Multigender 1,Topo Designs,Trail Creek Outfitters,no,,
Tori Richard,1,PA,Philadelphia,Multigender 1,Tori Richard,Totem Brand Co.,no,,
Torino Leather,1,PA,Pittsburgh,Multigender 1,Torino Leather,Larrimor's,no,,
Tory Leather,1,PA,Philadelphia,Multigender 1,Tory Leather,Totem Brand Co.,no,,
Totem Brand Co.,1,PA,Philadelphia,Multigender 1,Totem Brand Co.,Totem Brand Co.,no,,
Trask,1,PA,Phoenixville,In scope 1,Trask,Weitzenkorn's,no,,
Trinity,1,PA,Newtown Square,In scope 1,Trinity,Hassis Men's Shop,no,,
True Grit,1,PA,Ligonier,In scope 1,True Grit,Post & Rail Men's Shop,no,,
Trussini,1,PA,Wayne,In scope 1,TRUSSINI,Boyds,no,,
Tulliano,1,PA,Ligonier,In scope 1,Tulliano,Post & Rail Men's Shop,no,,
Turtle Fur,1,PA,Wayne,Multigender 1,Turtle Fur,Out There Outfitters,no,,
Twenty Montreal,1,PA,Pittsburgh,Multigender 1,Twenty Montreal,Moda,no,,
Twin City Knitting,1,PA,State College,Multigender 1,Twin City Knitting,Harpers,no,,
Tyler Boe,1,PA,State College,Multigender 1,Tyler Boe,Harpers,no,,
UCO,1,PA,Philadelphia,Multigender 1,UCO,Totem Brand Co.,no,,
UGG,1,PA,Allentown,Multigender 1,UGG,assembly88,no,,
Ugo Cacciatori,1,PA,Pittsburgh,Multigender 1,Ugo Cacciatori,TONS,no,,
Undercover,1,PA,Pittsburgh,Multigender 1,Undercover,TONS,no,,
Unmarked,1,PA,Philadelphia,In scope 1,Unmarked,Franklin & Poe,no,,
Vannucci,1,PA,Johnstown,In scope 1,Vannucci,Millers of Johnstown,no,,
Vans,1,PA,Allentown,Multigender 1,Vans,assembly88,no,,
Varley,1,PA,Allentown,Multigender 1,Varley,assembly88,no,,
Vera Bradley,1,PA,Ligonier,In scope 1,Vera Bradley,Post & Rail Men's Shop,no,,
Vetements,1,PA,Pittsburgh,Multigender 1,VETEMENTS,TONS,no,,
Vibram,1,PA,Philadelphia,Multigender 1,Vibram,Totem Brand Co.,no,,
Vice,1,NJ,Long Beach Township,Multigender 1,Vice,Sink R Swim,no,,
Victoria,1,PA,Warrendale,Multigender 1,Victoria,Oxford & Derby,no,,
Victorinox,1,PA,Philadelphia,Multigender 1,Victorinox,Totem Brand Co.,no,,
Vigano,1,PA,Wayne,In scope 1,VIGANO,Boyds,no,,
Vilagallo,1,PA,State College,Multigender 1,Vilagallo,Harpers,no,,
Vital Material,1,PA,Pittsburgh,Multigender 1,Vital Material,TONS,no,,
W. Kleinberg,1,PA,Wayne,In scope 1,W. KLEINBERG,Boyds,no,,
Warehouse & Co.,1,PA,Philadelphia,Multigender 1,Warehouse & Co.,Totem Brand Co.,no,,
Waterville,1,PA,Wayne,In scope 1,WATERVILLE,Boyds,no,,
Wesco,1,PA,Philadelphia,In scope 1,Wesco,Franklin & Poe,no,,
Wesn,1,NJ,Maplewood,In scope 1,WESN,City Workshop Men's Supply Co.,no,,
Whalerknits,1,PA,Philadelphia,Multigender 1,Whalerknits,Totem Brand Co.,no,,
White's Boots,1,PA,Philadelphia,In scope 1,White's Boots,Franklin & Poe,no,,
Whitesville,1,PA,Philadelphia,In scope 1,Whitesville,Franklin & Poe,no,,
Who Decides War,1,PA,Pittsburgh,Multigender 1,Who Decides War,TONS,no,,
Wigens,1,PA,Pittsburgh,Multigender 1,Wigens,Larrimor's,no,,
William Lockie,1,PA,Warrendale,Multigender 1,William Lockie,Oxford & Derby,no,,
Won Hundred,1,NJ,Asbury Park,Multigender 1,Won Hundred,New Hour Clothing,no,,
Wood Wood,1,PA,Pittsburgh,Multigender 1,Wood Wood,Moda,no,,
Wooden Ships,1,PA,Wayne,Multigender 1,Wooden Ships,Out There Outfitters,no,,
Wuben,1,PA,Philadelphia,Multigender 1,Wuben,Totem Brand Co.,no,,
Y'2,1,PA,Philadelphia,In scope 1,Y'2,Franklin & Poe,no,,
Y-3,1,PA,Pittsburgh,Multigender 2,Y-3 Men's;Y-3 Women's,Moda,no,,
Yoko Sakamoto,1,PA,Pittsburgh,In scope 1,Yoko Sakamoto,Vestis,no,,
YouTheFan!,1,PA,State College,Multigender 1,YouTheFan!,Harpers,no,,
Yuketen,1,PA,Philadelphia,Multigender 1,Yuketen,Totem Brand Co.,no,,
Z Supply,1,PA,Allentown,Multigender 1,Z Supply,assembly88,no,,
Zebra,1,PA,Philadelphia,Multigender 1,Zebra,Totem Brand Co.,no,,
Zenio,1,PA,Johnstown,In scope 1,Zenio,Millers of Johnstown,no,,
Zep-Pro,1,PA,State College,Multigender 1,Zep-Pro,Harpers,no,,
Zero Restriction,1,PA,State College,Multigender 1,Zero Restriction,Harpers,no,,
Zhrill,1,PA,Warrendale,Multigender 1,ZHRILL,Oxford & Derby,no,,
orSlow JP,1,NJ,Somerville,Multigender 1,orSlow JP,Evolve Clothing Gallery,no,,
retaW,1,PA,Philadelphia,Multigender 1,retaW,Totem Brand Co.,no,,
thisisneverthat,1,NJ,Somerville,Multigender 1,thisisneverthat,Evolve Clothing Gallery,no,,
