brand,shops,carried_by,states,first_seen,last_seen,us_own_stores,status,note
Ballin,8,Englund's Apparel for Men;Harpers;Hassis Men's Shop;Larrimor's;Millers of Johnstown;Oxford & Derby;Post & Rail Men's Shop;Weitzenkorn's,PA,2026-09-13,2026-09-13,NC,unassessed,women's list
Tommy Bahama,7,Englund's Apparel for Men;Giovanni's Fine Fashions;Harpers;Heinz Healey's;Lapels;Post & Rail Men's Shop,PA;MA,2026-09-13,2026-09-13,NC,queued,
"Hart, Schaffner & Marx",6,700 Shop;Harpers;Hassis Men's Shop;Heinz Healey's;Lapels;Millers of Johnstown,PA,2026-09-13,2026-09-13,NC,queued,2 spellings merged
Adidas,4,700 Shop;Evolve Clothing Gallery;TONS;Totem Brand Co.,NJ;PA,2026-09-13,2026-09-13,NC,queued,
Birkenstock,4,City Workshop Men's Supply Co.;Evolve Clothing Gallery;Totem Brand Co.;assembly88,NJ;PA,2026-09-13,2026-09-13,NC,seated 2026-10-10 (seat_wave_a_2026-10-08),
Bosca,4,Harpers;Heinz Healey's;Phineas Gage;Weitzenkorn's,PA,2026-09-13,2026-09-13,NC,unassessed,accessories
PennBilt,4,Hans Clothier;Harpers;Out There Outfitters;assembly88,NJ;PA,2026-09-13,2026-09-13,NC,queued,check stockists · khakis only · 2 spellings merged
Red Wing Heritage,4,Franklin & Poe;Totem Brand Co.;Weitzenkorn's;assembly88,PA,2026-09-13,2026-09-13,NC,unassessed,shoes only
Salomon,4,Out There Outfitters;TONS;Totem Brand Co.;Trail Creek Outfitters,PA,2026-09-13,2026-09-13,NC,unassessed,shoes only
Samurai Jeans,4,City Workshop Men's Supply Co.;Evolve Clothing Gallery;Franklin & Poe;Totem Brand Co.,NJ;PA,2026-09-13,2026-09-13,NC,unassessed,online and boutique only
Secrid,4,Giovanni's Fine Fashions;Harpers;Heinz Healey's;Totem Brand Co.,PA,2026-09-13,2026-09-13,NC,unassessed,accessories
Smathers & Branson,4,Hans Clothier;John Hyatt Clothing;Sink R Swim;assembly88,NJ;PA,2026-09-13,2026-09-13,NC,queued,
34 Heritage,3,700 Shop;Hans Clothier;Weitzenkorn's,NJ;PA,2026-09-13,2026-09-13,NC,queued,
3sixteen,3,City Workshop Men's Supply Co.;Franklin & Poe;Vestis,NJ;PA,2026-09-13,2026-09-13,NC,queued,2 spellings merged
Alden,3,City Workshop Men's Supply Co.;Franklin & Poe;Totem Brand Co.,NJ;PA,2026-09-13,2026-09-13,NC,seated 2026-10-10 (seat_wave_a_2026-10-08),shoes only
American Trench,3,Franklin & Poe;Vestis;Weitzenkorn's,PA,2026-09-13,2026-09-13,NC,queued,check stockists
Anonymous Ism,3,City Workshop Men's Supply Co.;Totem Brand Co.;Vestis,NJ;PA,2026-09-13,2026-09-13,NC,queued,high on weird
Autumn Cashmere,3,Boyds;Harpers;Moda,PA,2026-09-13,2026-10-07,NC,briefed seat_boyds_2026-10-07,
Blundstone,3,City Workshop Men's Supply Co.;Out There Outfitters;Totem Brand Co.,NJ;PA,2026-09-13,2026-09-13,NC,briefed seat_wave_c_2026-10-08,shoes only
Bugatchi,3,Harpers;Heinz Healey's;assembly88,PA,2026-09-13,2026-09-13,NC,queued,
Calvin Klein,3,Heinz Healey's;Lapels;Millers of Johnstown,PA,2026-09-13,2026-09-13,NC,seated 2026-10-10 (seat_wave_a_2026-10-08),
Corgi,3,Hans Clothier;Harpers;Oxford & Derby,NJ;PA,2026-09-13,2026-09-13,NC,unassessed,accessories (socks)
Corridor,3,Evolve Clothing Gallery;New Hour Clothing;Vestis,NJ;PA,2026-09-13,2026-09-13,NC,queued,
David Donahue,3,Boyds;Hassis Men's Shop;Weitzenkorn's,PA,2026-09-13,2026-10-07,NC,queued,check stockists
Dr. Martens,3,Evolve Clothing Gallery;New Hour Clothing;Totem Brand Co.,NJ;PA,2026-09-13,2026-09-13,NC,seated 2026-10-10 (seat_wave_a_2026-10-08),3 spellings merged
Fair Harbor,3,Hans Clothier;Phineas Gage;assembly88,NJ;PA,2026-09-13,2026-09-13,NC,queued,department store only
Far Afield,3,City Workshop Men's Supply Co.;Harpers;Vestis,NJ;PA,2026-09-13,2026-09-13,NC,queued,check stockists
Florsheim,3,Harpers;Lapels;Millers of Johnstown,PA,2026-09-13,2026-09-13,NC,unassessed,
Free Fly,3,John Hyatt Clothing;Out There Outfitters;Trail Creek Outfitters,NJ;PA,2026-09-13,2026-09-13,NC,unassessed,
Fulton & Roark,3,City Workshop Men's Supply Co.;Franklin & Poe;assembly88,NJ;PA,2026-09-13,2026-09-13,NC,unassessed,accessories (scent)
Howler Bros,3,John Hyatt Clothing;Out There Outfitters;assembly88,NJ;PA,2026-09-13,2026-09-13,NC,queued,
Hydro Flask,3,Out There Outfitters;Totem Brand Co.;Trail Creek Outfitters,PA,2026-09-13,2026-09-13,NC,unassessed,
Karhu,3,Evolve Clothing Gallery;Out There Outfitters;Totem Brand Co.,NJ;PA,2026-09-13,2026-09-13,NC,unassessed,shoes only
Kinross,3,Harpers;Larrimor's;Oxford & Derby,PA,2026-09-13,2026-09-13,NC,queued,wholesale only
Magnanni,3,Boyds;Larrimor's;Oxford & Derby,PA,2026-09-13,2026-10-07,NC,briefed seat_boyds_2026-10-07,shoes only
Malin + Goetz,3,City Workshop Men's Supply Co.;Evolve Clothing Gallery;Franklin & Poe,NJ;PA,2026-09-13,2026-09-13,NC,unassessed,2 spellings merged
Martin Dingman,3,Harpers;Oxford & Derby;Weitzenkorn's,PA,2026-09-13,2026-09-13,NC,queued,
Michael Kors,3,Heinz Healey's;Lapels;Millers of Johnstown,PA,2026-09-13,2026-09-13,NC,queued,
Olukai,3,Out There Outfitters;Weitzenkorn's;assembly88,PA,2026-09-13,2026-09-13,NC,unassessed,shoes only
On,3,Evolve Clothing Gallery;Out There Outfitters;Totem Brand Co.,NJ;PA,2026-09-13,2026-09-13,NC,unassessed,shoes only
orSlow,3,City Workshop Men's Supply Co.;Totem Brand Co.;Vestis,NJ;PA,2026-09-13,2026-09-13,NC,unassessed,2 spellings merged
Pendleton,3,Englund's Apparel for Men;Hans Clothier;Post & Rail Men's Shop,NJ;PA,2026-09-13,2026-09-13,NC,seated 2026-10-10 (seat_wave_a_2026-10-08),
Pure Blue Japan,3,City Workshop Men's Supply Co.;Franklin & Poe;Totem Brand Co.,NJ;PA,2026-09-13,2026-09-13,NC,queued,
Relwen,3,City Workshop Men's Supply Co.;Hans Clothier;Weitzenkorn's,NJ;PA,2026-09-13,2026-09-13,NC,queued,check stockists
RoToTo,3,City Workshop Men's Supply Co.;Franklin & Poe;Totem Brand Co.,NJ;PA,2026-09-13,2026-09-13,NC,unassessed,2 spellings merged
Schott NYC,3,Franklin & Poe;Weitzenkorn's;assembly88,PA,2026-09-13,2026-09-13,NC,queued,jackets only
Shoes Like Pottery,3,City Workshop Men's Supply Co.;Franklin & Poe;Totem Brand Co.,NJ;PA,2026-09-13,2026-09-13,NC,unassessed,shoes only
Swims,3,Harpers;Larrimor's;Weitzenkorn's,PA,2026-09-13,2026-09-13,NC,queued,
Tallia,3,Harpers;Heinz Healey's;Millers of Johnstown,PA,2026-09-13,2026-09-13,NC,unassessed,
The North Face,3,Out There Outfitters;Totem Brand Co.;Trail Creek Outfitters,PA,2026-09-13,2026-09-13,NC,seated 2026-10-10 (seat_wave_a_2026-10-08),
Alan Paine,2,Englund's Apparel for Men;Harpers,PA,2026-09-13,2026-09-13,NC,unassessed,
Amundsen,2,Hans Clothier;John Hyatt Clothing,NJ,2026-09-13,2026-09-13,NC,queued,
Astorflex,2,Hans Clothier;Weitzenkorn's,NJ;PA,2026-09-13,2026-09-13,NC,unassessed,shoes only
Avi-8,2,Weitzenkorn's,PA,2026-09-13,2026-09-13,NC,unassessed,2 spellings merged
Beams Plus,2,Totem Brand Co.;Vestis,PA,2026-09-13,2026-09-13,NC,unassessed,
Berle,2,Englund's Apparel for Men;Post & Rail Men's Shop,PA,2026-09-13,2026-09-13,NC,unassessed,
Big John,2,Franklin & Poe;Totem Brand Co.,PA,2026-09-13,2026-09-13,NC,unassessed,
Black Diamond,2,Out There Outfitters;Trail Creek Outfitters,PA,2026-09-13,2026-09-13,NC,unassessed,
Bleu de Chauffe,2,City Workshop Men's Supply Co.;Franklin & Poe,NJ;PA,2026-09-13,2026-09-13,NC,unassessed,
Boathouse,2,Out There Outfitters;Totem Brand Co.,PA,2026-09-13,2026-09-13,NC,unassessed,
C.P. Company,2,TONS;Totem Brand Co.,PA,2026-09-13,2026-09-13,NC,briefed seat_wave_c_2026-10-08,
Castaway,2,Englund's Apparel for Men;Harpers,PA,2026-09-13,2026-09-13,NC,unassessed,
Darn Tough,2,Out There Outfitters;Totem Brand Co.,PA,2026-09-13,2026-09-13,NC,unassessed,
Dehen 1920,2,City Workshop Men's Supply Co.;Franklin & Poe,NJ;PA,2026-09-13,2026-09-13,NC,unassessed,
Dl 1961,2,Hans Clothier;Weitzenkorn's,NJ;PA,2026-09-13,2026-09-13,NC,unassessed,2 spellings merged
Druthers NYC,2,City Workshop Men's Supply Co.;Evolve Clothing Gallery,NJ,2026-09-13,2026-09-13,NC,unassessed,2 spellings merged
East Harbour Surplus,2,City Workshop Men's Supply Co.;Vestis,NJ;PA,2026-09-13,2026-09-13,NC,unassessed,
Emanuel Berg,2,Boyds;Larrimor's,PA,2026-09-13,2026-10-07,NC,briefed seat_boyds_2026-10-07,
Engineered Garments,2,City Workshop Men's Supply Co.;Totem Brand Co.,NJ;PA,2026-09-13,2026-10-07,NC,briefed seat_boyds_2026-10-07,
Filippo De Laurentiis,2,Boyds;Larrimor's,PA,2026-09-13,2026-10-07,NC,briefed seat_boyds_2026-10-07,
Freenote Cloth,2,City Workshop Men's Supply Co.;Franklin & Poe,NJ;PA,2026-09-13,2026-09-13,NC,briefed seat_wave_c_2026-10-08,
FrizmWORKS,2,Evolve Clothing Gallery;Totem Brand Co.,NJ;PA,2026-09-13,2026-09-13,NC,unassessed,2 spellings merged
Full Count,2,City Workshop Men's Supply Co.;Totem Brand Co.,NJ;PA,2026-09-13,2026-09-13,NC,unassessed,2 spellings merged
Happy Socks,2,Heinz Healey's;assembly88,PA,2026-09-13,2026-09-13,NC,unassessed,
Harley of Scotland,2,Oxford & Derby;Vestis,PA,2026-09-13,2026-09-13,NC,unassessed,
Heimat,2,City Workshop Men's Supply Co.;Vestis,NJ;PA,2026-09-13,2026-09-13,NC,unassessed,
Herschel Supply Co.,2,Evolve Clothing Gallery;assembly88,NJ;PA,2026-09-13,2026-09-13,NC,unassessed,2 spellings merged
Hestra,2,Boyds;Out There Outfitters,PA,2026-09-13,2026-10-07,NC,unassessed,
Hoka,2,Totem Brand Co.;Trail Creek Outfitters,PA,2026-09-13,2026-09-13,NC,unassessed,
Howlin',2,City Workshop Men's Supply Co.;Vestis,NJ;PA,2026-09-13,2026-09-13,NC,unassessed,
Imogene + Willie,2,City Workshop Men's Supply Co.;Totem Brand Co.,NJ;PA,2026-09-13,2026-09-13,NC,briefed seat_wave_c_2026-10-08,
Indi + Ash,2,Franklin & Poe;Vestis,PA,2026-09-13,2026-09-13,NC,unassessed,
Individualized Shirts,2,Boyds;Hassis Men's Shop,PA,2026-09-13,2026-10-07,NC,briefed seat_boyds_2026-10-07,
Iron Heart,2,City Workshop Men's Supply Co.;Franklin & Poe,NJ;PA,2026-09-13,2026-09-13,NC,unassessed,
Jackman,2,City Workshop Men's Supply Co.;Totem Brand Co.,NJ;PA,2026-09-13,2026-09-13,NC,unassessed,
Johnston & Murphy,2,Harpers;Lapels,PA,2026-09-13,2026-09-13,NC,seated 2026-10-10 (seat_wave_a_2026-10-08),
Kapital,2,Totem Brand Co.;Vestis,PA,2026-09-13,2026-09-13,NC,unassessed,
Keen,2,Totem Brand Co.;Trail Creek Outfitters,PA,2026-09-13,2026-09-13,NC,unassessed,
Knickerbocker,2,City Workshop Men's Supply Co.;Franklin & Poe,NJ;PA,2026-09-13,2026-09-13,NC,unassessed,
L.B.M. 1911,2,Boyds;Weitzenkorn's,PA,2026-09-13,2026-10-07,NC,briefed seat_boyds_2026-10-07,
L.E.N Belts,2,Boyds;Larrimor's,PA,2026-09-13,2026-10-07,NC,unassessed,2 spellings merged
La Paz,2,New Hour Clothing;Vestis,NJ;PA,2026-09-13,2026-09-13,NC,unassessed,
Marni,2,Evolve Clothing Gallery;TONS,NJ;PA,2026-09-13,2026-09-13,NC,unassessed,
Matador,2,Out There Outfitters;Totem Brand Co.,PA,2026-09-13,2026-09-13,NC,unassessed,
Maurizio Baldassari,2,Boyds;Larrimor's,PA,2026-09-13,2026-10-07,NC,briefed seat_boyds_2026-10-07,
Melin,2,Sink R Swim;Weitzenkorn's,NJ;PA,2026-09-13,2026-09-13,NC,unassessed,
Merrell,2,Out There Outfitters;Trail Creek Outfitters,PA,2026-09-13,2026-09-13,NC,unassessed,
Meyer,2,Heinz Healey's;Oxford & Derby,PA,2026-09-13,2026-09-13,NC,unassessed,
Monfrere,2,Boyds;Moda,PA,2026-09-13,2026-10-07,NC,briefed seat_boyds_2026-10-07,
OBBI Good Label,2,City Workshop Men's Supply Co.;Franklin & Poe,NJ;PA,2026-09-13,2026-09-13,NC,unassessed,2 spellings merged
Oliver Cabell,2,Oxford & Derby;Weitzenkorn's,PA,2026-09-13,2026-09-13,NC,unassessed,
One of These Days,2,Evolve Clothing Gallery;New Hour Clothing,NJ,2026-09-13,2026-09-13,NC,unassessed,
Original Madras Trading Co.,2,Hans Clothier;Vestis,NJ;PA,2026-09-13,2026-09-13,NC,unassessed,2 spellings merged
Osprey,2,Totem Brand Co.;Trail Creek Outfitters,PA,2026-09-13,2026-09-13,NC,unassessed,
Patrick Assaraf,2,Boyds;Larrimor's,PA,2026-09-13,2026-10-07,NC,briefed seat_boyds_2026-10-07,
Paul Betenly,2,Harpers;Heinz Healey's,PA,2026-09-13,2026-09-13,NC,unassessed,
Pig & Hen,2,City Workshop Men's Supply Co.;Weitzenkorn's,NJ;PA,2026-09-13,2026-09-13,NC,unassessed,
Porter-Yoshida & Co.,2,City Workshop Men's Supply Co.;Totem Brand Co.,NJ;PA,2026-09-13,2026-09-13,NC,unassessed,
Raen,2,Hans Clothier;New Hour Clothing,NJ,2026-09-13,2026-09-13,NC,unassessed,
Red Wing Shoes,2,City Workshop Men's Supply Co.;Hans Clothier,NJ,2026-09-13,2026-09-13,NC,seated 2026-10-10 (seat_wave_a_2026-10-08),
Reigning Champ,2,Evolve Clothing Gallery;Galvanic,NJ,2026-09-13,2026-09-13,NC,unassessed,
Retro Brand,2,Phineas Gage;assembly88,PA,2026-09-13,2026-09-13,NC,unassessed,
Road To Nowhere,2,City Workshop Men's Supply Co.;Hans Clothier,NJ,2026-09-13,2026-09-13,NC,unassessed,2 spellings merged
Robert Graham,2,Harpers;Lapels,PA,2026-09-13,2026-09-13,NC,unassessed,
Rogue Territory,2,City Workshop Men's Supply Co.;Totem Brand Co.,NJ;PA,2026-09-13,2026-09-13,NC,unassessed,
Rubirosa,2,Larrimor's;Oxford & Derby,PA,2026-09-13,2026-09-13,NC,unassessed,
Samuel Sohn,2,Hassis Men's Shop;Oxford & Derby,PA,2026-09-13,2026-09-13,NC,unassessed,2 spellings merged
Santoni,2,Boyds;Larrimor's,PA,2026-09-13,2026-10-07,NC,briefed seat_boyds_2026-10-07,
Saturdays NYC,2,Evolve Clothing Gallery;New Hour Clothing,NJ,2026-09-13,2026-09-13,NC,unassessed,
Scott Barber,2,Giovanni's Fine Fashions;Hans Clothier,NJ;PA,2026-09-13,2026-09-13,NC,unassessed,
Smartwool,2,Out There Outfitters;Totem Brand Co.,PA,2026-09-13,2026-09-13,NC,unassessed,
Smathers and Branson,2,Harpers;Post & Rail Men's Shop,PA,2026-09-13,2026-09-13,NC,unassessed,
Snow Peak,2,Evolve Clothing Gallery;Totem Brand Co.,NJ;PA,2026-09-13,2026-09-13,NC,unassessed,
Spivey,2,Boyds;Harpers,PA,2026-09-13,2026-10-07,NC,unassessed,
StampD,2,Evolve Clothing Gallery;Moda,NJ;PA,2026-09-13,2026-09-13,NC,unassessed,2 spellings merged
Staud,2,Galvanic;Larrimor's,NJ;PA,2026-09-13,2026-09-13,NC,unassessed,
Studio D'Artisan,2,City Workshop Men's Supply Co.;Totem Brand Co.,NJ;PA,2026-09-13,2026-09-13,NC,unassessed,
Sunski,2,Phineas Gage;Weitzenkorn's,PA,2026-09-13,2026-09-13,NC,unassessed,
T. B. Phelps,2,Heinz Healey's;Post & Rail Men's Shop,PA,2026-09-13,2026-09-13,NC,unassessed,2 spellings merged
TailoRed,2,Hassis Men's Shop;Millers of Johnstown,PA,2026-09-13,2026-09-13,NC,unassessed,2 spellings merged
Teleria Zed,2,Boyds;Weitzenkorn's,PA,2026-09-13,2026-10-07,NC,briefed seat_boyds_2026-10-07,
The Flat Head,2,City Workshop Men's Supply Co.;Franklin & Poe,NJ;PA,2026-09-13,2026-09-13,NC,unassessed,
Timex,2,Harpers;Totem Brand Co.,PA,2026-09-13,2026-09-13,NC,unassessed,
Torino,2,Harpers;Oxford & Derby,PA,2026-09-13,2026-09-13,NC,unassessed,
Turtleson,2,Harpers;Post & Rail Men's Shop,PA,2026-09-13,2026-09-13,NC,unassessed,
UES,2,City Workshop Men's Supply Co.;Franklin & Poe,NJ;PA,2026-09-13,2026-09-13,NC,unassessed,
Universal Works,2,City Workshop Men's Supply Co.;Vestis,NJ;PA,2026-09-13,2026-09-13,NC,briefed seat_wave_c_2026-10-08,
Upstate Stock,2,Franklin & Poe;Totem Brand Co.,PA,2026-09-13,2026-09-13,NC,unassessed,
Ursa Major,2,City Workshop Men's Supply Co.;Franklin & Poe,NJ;PA,2026-09-13,2026-09-13,NC,unassessed,
Veja,2,Boyds;City Workshop Men's Supply Co.,NJ;PA,2026-09-13,2026-10-07,NC,briefed seat_boyds_2026-10-07,
Velva Sheen,2,Totem Brand Co.;Vestis,PA,2026-09-13,2026-09-13,NC,briefed seat_wave_c_2026-10-08,2 spellings merged
Viyella,2,Englund's Apparel for Men;Post & Rail Men's Shop,PA,2026-09-13,2026-09-13,NC,unassessed,
Wood,2,Heinz Healey's;Post & Rail Men's Shop,PA,2026-09-13,2026-09-13,NC,unassessed,
Yeti,2,Out There Outfitters;Totem Brand Co.,PA,2026-09-13,2026-09-13,NC,unassessed,
'47 Brand,1,Harpers,PA,2026-09-13,2026-09-13,NC,unassessed,
04651/ A Trip In A Bag,1,Boyds,PA,2026-09-13,2026-10-07,NC,unassessed,
11.11,1,Vestis,PA,2026-09-13,2026-09-13,NC,unassessed,
1st Pat-rn,1,Vestis,PA,2026-09-13,2026-09-13,NC,unassessed,
40 Colori,1,Boyds,PA,2026-09-13,2026-10-07,NC,unassessed,
40 Weft,1,Boyds,PA,2026-09-13,2026-10-07,NC,briefed seat_boyds_2026-10-07,
7 For All Mankind,1,Giovanni's Fine Fashions,PA,2026-09-13,2026-09-13,NC,unassessed,
7Diamonds,1,Weitzenkorn's,PA,2026-09-13,2026-09-13,NC,unassessed,
810s,1,Totem Brand Co.,PA,2026-09-13,2026-09-13,NC,unassessed,
A Hope Hemp,1,Totem Brand Co.,PA,2026-09-13,2026-09-13,NC,unassessed,
A Kind of Guise,1,Vestis,PA,2026-09-13,2026-09-13,NC,unassessed,
Abigail Collins,1,Harpers,PA,2026-09-13,2026-09-13,NC,unassessed,
About Vintage,1,Weitzenkorn's,PA,2026-09-13,2026-09-13,NC,unassessed,
Acronym,1,TONS,PA,2026-09-13,2026-09-13,NC,unassessed,
Addison Bay,1,Out There Outfitters,PA,2026-09-13,2026-09-13,NC,unassessed,
ADIDAS ORIGINALS x WALES BONNER,1,Boyds,PA,2026-09-13,2026-10-07,NC,unassessed,
Advisory Board Crystals,1,Evolve Clothing Gallery,NJ,2026-09-13,2026-09-13,NC,unassessed,
Aesop,1,TONS,PA,2026-09-13,2026-09-13,NC,unassessed,
Akris Punto,1,Larrimor's,PA,2026-09-13,2026-09-13,NC,unassessed,
Alan Paine Knitwear,1,Oxford & Derby,PA,2026-09-13,2026-09-13,NC,unassessed,
Alberto,1,Heinz Healey's,PA,2026-09-13,2026-09-13,NC,unassessed,
Alden Shoes,1,Oxford & Derby,PA,2026-09-13,2026-09-13,NC,unassessed,
Aldo Martins,1,Harpers,PA,2026-09-13,2026-09-13,NC,unassessed,
Alero Sport,1,Hans Clothier,NJ,2026-09-13,2026-09-13,NC,unassessed,
Alessandro Gherardi,1,Boyds,PA,2026-09-13,2026-10-07,NC,briefed seat_boyds_2026-10-07,
Alessandro Vitello,1,Millers of Johnstown,PA,2026-09-13,2026-09-13,NC,unassessed,
Alexander Wang,1,TONS,PA,2026-09-13,2026-09-13,NC,unassessed,
Allen Edmonds,1,Harpers,PA,2026-09-13,2026-09-13,NC,seated 2026-10-10 (seat_wave_a_2026-10-08),
Altra,1,Trail Creek Outfitters,PA,2026-09-13,2026-09-13,NC,unassessed,
Amberjack,1,assembly88,PA,2026-09-13,2026-09-13,NC,unassessed,
American Needle,1,Harpers,PA,2026-09-13,2026-09-13,NC,unassessed,
Ampal Creative,1,Franklin & Poe,PA,2026-09-13,2026-09-13,NC,unassessed,
And Wander,1,Totem Brand Co.,PA,2026-09-13,2026-09-13,NC,unassessed,
Anglan,1,Totem Brand Co.,PA,2026-09-13,2026-09-13,NC,unassessed,
Anine Bing,1,Galvanic,NJ,2026-09-13,2026-09-13,NC,unassessed,
Ann Demeulemeester,1,TONS,PA,2026-09-13,2026-09-13,NC,unassessed,
Another Aspect,1,Vestis,PA,2026-09-13,2026-09-13,NC,unassessed,
Ara,1,Oxford & Derby,PA,2026-09-13,2026-09-13,NC,unassessed,
Arcade Belts,1,assembly88,PA,2026-09-13,2026-09-13,NC,unassessed,
Arovescio,1,Boyds,PA,2026-09-13,2026-10-07,NC,briefed seat_boyds_2026-10-07,
Asics,1,TONS,PA,2026-09-13,2026-09-13,NC,seated 2026-10-10 (seat_wave_b_2026-10-08),
Atelier Munro,1,Larrimor's,PA,2026-09-13,2026-09-13,NC,unassessed,
Aurelien,1,Boyds,PA,2026-09-13,2026-10-07,NC,briefed seat_boyds_2026-10-07,
Autry,1,Galvanic,NJ,2026-09-13,2026-09-13,NC,unassessed,
Avenue Montaigne,1,Larrimor's,PA,2026-09-13,2026-09-13,NC,unassessed,
Axel Arigato,1,Galvanic,NJ,2026-09-13,2026-09-13,NC,unassessed,
B. Draddy,1,Harpers,PA,2026-09-13,2026-09-13,NC,unassessed,
B.Yu,1,Harpers,PA,2026-09-13,2026-09-13,NC,unassessed,
Bags in Progress,1,Totem Brand Co.,PA,2026-09-13,2026-09-13,NC,unassessed,
Bailey,1,Heinz Healey's,PA,2026-09-13,2026-09-13,NC,unassessed,
BaliYo,1,Totem Brand Co.,PA,2026-09-13,2026-09-13,NC,unassessed,
Ballin International,1,Weitzenkorn's,PA,2026-09-13,2026-09-13,NC,unassessed,
Bandit Bandanas,1,Totem Brand Co.,PA,2026-09-13,2026-09-13,NC,unassessed,
Bather,1,Vestis,PA,2026-09-13,2026-09-13,NC,unassessed,
Beams Boy,1,Totem Brand Co.,PA,2026-09-13,2026-09-13,NC,unassessed,
Beast Craft Leather,1,Weitzenkorn's,PA,2026-09-13,2026-09-13,NC,unassessed,
Benchmade,1,Totem Brand Co.,PA,2026-09-13,2026-09-13,NC,unassessed,
Benson,1,Weitzenkorn's,PA,2026-09-13,2026-09-13,NC,unassessed,
Big Agnes,1,Totem Brand Co.,PA,2026-09-13,2026-09-13,NC,unassessed,
Bigi Cravatte,1,Boyds,PA,2026-09-13,2026-10-07,NC,unassessed,
Bills Khakis,1,Englund's Apparel for Men,PA,2026-09-13,2026-09-13,NC,unassessed,
Biolite,1,Totem Brand Co.,PA,2026-09-13,2026-09-13,NC,unassessed,
Black House Academy,1,assembly88,PA,2026-09-13,2026-09-13,NC,unassessed,
Blackstone,1,Oxford & Derby,PA,2026-09-13,2026-09-13,NC,unassessed,
Blackthorn Denim,1,City Workshop Men's Supply Co.,NJ,2026-09-13,2026-09-13,NC,unassessed,
Blackwing,1,Totem Brand Co.,PA,2026-09-13,2026-09-13,NC,unassessed,
Blluemade,1,Vestis,PA,2026-09-13,2026-09-13,NC,unassessed,
Blue 1899,1,Oxford & Derby,PA,2026-09-13,2026-09-13,NC,unassessed,
Blue Blanket,1,Franklin & Poe,PA,2026-09-13,2026-09-13,NC,unassessed,
BOB,1,Harpers,PA,2026-09-13,2026-09-13,NC,unassessed,
Bobby Jones,1,Englund's Apparel for Men,PA,2026-09-13,2026-09-13,NC,unassessed,
Bocara,1,Heinz Healey's,PA,2026-09-13,2026-09-13,NC,unassessed,
Bontoni,1,Boyds,PA,2026-09-13,2026-10-07,NC,briefed seat_boyds_2026-10-07,
Born X Raised,1,Evolve Clothing Gallery,NJ,2026-09-13,2026-09-13,NC,unassessed,
Borntostandout,1,Totem Brand Co.,PA,2026-09-13,2026-09-13,NC,unassessed,
Borriello,1,Boyds,PA,2026-09-13,2026-10-07,NC,briefed seat_boyds_2026-10-07,
Brianna Cannon,1,Harpers,PA,2026-09-13,2026-09-13,NC,unassessed,
Brighton,1,Post & Rail Men's Shop,PA,2026-09-13,2026-09-13,NC,unassessed,
Briglia 1949,1,Boyds,PA,2026-09-13,2026-10-07,NC,briefed seat_boyds_2026-10-07,
Brochu Walker,1,Larrimor's,PA,2026-09-13,2026-09-13,NC,unassessed,
Brodie Fine Cashmere,1,Harpers,PA,2026-09-13,2026-09-13,NC,unassessed,
Brooks,1,Totem Brand Co.,PA,2026-09-13,2026-09-13,NC,unassessed,
Bruzer,1,Harpers,PA,2026-09-13,2026-09-13,NC,unassessed,
Bugatti,1,Heinz Healey's,PA,2026-09-13,2026-09-13,NC,unassessed,
Buzz Rickson's,1,Franklin & Poe,PA,2026-09-13,2026-09-13,NC,unassessed,
By Parra,1,Galvanic,NJ,2026-09-13,2026-09-13,NC,unassessed,
Byford Hosiery,1,Post & Rail Men's Shop,PA,2026-09-13,2026-09-13,NC,unassessed,
Byredo,1,TONS,PA,2026-09-13,2026-09-13,NC,unassessed,
C.O.F. Studio - Circle of Friends,1,City Workshop Men's Supply Co.,NJ,2026-09-13,2026-09-13,NC,unassessed,
Camber,1,Totem Brand Co.,PA,2026-09-13,2026-09-13,NC,unassessed,
Candier,1,assembly88,PA,2026-09-13,2026-09-13,NC,unassessed,
Capri Designs,1,Harpers,PA,2026-09-13,2026-09-13,NC,unassessed,
Carve Designs,1,Out There Outfitters,PA,2026-09-13,2026-09-13,NC,unassessed,
Casheart,1,Boyds,PA,2026-09-13,2026-10-07,NC,briefed seat_boyds_2026-10-07,
Castaway Clothing,1,Post & Rail Men's Shop,PA,2026-09-13,2026-09-13,NC,unassessed,
Cause & Effect,1,Vestis,PA,2026-09-13,2026-09-13,NC,unassessed,
Chalk.Press,1,Totem Brand Co.,PA,2026-09-13,2026-09-13,NC,unassessed,
Chaps,1,700 Shop,PA,2026-09-13,2026-09-13,NC,unassessed,
Charles Jeffrey Loverboy,1,TONS,PA,2026-09-13,2026-09-13,NC,unassessed,
Chicago Candle Company,1,assembly88,PA,2026-09-13,2026-09-13,NC,unassessed,
Christian Louboutin,1,Boyds,PA,2026-09-13,2026-10-07,NC,briefed seat_boyds_2026-10-07,
Christopher Lena Shirts,1,Millers of Johnstown,PA,2026-09-13,2026-09-13,NC,unassessed,
CHUP Socks,1,City Workshop Men's Supply Co.,NJ,2026-09-13,2026-09-13,NC,unassessed,
Circolo 1901,1,Larrimor's,PA,2026-09-13,2026-09-13,NC,unassessed,
City Workshop,1,City Workshop Men's Supply Co.,NJ,2026-09-13,2026-09-13,NC,unassessed,
Clara Williams,1,Larrimor's,PA,2026-09-13,2026-09-13,NC,unassessed,
Clarks,1,Totem Brand Co.,PA,2026-09-13,2026-09-13,NC,unassessed,
Clarks Originals,1,Evolve Clothing Gallery,NJ,2026-09-13,2026-09-13,NC,unassessed,
Columbia,1,Trail Creek Outfitters,PA,2026-09-13,2026-09-13,NC,unassessed,
Comme Des Garcons Homme Deux,1,Boyds,PA,2026-09-13,2026-10-07,NC,briefed seat_boyds_2026-10-07,
Comme Des Garcons Play,1,Boyds,PA,2026-09-13,2026-10-07,NC,unassessed,
Common Projects,1,Boyds,PA,2026-09-13,2026-10-07,NC,briefed seat_boyds_2026-10-07,
Cooper & Stewart,1,Post & Rail Men's Shop,PA,2026-09-13,2026-09-13,NC,unassessed,
Coperni,1,TONS,PA,2026-09-13,2026-09-13,NC,unassessed,
Cordani,1,Oxford & Derby,PA,2026-09-13,2026-09-13,NC,unassessed,
Costume National Scents,1,Moda,PA,2026-09-13,2026-09-13,NC,unassessed,
Cotopaxi,1,Trail Creek Outfitters,PA,2026-09-13,2026-09-13,NC,unassessed,
Cotton Citizen,1,Moda,PA,2026-09-13,2026-09-13,NC,unassessed,
Craft + Foster,1,Evolve Clothing Gallery,NJ,2026-09-13,2026-09-13,NC,unassessed,
Creed,1,Boyds,PA,2026-09-13,2026-10-07,NC,unassessed,
Crew Dog,1,Harpers,PA,2026-09-13,2026-09-13,NC,unassessed,
Crockett & Jones,1,Oxford & Derby,PA,2026-09-13,2026-09-13,NC,unassessed,
Crocs,1,Totem Brand Co.,PA,2026-09-13,2026-09-13,NC,unassessed,
Croots England,1,Oxford & Derby,PA,2026-09-13,2026-09-13,NC,unassessed,
Crossley,1,Boyds,PA,2026-09-13,2026-10-07,NC,briefed seat_boyds_2026-10-07,
Cufflinks Inc,1,Harpers,PA,2026-09-13,2026-09-13,NC,unassessed,
Cult Gaia,1,Galvanic,NJ,2026-09-13,2026-09-13,NC,unassessed,
Dacute,1,Boyds,PA,2026-09-13,2026-10-07,NC,briefed seat_boyds_2026-10-07,
Daniele Fiesoli,1,Boyds,PA,2026-09-13,2026-10-07,NC,briefed seat_boyds_2026-10-07,
Danner,1,Totem Brand Co.,PA,2026-09-13,2026-09-13,NC,briefed seat_wave_c_2026-10-08,
Deborah Grivas Designs,1,Harpers,PA,2026-09-13,2026-09-13,NC,unassessed,
Deejo,1,Harpers,PA,2026-09-13,2026-09-13,NC,unassessed,
Deke,1,Larrimor's,PA,2026-09-13,2026-09-13,NC,unassessed,
Denime,1,Totem Brand Co.,PA,2026-09-13,2026-09-13,NC,unassessed,
Dentro,1,TONS,PA,2026-09-13,2026-09-13,NC,unassessed,
Dents,1,Boyds,PA,2026-09-13,2026-10-07,NC,unassessed,
Derek Rose,1,Boyds,PA,2026-09-13,2026-10-07,NC,briefed seat_boyds_2026-10-07,
Design History,1,Harpers,PA,2026-09-13,2026-09-13,NC,unassessed,
Deuter,1,Trail Creek Outfitters,PA,2026-09-13,2026-09-13,NC,unassessed,
Devise Factory,1,Vestis,PA,2026-09-13,2026-09-13,NC,unassessed,
Di Chezno,1,Oxford & Derby,PA,2026-09-13,2026-09-13,NC,unassessed,
Dion,1,Boyds,PA,2026-09-13,2026-10-07,NC,unassessed,
Diptyque,1,TONS,PA,2026-09-13,2026-09-13,NC,unassessed,
Dkny,1,Millers of Johnstown,PA,2026-09-13,2026-09-13,NC,unassessed,
Document,1,Vestis,PA,2026-09-13,2026-09-13,NC,unassessed,
Dolce Vita,1,assembly88,PA,2026-09-13,2026-09-13,NC,unassessed,
Dolcepunta,1,Boyds,PA,2026-09-13,2026-10-07,NC,unassessed,
Double Helix,1,Franklin & Poe,PA,2026-09-13,2026-09-13,NC,unassessed,
Double RL,1,City Workshop Men's Supply Co.,NJ,2026-09-13,2026-09-13,NC,unassessed,
DRKSHDW by Rick Owens,1,TONS,PA,2026-09-13,2026-09-13,NC,unassessed,
Druthers,1,Hans Clothier,NJ,2026-09-13,2026-09-13,NC,unassessed,
Dsquared2,1,Moda,PA,2026-09-13,2026-09-13,NC,unassessed,
Dubble Works,1,Totem Brand Co.,PA,2026-09-13,2026-09-13,NC,unassessed,
Duke Cannon,1,Out There Outfitters,PA,2026-09-13,2026-09-13,NC,unassessed,
Duke Cannon Supply Co.,1,City Workshop Men's Supply Co.,NJ,2026-09-13,2026-09-13,NC,unassessed,
Easymoc,1,Franklin & Poe,PA,2026-09-13,2026-09-13,NC,unassessed,
Ebbets Field Flannels,1,Totem Brand Co.,PA,2026-09-13,2026-09-13,NC,unassessed,
EchoDesign Group,1,Harpers,PA,2026-09-13,2026-09-13,NC,unassessed,
Edmmond Studios,1,New Hour Clothing,NJ,2026-09-13,2026-09-13,NC,unassessed,
Edward Armah,1,Boyds,PA,2026-09-13,2026-10-07,NC,unassessed,
Edwin Japan,1,City Workshop Men's Supply Co.,NJ,2026-09-13,2026-09-13,NC,unassessed,
EF Collection,1,Larrimor's,PA,2026-09-13,2026-09-13,NC,unassessed,
Eileen Fisher,1,Larrimor's,PA,2026-09-13,2026-09-13,NC,unassessed,
Elliker,1,Totem Brand Co.,PA,2026-09-13,2026-09-13,NC,unassessed,
Elliot Lauren,1,Oxford & Derby,PA,2026-09-13,2026-09-13,NC,unassessed,
Emanuele Maffeis,1,Boyds,PA,2026-09-13,2026-10-07,NC,briefed seat_boyds_2026-10-07,
Empire,1,Hassis Men's Shop,PA,2026-09-13,2026-09-13,NC,unassessed,
Enfants Riches Déprimés,1,TONS,PA,2026-09-13,2026-09-13,NC,unassessed,
ENO,1,Totem Brand Co.,PA,2026-09-13,2026-09-13,NC,unassessed,
EPT,1,New Hour Clothing,NJ,2026-09-13,2026-09-13,NC,unassessed,
Evolve the Brand,1,Evolve Clothing Gallery,NJ,2026-09-13,2026-09-13,NC,unassessed,
Fair Habor,1,Weitzenkorn's,PA,2026-09-13,2026-09-13,NC,unassessed,
Fairway & Greene,1,Harpers,PA,2026-09-13,2026-09-13,NC,unassessed,
Faizey Leather Goods Ltd.,1,Totem Brand Co.,PA,2026-09-13,2026-09-13,NC,unassessed,
Family First,1,Boyds,PA,2026-09-13,2026-10-07,NC,unassessed,
Fear of God Essentials,1,TONS,PA,2026-09-13,2026-09-13,NC,unassessed,
FilMelange,1,Vestis,PA,2026-09-13,2026-09-13,NC,unassessed,
Finamore,1,Boyds,PA,2026-09-13,2026-10-07,NC,briefed seat_boyds_2026-10-07,
Finley,1,Harpers,PA,2026-09-13,2026-09-13,NC,unassessed,
Fioroni,1,Boyds,PA,2026-09-13,2026-10-07,NC,briefed seat_boyds_2026-10-07,
First Arrow's,1,Franklin & Poe,PA,2026-09-13,2026-09-13,NC,unassessed,
Fitted Underground,1,City Workshop Men's Supply Co.,NJ,2026-09-13,2026-09-13,NC,unassessed,
Floris London,1,Boyds,PA,2026-10-07,2026-10-07,NC,unassessed,fragrance; set aside
Fly3,1,Boyds,PA,2026-09-13,2026-10-07,NC,briefed seat_boyds_2026-10-07,
Foret,1,New Hour Clothing,NJ,2026-09-13,2026-09-13,NC,unassessed,
Formulary 55,1,Totem Brand Co.,PA,2026-09-13,2026-09-13,NC,unassessed,
Forsyth of Canada,1,Heinz Healey's,PA,2026-09-13,2026-09-13,NC,unassessed,
Fradi,1,Boyds,PA,2026-09-13,2026-10-07,NC,briefed seat_boyds_2026-10-07,
Frank & Eileen,1,Larrimor's,PA,2026-09-13,2026-09-13,NC,unassessed,
Franklin & Poe,1,Franklin & Poe,PA,2026-09-13,2026-09-13,NC,unassessed,
Fray,1,Boyds,PA,2026-09-13,2026-10-07,NC,briefed seat_boyds_2026-10-07,
Fresco,1,Heinz Healey's,PA,2026-09-13,2026-09-13,NC,unassessed,
FTC,1,Boyds,PA,2026-09-13,2026-10-07,NC,briefed seat_boyds_2026-10-07,
G-Shock,1,Evolve Clothing Gallery,NJ,2026-09-13,2026-09-13,NC,unassessed,
G-Star Raw,1,Evolve Clothing Gallery,NJ,2026-09-13,2026-09-13,NC,unassessed,
Gabor,1,Oxford & Derby,PA,2026-09-13,2026-09-13,NC,unassessed,
Gala Slacks,1,Heinz Healey's,PA,2026-09-13,2026-09-13,NC,unassessed,
Gallia,1,Boyds,PA,2026-09-13,2026-10-07,NC,briefed seat_boyds_2026-10-07,
Gameday Couture,1,Harpers,PA,2026-09-13,2026-09-13,NC,unassessed,
Gameday Social,1,Harpers,PA,2026-09-13,2026-09-13,NC,unassessed,
Garmin,1,Trail Creek Outfitters,PA,2026-09-13,2026-09-13,NC,unassessed,
Gavazzeni,1,Larrimor's,PA,2026-09-13,2026-09-13,NC,unassessed,
Geier Glove Co.,1,Totem Brand Co.,PA,2026-09-13,2026-09-13,NC,unassessed,
Gentleman's Hardware,1,Harpers,PA,2026-09-13,2026-09-13,NC,unassessed,
Gerald,1,Boyds,PA,2026-09-13,2026-10-07,NC,briefed seat_boyds_2026-10-07,
Gerber,1,Totem Brand Co.,PA,2026-09-13,2026-09-13,NC,unassessed,
Ghrd,1,Boyds,PA,2026-09-13,2026-10-07,NC,briefed seat_boyds_2026-10-07,
Giannetto Portofino,1,Boyds,PA,2026-09-13,2026-10-07,NC,briefed seat_boyds_2026-10-07,
Giles & Jasper,1,Millers of Johnstown,PA,2026-09-13,2026-09-13,NC,unassessed,
Gimos,1,Boyds,PA,2026-09-13,2026-10-07,NC,unassessed,
Gitman Vintage,1,Vestis,PA,2026-09-13,2026-09-13,NC,unassessed,
Gmf 965,1,Boyds,PA,2026-09-13,2026-10-07,NC,briefed seat_boyds_2026-10-07,
Good Man Brand,1,Weitzenkorn's,PA,2026-09-13,2026-09-13,NC,unassessed,
Goodr,1,Out There Outfitters,PA,2026-09-13,2026-09-13,NC,unassessed,
Gramicci,1,Totem Brand Co.,PA,2026-09-13,2026-09-13,NC,unassessed,
Graph Zero,1,Totem Brand Co.,PA,2026-09-13,2026-09-13,NC,unassessed,
Grayers,1,Weitzenkorn's,PA,2026-09-13,2026-09-13,NC,unassessed,
Great American,1,Harpers,PA,2026-09-13,2026-09-13,NC,unassessed,
Greyson,1,Hans Clothier,NJ,2026-09-13,2026-09-13,NC,queued,golf direction; seen in person at a South Shore boutique
Greyson Clothiers,1,Harpers,PA,2026-09-13,2026-09-13,NC,unassessed,
GrowlerWerks,1,Weitzenkorn's,PA,2026-09-13,2026-09-13,NC,unassessed,
GRP,1,Vestis,PA,2026-09-13,2026-09-13,NC,unassessed,
Guglielminotti,1,Boyds,PA,2026-09-13,2026-10-07,NC,unassessed,
H. Freeman,1,Hassis Men's Shop,PA,2026-09-13,2026-09-13,NC,unassessed,
Hagen Clothing,1,Hassis Men's Shop,PA,2026-09-13,2026-09-13,NC,unassessed,
Hamilton Shirts,1,Boyds,PA,2026-09-13,2026-10-07,NC,unassessed,
Hammitt Los Angeles,1,Larrimor's,PA,2026-09-13,2026-09-13,NC,unassessed,
Hansen Garments,1,Franklin & Poe,PA,2026-09-13,2026-09-13,NC,unassessed,
Harago,1,Vestis,PA,2026-09-13,2026-09-13,NC,unassessed,
Hari Mari,1,Hans Clothier,NJ,2026-09-13,2026-09-13,NC,unassessed,
Harmony,1,Post & Rail Men's Shop,PA,2026-09-13,2026-09-13,NC,unassessed,
Harpers,1,Harpers,PA,2026-09-13,2026-09-13,NC,unassessed,
Heimat Textil,1,Franklin & Poe,PA,2026-09-13,2026-09-13,NC,unassessed,
Helinox,1,Totem Brand Co.,PA,2026-09-13,2026-09-13,NC,unassessed,
Heliot Emil,1,TONS,PA,2026-09-13,2026-09-13,NC,unassessed,
Hellstar,1,TONS,PA,2026-09-13,2026-09-13,NC,unassessed,
Helly Hansen,1,Out There Outfitters,PA,2026-09-13,2026-09-13,NC,unassessed,
Helmut Lang,1,Moda,PA,2026-09-13,2026-09-13,NC,unassessed,
Hemen Biarritz,1,Franklin & Poe,PA,2026-09-13,2026-09-13,NC,unassessed,
Henri Lepore Dezert Shoes,1,Larrimor's,PA,2026-09-13,2026-09-13,NC,unassessed,
Heritage 34,1,Englund's Apparel for Men,PA,2026-09-13,2026-09-13,NC,unassessed,
Heritage Gear,1,Harpers,PA,2026-09-13,2026-09-13,NC,unassessed,
Heritage Gold,1,Hassis Men's Shop,PA,2026-09-13,2026-09-13,NC,unassessed,
Hickey Freeman (Heritage Gold),1,Larrimor's,PA,2026-09-13,2026-09-13,NC,unassessed,
Hidden Forts,1,City Workshop Men's Supply Co.,NJ,2026-09-13,2026-09-13,NC,unassessed,
Higonokami,1,Totem Brand Co.,PA,2026-09-13,2026-09-13,NC,unassessed,
Hiltl,1,Boyds,PA,2026-09-13,2026-10-07,NC,briefed seat_boyds_2026-10-07,
Himalayan Handmade Candles,1,Totem Brand Co.,PA,2026-09-13,2026-09-13,NC,unassessed,
Hinson Wu,1,Larrimor's,PA,2026-09-13,2026-09-13,NC,unassessed,
Hispanitas,1,Oxford & Derby,PA,2026-09-13,2026-09-13,NC,unassessed,
Holebrook Sweden,1,Oxford & Derby,PA,2026-09-13,2026-09-13,NC,unassessed,
Hollows Leather,1,Franklin & Poe,PA,2026-09-13,2026-09-13,NC,unassessed,
Homefield,1,Harpers,PA,2026-09-13,2026-09-13,NC,unassessed,
Honor The Gift,1,Evolve Clothing Gallery,NJ,2026-09-13,2026-09-13,NC,unassessed,
Horn Legend,1,Harpers,PA,2026-09-13,2026-09-13,NC,unassessed,
Hubbard Peanut Co,1,Post & Rail Men's Shop,PA,2026-09-13,2026-09-13,NC,unassessed,
Hudson,1,Larrimor's,PA,2026-09-13,2026-09-13,NC,unassessed,
Hugo Boss,1,Weitzenkorn's,PA,2026-09-13,2026-09-13,NC,unassessed,
Hula,1,Totem Brand Co.,PA,2026-09-13,2026-09-13,NC,unassessed,
Hype and Vice,1,Harpers,PA,2026-09-13,2026-09-13,NC,unassessed,
Il Bisonte,1,Larrimor's,PA,2026-09-13,2026-09-13,NC,unassessed,
Incienso de Santa Fe,1,Totem Brand Co.,PA,2026-09-13,2026-09-13,NC,unassessed,
Indigo Falls,1,Harpers,PA,2026-09-13,2026-09-13,NC,unassessed,
Indigofera,1,Franklin & Poe,PA,2026-09-13,2026-09-13,NC,unassessed,
Ink + Alloy,1,assembly88,PA,2026-09-13,2026-09-13,NC,unassessed,
Iro,1,Moda,PA,2026-09-13,2026-09-13,NC,unassessed,
Isa Boulder,1,TONS,PA,2026-09-13,2026-09-13,NC,unassessed,
Italo Ferretti,1,Boyds,PA,2026-09-13,2026-10-07,NC,unassessed,
Izipizi,1,Totem Brand Co.,PA,2026-09-13,2026-09-13,NC,unassessed,
Jack Black,1,Hans Clothier,NJ,2026-09-13,2026-09-13,NC,unassessed,
Jacob Cohen,1,Boyds,PA,2026-09-13,2026-10-07,NC,briefed seat_boyds_2026-10-07,
Jane Motorcycles,1,City Workshop Men's Supply Co.,NJ,2026-09-13,2026-09-13,NC,unassessed,
Janet Howard,1,Harpers,PA,2026-09-13,2026-09-13,NC,unassessed,
Jardine,1,Harpers,PA,2026-09-13,2026-09-13,NC,unassessed,
Jason Markk,1,Evolve Clothing Gallery,NJ,2026-09-13,2026-09-13,NC,unassessed,
Jax Kelly,1,Out There Outfitters,PA,2026-09-13,2026-09-13,NC,unassessed,
Jetty,1,Out There Outfitters,PA,2026-09-13,2026-09-13,NC,unassessed,
Jill Martin,1,Harpers,PA,2026-09-13,2026-09-13,NC,unassessed,
JMNYC Designs,1,Larrimor's,PA,2026-09-13,2026-09-13,NC,unassessed,
John Elliott,1,Evolve Clothing Gallery,NJ,2026-09-13,2026-09-13,NC,unassessed,
John Lofgren Bootmaker,1,Franklin & Poe,PA,2026-09-13,2026-09-13,NC,unassessed,
Johnny Was,1,Harpers,PA,2026-09-13,2026-09-13,NC,unassessed,
Johnson & Murphy,1,Heinz Healey's,PA,2026-09-13,2026-09-13,NC,unassessed,
Johnston & Murphy Shoes,1,Larrimor's,PA,2026-09-13,2026-09-13,NC,unassessed,
Joseph Ribkoff,1,Harpers,PA,2026-09-13,2026-09-13,NC,unassessed,
Joshua Ellis,1,Oxford & Derby,PA,2026-09-13,2026-09-13,NC,unassessed,
Jude Connally,1,Harpers,PA,2026-09-13,2026-09-13,NC,unassessed,
Juncal Aguirre,1,Oxford & Derby,PA,2026-09-13,2026-09-13,NC,unassessed,
Jungmaven,1,Vestis,PA,2026-09-13,2026-09-13,NC,unassessed,
Just Cavalli,1,Moda,PA,2026-09-13,2026-09-13,NC,unassessed,
JZ Richards,1,Harpers,PA,2026-09-13,2026-09-13,NC,unassessed,
Kari Traa,1,Out There Outfitters,PA,2026-09-13,2026-09-13,NC,unassessed,
Katin,1,Out There Outfitters,PA,2026-09-13,2026-09-13,NC,briefed seat_wave_c_2026-10-08,
Kelty,1,Trail Creek Outfitters,PA,2026-09-13,2026-09-13,NC,unassessed,
Kershaw,1,Totem Brand Co.,PA,2026-09-13,2026-09-13,NC,unassessed,
Kestin,1,New Hour Clothing,NJ,2026-09-13,2026-09-13,NC,unassessed,
Kids of Immigrants,1,Evolve Clothing Gallery,NJ,2026-09-13,2026-09-13,NC,unassessed,
Kleid,1,Totem Brand Co.,PA,2026-09-13,2026-09-13,NC,unassessed,
Knockaround,1,Out There Outfitters,PA,2026-09-13,2026-09-13,NC,unassessed,
Knwls,1,TONS,PA,2026-09-13,2026-09-13,NC,unassessed,
Krimson Klover,1,Oxford & Derby,PA,2026-09-13,2026-09-13,NC,unassessed,
Kyle Cavan,1,Harpers,PA,2026-09-13,2026-09-13,NC,unassessed,
L'Agence,1,Larrimor's,PA,2026-09-13,2026-09-13,NC,unassessed,
L.L.Bean,1,Totem Brand Co.,PA,2026-09-13,2026-09-13,NC,seated 2026-10-10 (seat_wave_a_2026-10-08),
La Sportiva,1,Trail Creek Outfitters,PA,2026-09-13,2026-09-13,NC,unassessed,
Laconic,1,Totem Brand Co.,PA,2026-09-13,2026-09-13,NC,unassessed,
Lady White Co.,1,Totem Brand Co.,PA,2026-09-13,2026-09-13,NC,briefed seat_wave_c_2026-10-08,
Larrimor's,1,Larrimor's,PA,2026-09-13,2026-09-13,NC,unassessed,
Laulhère,1,Totem Brand Co.,PA,2026-09-13,2026-09-13,NC,unassessed,
Le Bon Shoppe,1,Totem Brand Co.,PA,2026-09-13,2026-09-13,NC,unassessed,
Le Mont Saint Michel,1,Vestis,PA,2026-09-13,2026-09-13,NC,unassessed,
League,1,Harpers,PA,2026-09-13,2026-09-13,NC,unassessed,
Lee Denim,1,City Workshop Men's Supply Co.,NJ,2026-09-13,2026-09-13,NC,unassessed,
Left Field NYC,1,City Workshop Men's Supply Co.,NJ,2026-09-13,2026-09-13,NC,unassessed,
Legacy,1,Harpers,PA,2026-09-13,2026-09-13,NC,unassessed,
Les Tien,1,Moda,PA,2026-09-13,2026-09-13,NC,unassessed,
Liberty Mountain,1,Out There Outfitters,PA,2026-09-13,2026-09-13,NC,unassessed,
Lilly Pulitzer,1,assembly88,PA,2026-09-13,2026-09-13,NC,unassessed,
Linda Richards,1,Harpers,PA,2026-09-13,2026-09-13,NC,unassessed,
Lisa Todd,1,Larrimor's,PA,2026-09-13,2026-09-13,NC,unassessed,
Lite Year,1,Evolve Clothing Gallery,NJ,2026-09-13,2026-09-13,NC,unassessed,
Liverpool,1,Weitzenkorn's,PA,2026-09-13,2026-09-13,NC,unassessed,
Liverpool Los Angeles,1,Millers of Johnstown,PA,2026-09-13,2026-09-13,NC,unassessed,
Locale,1,Harpers,PA,2026-09-13,2026-09-13,NC,unassessed,
LogoFit,1,Harpers,PA,2026-09-13,2026-09-13,NC,unassessed,
Long Wharf,1,Hans Clothier,NJ,2026-09-13,2026-09-13,NC,unassessed,
Love Token,1,Harpers,PA,2026-09-13,2026-09-13,NC,unassessed,
Luchiano Visconti,1,Heinz Healey's,PA,2026-09-13,2026-09-13,NC,unassessed,
Lucy Paris,1,Harpers,PA,2026-09-13,2026-09-13,NC,unassessed,
Luigi Bianchi,1,Boyds,PA,2026-09-13,2026-10-07,NC,briefed seat_boyds_2026-10-07,
Luigi Borrelli,1,Boyds,PA,2026-09-13,2026-10-07,NC,unassessed,
Lyssé,1,Harpers,PA,2026-09-13,2026-09-13,NC,unassessed,
M. Singer,1,Weitzenkorn's,PA,2026-09-13,2026-09-13,NC,unassessed,
Mac Jeans,1,Harpers,PA,2026-09-13,2026-09-13,NC,unassessed,
Mackie,1,Vestis,PA,2026-09-13,2026-09-13,NC,unassessed,
Magnolia Lane,1,Harpers,PA,2026-09-13,2026-09-13,NC,unassessed,
Maison MIHARA YASUHIRO,1,Totem Brand Co.,PA,2026-09-13,2026-09-13,NC,unassessed,
Majestic,1,Post & Rail Men's Shop,PA,2026-09-13,2026-09-13,NC,unassessed,
Mandelli,1,Boyds,PA,2026-09-13,2026-10-07,NC,briefed seat_boyds_2026-10-07,
Manto,1,Boyds,PA,2026-09-13,2026-10-07,NC,unassessed,
Marc Cain,1,Harpers,PA,2026-09-13,2026-09-13,NC,unassessed,
Marcello,1,Heinz Healey's,PA,2026-09-13,2026-09-13,NC,unassessed,
Marchesi di Como,1,Harpers,PA,2026-09-13,2026-09-13,NC,unassessed,
Marco Pescarolo,1,Boyds,PA,2026-09-13,2026-10-07,NC,briefed seat_boyds_2026-10-07,
Marcoliani,1,Boyds,PA,2026-09-13,2026-10-07,NC,unassessed,
Margo Morrison,1,Larrimor's,PA,2026-09-13,2026-09-13,NC,unassessed,
Marine Serre,1,TONS,PA,2026-09-13,2026-09-13,NC,unassessed,
Marlyn Schiff,1,assembly88,PA,2026-09-13,2026-09-13,NC,unassessed,
Marmot,1,Trail Creek Outfitters,PA,2026-09-13,2026-09-13,NC,unassessed,
Martine Rose,1,TONS,PA,2026-09-13,2026-09-13,NC,unassessed,
Maruman,1,Totem Brand Co.,PA,2026-09-13,2026-09-13,NC,unassessed,
Mason's,1,Boyds,PA,2026-09-13,2026-10-07,NC,briefed seat_boyds_2026-10-07,
Massimo Alba,1,Boyds,PA,2026-09-13,2026-10-07,NC,unassessed,
Mastercraft Union,1,TONS,PA,2026-09-13,2026-09-13,NC,unassessed,
Maui Jim,1,Out There Outfitters,PA,2026-09-13,2026-09-13,NC,unassessed,
Mavi,1,Weitzenkorn's,PA,2026-09-13,2026-09-13,NC,unassessed,
Mavrans,1,Harpers,PA,2026-09-13,2026-09-13,NC,unassessed,
MaxMan,1,Millers of Johnstown,PA,2026-09-13,2026-09-13,NC,unassessed,
Mel Gambert Shirts,1,Boyds,PA,2026-09-13,2026-10-07,NC,briefed seat_boyds_2026-10-07,
Mephisto,1,Oxford & Derby,PA,2026-09-13,2026-09-13,NC,unassessed,
Mercedes Salazar,1,Sink R Swim,NJ,2026-09-13,2026-09-13,NC,unassessed,
Merrell 1TRL,1,Totem Brand Co.,PA,2026-09-13,2026-09-13,NC,unassessed,
Metric Knits,1,Harpers,PA,2026-09-13,2026-09-13,NC,unassessed,
Michael Strahan,1,700 Shop,PA,2026-09-13,2026-09-13,NC,unassessed,
Midori,1,Totem Brand Co.,PA,2026-09-13,2026-09-13,NC,unassessed,
Mihara Yasuhiro,1,TONS,PA,2026-09-13,2026-09-13,NC,unassessed,
Milestone,1,Boyds,PA,2026-09-13,2026-10-07,NC,unassessed,
Mirto,1,Oxford & Derby,PA,2026-09-13,2026-09-13,NC,unassessed,
Mister Freedom,1,Franklin & Poe,PA,2026-09-13,2026-09-13,NC,unassessed,
Mitchell & Ness,1,Phineas Gage,PA,2026-09-13,2026-09-13,NC,unassessed,
Modena Shirts,1,Millers of Johnstown,PA,2026-09-13,2026-09-13,NC,unassessed,
Momotaro Jeans,1,City Workshop Men's Supply Co.,NJ,2026-09-13,2026-09-13,NC,unassessed,
Montana West,1,Harpers,PA,2026-09-13,2026-09-13,NC,unassessed,
Moon River,1,Harpers,PA,2026-09-13,2026-09-13,NC,unassessed,
Mooncastle,1,Vestis,PA,2026-09-13,2026-09-13,NC,unassessed,
Moonstar,1,Totem Brand Co.,PA,2026-09-13,2026-09-13,NC,unassessed,
Moorer,1,Boyds,PA,2026-09-13,2026-10-07,NC,briefed seat_boyds_2026-10-07,
Moose Knuckles,1,Moda,PA,2026-09-13,2026-09-13,NC,unassessed,
Mountain Hardwear,1,Trail Creek Outfitters,PA,2026-09-13,2026-09-13,NC,unassessed,
Mountain Research,1,Totem Brand Co.,PA,2026-09-13,2026-09-13,NC,unassessed,
Moving Forward Designs,1,Harpers,PA,2026-09-13,2026-09-13,NC,unassessed,
Mr. Fatman,1,City Workshop Men's Supply Co.,NJ,2026-09-13,2026-09-13,NC,unassessed,
MSR,1,Totem Brand Co.,PA,2026-09-13,2026-09-13,NC,unassessed,
Museum of Peace & Quiet,1,New Hour Clothing,NJ,2026-09-13,2026-09-13,NC,unassessed,
Myths,1,Boyds,PA,2026-09-13,2026-10-07,NC,unassessed,
MZ Wallace,1,Larrimor's,PA,2026-09-13,2026-09-13,NC,unassessed,
Naghedi,1,Larrimor's,PA,2026-09-13,2026-09-13,NC,unassessed,
Nahmias,1,TONS,PA,2026-09-13,2026-09-13,NC,unassessed,
Naked & Famous,1,Totem Brand Co.,PA,2026-09-13,2026-09-13,NC,unassessed,
Naked & Famous Denim,1,City Workshop Men's Supply Co.,NJ,2026-09-13,2026-09-13,NC,unassessed,
Nalgene,1,Totem Brand Co.,PA,2026-09-13,2026-09-13,NC,unassessed,
Nanamica,1,Totem Brand Co.,PA,2026-09-13,2026-09-13,NC,unassessed,
Nation Los Angeles,1,assembly88,PA,2026-09-13,2026-09-13,NC,unassessed,
Needle Golf,1,Phineas Gage,PA,2026-09-13,2026-09-13,NC,unassessed,
Needles,1,Totem Brand Co.,PA,2026-09-13,2026-09-13,NC,briefed seat_wave_c_2026-10-08,
Neuw,1,Moda,PA,2026-09-13,2026-09-13,NC,unassessed,
New Balance,1,Evolve Clothing Gallery,NJ,2026-09-13,2026-09-13,NC,seated 2026-10-10 (seat_wave_a_2026-10-08),
New Era Cap,1,Evolve Clothing Gallery,NJ,2026-09-13,2026-09-13,NC,unassessed,
Nili Lotan,1,Galvanic,NJ,2026-09-13,2026-09-13,NC,unassessed,flagged from Assembly His; not yet assessed
Nippon Kodo,1,Totem Brand Co.,PA,2026-09-13,2026-09-13,NC,unassessed,
Nite-Ize,1,Totem Brand Co.,PA,2026-09-13,2026-09-13,NC,unassessed,
Nocs Provisions,1,Out There Outfitters,PA,2026-09-13,2026-09-13,NC,unassessed,
Nodal,1,Totem Brand Co.,PA,2026-09-13,2026-09-13,NC,unassessed,
Northwave,1,Totem Brand Co.,PA,2026-09-13,2026-09-13,NC,unassessed,
Norwegian Wool,1,Boyds,PA,2026-09-13,2026-10-07,NC,briefed seat_boyds_2026-10-07,
Nothin' Special NYC,1,Evolve Clothing Gallery,NJ,2026-09-13,2026-09-13,NC,unassessed,
Nuataaq,1,Totem Brand Co.,PA,2026-09-13,2026-09-13,NC,unassessed,
Nudie Jeans,1,Evolve Clothing Gallery,NJ,2026-09-13,2026-09-13,NC,briefed seat_wave_c_2026-10-08,
Nudie Jeans Co,1,City Workshop Men's Supply Co.,NJ,2026-09-13,2026-09-13,NC,unassessed,
O.P. Jewellery,1,Franklin & Poe,PA,2026-09-13,2026-09-13,NC,unassessed,
Oamc,1,TONS,PA,2026-09-13,2026-09-13,NC,unassessed,
Off-White,1,TONS,PA,2026-09-13,2026-09-13,NC,seated 2026-10-10 (seat_wave_a_2026-10-08),
Ohto,1,Totem Brand Co.,PA,2026-09-13,2026-09-13,NC,unassessed,
Old World Christmas,1,Harpers,PA,2026-09-13,2026-09-13,NC,unassessed,
Olight,1,Totem Brand Co.,PA,2026-09-13,2026-09-13,NC,unassessed,
Omoto Denim,1,Franklin & Poe,PA,2026-09-13,2026-09-13,NC,unassessed,
On Cloud,1,Galvanic,NJ,2026-09-13,2026-09-13,NC,unassessed,
On Running,1,assembly88,PA,2026-09-13,2026-09-13,NC,unassessed,
Oncept,1,Weitzenkorn's,PA,2026-09-13,2026-09-13,NC,unassessed,
Onewheel,1,Totem Brand Co.,PA,2026-09-13,2026-09-13,NC,unassessed,
Oni Denim,1,Franklin & Poe,PA,2026-09-13,2026-09-13,NC,unassessed,
Opinel,1,Out There Outfitters,PA,2026-09-13,2026-09-13,NC,unassessed,
Orciani,1,Moda,PA,2026-09-13,2026-09-13,NC,unassessed,
Orgueil,1,City Workshop Men's Supply Co.,NJ,2026-09-13,2026-09-13,NC,unassessed,
Original Madras Trading Company,1,Harpers,PA,2026-09-13,2026-09-13,NC,unassessed,
Original Retro Brand,1,Harpers,PA,2026-09-13,2026-09-13,NC,unassessed,
orSlow JP,1,Evolve Clothing Gallery,NJ,2026-09-13,2026-09-13,NC,unassessed,
Orvis,1,Cove Creek Outfitters,PA,2026-09-13,2026-09-13,NC,seated 2026-10-10 (seat_wave_a_2026-10-08),
OTO,1,Out There Outfitters,PA,2026-09-13,2026-09-13,NC,unassessed,
Ottolinger,1,TONS,PA,2026-09-13,2026-09-13,NC,unassessed,
Ouray,1,Harpers,PA,2026-09-13,2026-09-13,NC,unassessed,
Outclass,1,City Workshop Men's Supply Co.,NJ,2026-09-13,2026-09-13,NC,unassessed,
Outdoor Fellow,1,City Workshop Men's Supply Co.,NJ,2026-09-13,2026-09-13,NC,unassessed,
Outdoor Research,1,Totem Brand Co.,PA,2026-09-13,2026-09-13,NC,unassessed,
Oxford Pennants,1,Sink R Swim,NJ,2026-09-13,2026-09-13,NC,unassessed,
Pacific Silk,1,Post & Rail Men's Shop,PA,2026-09-13,2026-09-13,NC,unassessed,
Padmore & Barnes,1,City Workshop Men's Supply Co.,NJ,2026-09-13,2026-09-13,NC,unassessed,
Pampeano,1,Harpers,PA,2026-09-13,2026-09-13,NC,unassessed,
Pantherella,1,Boyds,PA,2026-09-13,2026-10-07,NC,unassessed,
Paolo Albizzati,1,Boyds,PA,2026-09-13,2026-10-07,NC,unassessed,
Paolo Vitale,1,Boyds,PA,2026-09-13,2026-10-07,NC,unassessed,
Papa Nui Cap Co.,1,Franklin & Poe,PA,2026-09-13,2026-09-13,NC,unassessed,
Paraboot,1,Totem Brand Co.,PA,2026-09-13,2026-09-13,NC,unassessed,
Parajumpers,1,Boyds,PA,2026-09-13,2026-10-07,NC,unassessed,
Pashmere,1,Boyds,PA,2026-09-13,2026-10-07,NC,briefed seat_boyds_2026-10-07,
Pasotti,1,Boyds,PA,2026-09-13,2026-10-07,NC,unassessed,
Patrick King Woolens,1,Harpers,PA,2026-09-13,2026-09-13,NC,unassessed,
Patty Kim,1,Harpers,PA,2026-09-13,2026-09-13,NC,unassessed,
Peru Unlimited,1,Boyds,PA,2026-09-13,2026-10-07,NC,unassessed,
Petrocelli,1,Millers of Johnstown,PA,2026-09-13,2026-09-13,NC,unassessed,
PF Flyers,1,Totem Brand Co.,PA,2026-09-13,2026-09-13,NC,unassessed,
Piacenza 1733,1,Larrimor's,PA,2026-09-13,2026-09-13,NC,unassessed,
Pietra Salata,1,Boyds,PA,2026-09-13,2026-10-07,NC,unassessed,
Pink Pineapple,1,assembly88,PA,2026-09-13,2026-09-13,NC,unassessed,
Pistol,1,Out There Outfitters,PA,2026-09-13,2026-09-13,NC,unassessed,
Pistola,1,assembly88,PA,2026-09-13,2026-09-13,NC,unassessed,
Plushland,1,Harpers,PA,2026-09-13,2026-09-13,NC,unassessed,
Polifroni,1,Heinz Healey's,PA,2026-09-13,2026-09-13,NC,unassessed,
Polo by Ralph Lauren,1,Englund's Apparel for Men,PA,2026-09-13,2026-09-13,NC,unassessed,
Ponyflo,1,Harpers,PA,2026-09-13,2026-09-13,NC,unassessed,
Porto,1,Larrimor's,PA,2026-09-13,2026-09-13,NC,unassessed,
Portuguese Flannel,1,Vestis,PA,2026-09-13,2026-09-13,NC,unassessed,
Post O'Alls,1,Totem Brand Co.,PA,2026-09-13,2026-09-13,NC,unassessed,
Pottery,1,Totem Brand Co.,PA,2026-09-13,2026-09-13,NC,unassessed,
Prana,1,Out There Outfitters,PA,2026-09-13,2026-09-13,NC,unassessed,
Presidents,1,New Hour Clothing,NJ,2026-09-13,2026-09-13,NC,unassessed,
Proper Dress and Sports Shirts,1,Millers of Johnstown,PA,2026-09-13,2026-09-13,NC,unassessed,
Pt Torino,1,Boyds,PA,2026-09-13,2026-10-07,NC,briefed seat_boyds_2026-10-07,
Pt01,1,Larrimor's,PA,2026-09-13,2026-09-13,NC,unassessed,
Puma,1,Totem Brand Co.,PA,2026-09-13,2026-09-13,NC,briefed seat_wave_c_2026-10-08,
R. Hanauer,1,Post & Rail Men's Shop,PA,2026-09-13,2026-09-13,NC,unassessed,
R. Hanauer Inc.,1,Harpers,PA,2026-09-13,2026-09-13,NC,unassessed,
Radar,1,Totem Brand Co.,PA,2026-09-13,2026-09-13,NC,unassessed,
Rainbow Sandals,1,Out There Outfitters,PA,2026-09-13,2026-09-13,NC,unassessed,
Rains,1,Evolve Clothing Gallery,NJ,2026-09-13,2026-09-13,NC,unassessed,
Ravazzolo,1,Boyds,PA,2026-09-13,2026-10-07,NC,unassessed,
Renoir,1,Millers of Johnstown,PA,2026-09-13,2026-09-13,NC,unassessed,
Represent Clo,1,Evolve Clothing Gallery,NJ,2026-09-13,2026-09-13,NC,unassessed,
Resolute,1,Totem Brand Co.,PA,2026-09-13,2026-09-13,NC,unassessed,
retaW,1,Totem Brand Co.,PA,2026-09-13,2026-09-13,NC,unassessed,
RetroSuperFuture,1,Evolve Clothing Gallery,NJ,2026-09-13,2026-09-13,NC,unassessed,
Rifugio,1,Boyds,PA,2026-09-13,2026-10-07,NC,briefed seat_boyds_2026-10-07,
Riviera Pants,1,Heinz Healey's,PA,2026-09-13,2026-09-13,NC,unassessed,
Robert Keyte,1,Oxford & Derby,PA,2026-09-13,2026-09-13,NC,unassessed,
Rochester Shoe Tree Company,1,Larrimor's,PA,2026-09-13,2026-09-13,NC,unassessed,
Roja,1,Moda,PA,2026-09-13,2026-09-13,NC,unassessed,
Rosy Rings,1,Totem Brand Co.,PA,2026-09-13,2026-09-13,NC,unassessed,
Royall Fragrances,1,Post & Rail Men's Shop,PA,2026-09-13,2026-09-13,NC,unassessed,
Royall Lyme of Bermuda,1,Harpers,PA,2026-09-13,2026-09-13,NC,unassessed,
Rumpl,1,Totem Brand Co.,PA,2026-09-13,2026-09-13,NC,unassessed,
S'envoler,1,New Hour Clothing,NJ,2026-09-13,2026-09-13,NC,unassessed,
S.Cohen,1,Weitzenkorn's,PA,2026-09-13,2026-09-13,NC,unassessed,
S.T.E.P.,1,Harpers,PA,2026-09-13,2026-09-13,NC,unassessed,
Sable,1,City Workshop Men's Supply Co.,NJ,2026-09-13,2026-09-13,NC,unassessed,
Saint James Knitwear,1,Oxford & Derby,PA,2026-09-13,2026-09-13,NC,unassessed,
Saint MXXXXXX,1,TONS,PA,2026-09-13,2026-09-13,NC,unassessed,
Saint Rita Parlor,1,Franklin & Poe,PA,2026-09-13,2026-09-13,NC,unassessed,
SALT. Optics,1,Franklin & Poe,PA,2026-09-13,2026-09-13,NC,unassessed,
San San Gear,1,Totem Brand Co.,PA,2026-09-13,2026-09-13,NC,unassessed,
Sand,1,Harpers,PA,2026-09-13,2026-09-13,NC,unassessed,
Sartorio,1,Boyds,PA,2026-09-13,2026-10-07,NC,briefed seat_boyds_2026-10-07,
Sassafras,1,Totem Brand Co.,PA,2026-09-13,2026-09-13,NC,unassessed,
Satoshi Nakamoto,1,TONS,PA,2026-09-13,2026-09-13,NC,unassessed,
Save Khaki United,1,Weitzenkorn's,PA,2026-09-13,2026-09-13,NC,unassessed,
Save The Duck,1,Weitzenkorn's,PA,2026-09-13,2026-09-13,NC,unassessed,
Sawyer,1,Totem Brand Co.,PA,2026-09-13,2026-09-13,NC,unassessed,
Scabal,1,Larrimor's,PA,2026-09-13,2026-09-13,NC,unassessed,
Schott,1,Hans Clothier,NJ,2026-09-13,2026-09-13,NC,unassessed,
Scott & Charters,1,Oxford & Derby,PA,2026-09-13,2026-09-13,NC,unassessed,
Scuderi,1,Boyds,PA,2026-09-13,2026-10-07,NC,briefed seat_boyds_2026-10-07,
Sea Bags,1,Harpers,PA,2026-09-13,2026-09-13,NC,unassessed,
Sea to Summit,1,Totem Brand Co.,PA,2026-09-13,2026-09-13,NC,unassessed,
Seasons Jewelry,1,Harpers,PA,2026-09-13,2026-09-13,NC,unassessed,
Seaward and Stearn,1,Harpers,PA,2026-09-13,2026-09-13,NC,unassessed,
SECRID Wallets,1,City Workshop Men's Supply Co.,NJ,2026-09-13,2026-09-13,NC,unassessed,
Sefr,1,Vestis,PA,2026-09-13,2026-09-13,NC,unassessed,
Sekanson,1,Totem Brand Co.,PA,2026-09-13,2026-09-13,NC,unassessed,
Serapian,1,Boyds,PA,2026-09-13,2026-10-07,NC,unassessed,
Serge Blanco,1,Weitzenkorn's,PA,2026-09-13,2026-09-13,NC,unassessed,
Serge De Nimes,1,New Hour Clothing,NJ,2026-09-13,2026-09-13,NC,unassessed,
Serica,1,Heinz Healey's,PA,2026-09-13,2026-09-13,NC,unassessed,
Service Works,1,City Workshop Men's Supply Co.,NJ,2026-09-13,2026-09-13,NC,unassessed,
Seuvas,1,Franklin & Poe,PA,2026-09-13,2026-09-13,NC,unassessed,
Seven Seas Copenhagen,1,Weitzenkorn's,PA,2026-09-13,2026-09-13,NC,unassessed,
Shangri-La Heritage,1,Totem Brand Co.,PA,2026-09-13,2026-09-13,NC,unassessed,
Shinola,1,City Workshop Men's Supply Co.,NJ,2026-09-13,2026-09-13,NC,unassessed,
Shoe The Bear,1,Weitzenkorn's,PA,2026-09-13,2026-09-13,NC,unassessed,
Shore & Singer,1,Post & Rail Men's Shop,PA,2026-09-13,2026-09-13,NC,unassessed,
Shoyeido,1,Totem Brand Co.,PA,2026-09-13,2026-09-13,NC,unassessed,
Shwood,1,Weitzenkorn's,PA,2026-09-13,2026-09-13,NC,unassessed,
Shwood Eyewear,1,Harpers,PA,2026-09-13,2026-09-13,NC,unassessed,
Simkhai,1,Galvanic,NJ,2026-09-13,2026-09-13,NC,unassessed,
Simmons Bilt,1,Franklin & Poe,PA,2026-09-13,2026-09-13,NC,unassessed,
Simonnot-Godard,1,Boyds,PA,2026-09-13,2026-10-07,NC,unassessed,
Smathers,1,Out There Outfitters,PA,2026-09-13,2026-09-13,NC,unassessed,
Smith,1,Out There Outfitters,PA,2026-09-13,2026-09-13,NC,unassessed,
Smith & Quinn,1,Harpers,PA,2026-09-13,2026-09-13,NC,unassessed,
Sock Hop NY,1,Vestis,PA,2026-09-13,2026-09-13,NC,unassessed,
Solovair,1,New Hour Clothing,NJ,2026-09-13,2026-09-13,NC,unassessed,
Some Coastal Town,1,Sink R Swim,NJ,2026-09-13,2026-09-13,NC,unassessed,
Sonrisa,1,Boyds,PA,2026-09-13,2026-10-07,NC,briefed seat_boyds_2026-10-07,
Sorel,1,assembly88,PA,2026-09-13,2026-09-13,NC,unassessed,
Sorority and Sisterhood,1,Harpers,PA,2026-09-13,2026-09-13,NC,unassessed,
South2 West8,1,Totem Brand Co.,PA,2026-09-13,2026-09-13,NC,unassessed,
Sperry,1,assembly88,PA,2026-09-13,2026-09-13,NC,unassessed,
Sporty & Rich,1,TONS,PA,2026-09-13,2026-09-13,NC,unassessed,
Spyderco,1,Totem Brand Co.,PA,2026-09-13,2026-09-13,NC,unassessed,
St Johns,1,Hans Clothier,NJ,2026-09-13,2026-09-13,NC,unassessed,
St. James of London,1,Harpers,PA,2026-09-13,2026-09-13,NC,unassessed,
Stacy Adams,1,Millers of Johnstown,PA,2026-09-13,2026-09-13,NC,unassessed,
Stalogy,1,Totem Brand Co.,PA,2026-09-13,2026-09-13,NC,unassessed,
Stan Ray,1,Evolve Clothing Gallery,NJ,2026-09-13,2026-09-13,NC,briefed seat_wave_c_2026-10-08,
Staple,1,Evolve Clothing Gallery,NJ,2026-09-13,2026-09-13,NC,unassessed,
Stay Creative Co.,1,New Hour Clothing,NJ,2026-09-13,2026-09-13,NC,unassessed,
Steel & Barnett,1,Harpers,PA,2026-09-13,2026-09-13,NC,unassessed,
Stenströms,1,Harpers,PA,2026-09-13,2026-09-13,NC,unassessed,
Stevenson Overall Co.,1,City Workshop Men's Supply Co.,NJ,2026-09-13,2026-09-13,NC,unassessed,
Stevenson Overall Company,1,Franklin & Poe,PA,2026-09-13,2026-09-13,NC,unassessed,
Still By Hand,1,Totem Brand Co.,PA,2026-09-13,2026-09-13,NC,unassessed,
Still Here,1,Galvanic,NJ,2026-09-13,2026-09-13,NC,unassessed,
Stio,1,Out There Outfitters,PA,2026-09-13,2026-09-13,NC,unassessed,
Stone Armory,1,Harpers,PA,2026-09-13,2026-09-13,NC,unassessed,
Stone Cottage Jewelry,1,Harpers,PA,2026-09-13,2026-09-13,NC,unassessed,
Storm Duds,1,Harpers,PA,2026-09-13,2026-09-13,NC,unassessed,
Stormy Kromer,1,Totem Brand Co.,PA,2026-09-13,2026-09-13,NC,unassessed,
Studebaker Metals,1,Weitzenkorn's,PA,2026-09-13,2026-09-13,NC,unassessed,
Stussy,1,Galvanic,NJ,2026-09-13,2026-09-13,NC,seated 2026-10-10 (seat_wave_a_2026-10-08),
Sun Bum,1,Out There Outfitters,PA,2026-09-13,2026-09-13,NC,unassessed,
Sun Surf,1,Franklin & Poe,PA,2026-09-13,2026-09-13,NC,unassessed,
Suncloud,1,Out There Outfitters,PA,2026-09-13,2026-09-13,NC,unassessed,
Suncloud Optics,1,assembly88,PA,2026-09-13,2026-09-13,NC,unassessed,
Sunray,1,Vestis,PA,2026-09-13,2026-09-13,NC,unassessed,
Surfside Supply,1,Weitzenkorn's,PA,2026-09-13,2026-09-13,NC,unassessed,
Swannies,1,Weitzenkorn's,PA,2026-09-13,2026-09-13,NC,unassessed,
Sydney Hale Co.,1,Totem Brand Co.,PA,2026-09-13,2026-09-13,NC,unassessed,
Sylvia Toledano,1,Larrimor's,PA,2026-09-13,2026-09-13,NC,unassessed,
Tagliatore,1,Boyds,PA,2026-09-13,2026-10-07,NC,briefed seat_boyds_2026-10-07,
Taion,1,City Workshop Men's Supply Co.,NJ,2026-09-13,2026-09-13,NC,unassessed,
Taion Wear Japan,1,Evolve Clothing Gallery,NJ,2026-09-13,2026-09-13,NC,unassessed,
Tat2 Designs,1,Larrimor's,PA,2026-09-13,2026-09-13,NC,unassessed,
TCB Jeans,1,Franklin & Poe,PA,2026-09-13,2026-09-13,NC,unassessed,
Team Ice,1,Harpers,PA,2026-09-13,2026-09-13,NC,unassessed,
Tellason,1,City Workshop Men's Supply Co.,NJ,2026-09-13,2026-09-13,NC,briefed seat_wave_c_2026-10-08,
Tender Co.,1,Totem Brand Co.,PA,2026-09-13,2026-09-13,NC,unassessed,
Tervis,1,Harpers,PA,2026-09-13,2026-09-13,NC,unassessed,
Teva,1,Totem Brand Co.,PA,2026-09-13,2026-09-13,NC,unassessed,
The 2 Monkeys,1,Franklin & Poe,PA,2026-09-13,2026-09-13,NC,unassessed,
The Ampal Creative,1,Out There Outfitters,PA,2026-09-13,2026-09-13,NC,unassessed,
The Jack Leathers,1,Boyds,PA,2026-09-13,2026-10-07,NC,unassessed,
The James Brand,1,City Workshop Men's Supply Co.,NJ,2026-09-13,2026-09-13,NC,unassessed,
The Normal Brand,1,Weitzenkorn's,PA,2026-09-13,2026-09-13,NC,unassessed,
Therm-a-Rest,1,Totem Brand Co.,PA,2026-09-13,2026-09-13,NC,unassessed,
Think!,1,Oxford & Derby,PA,2026-09-13,2026-09-13,NC,unassessed,
thisisneverthat,1,Evolve Clothing Gallery,NJ,2026-09-13,2026-09-13,NC,unassessed,
Thistle Pot,1,Totem Brand Co.,PA,2026-09-13,2026-09-13,NC,unassessed,
Thunders Love,1,Vestis,PA,2026-09-13,2026-09-13,NC,unassessed,
Tiana Designs,1,Harpers,PA,2026-09-13,2026-09-13,NC,unassessed,
Tiepology,1,Totem Brand Co.,PA,2026-09-13,2026-09-13,NC,unassessed,
Tiki,1,Boyds,PA,2026-09-13,2026-10-07,NC,briefed seat_boyds_2026-10-07,
To Boot New York,1,Larrimor's,PA,2026-09-13,2026-09-13,NC,unassessed,
Toad & Co,1,Out There Outfitters,PA,2026-09-13,2026-09-13,NC,unassessed,
Tom Beckbe,1,Hans Clothier,NJ,2026-09-13,2026-09-13,NC,unassessed,
Tommy Hilfiger,1,Millers of Johnstown,PA,2026-09-13,2026-09-13,NC,seated 2026-10-10 (seat_wave_a_2026-10-08),
Tons,1,TONS,PA,2026-09-13,2026-09-13,NC,unassessed,
Topo Designs,1,Trail Creek Outfitters,PA,2026-09-13,2026-09-13,NC,unassessed,
Tori Richard,1,Totem Brand Co.,PA,2026-09-13,2026-09-13,NC,unassessed,
Torino Leather,1,Larrimor's,PA,2026-09-13,2026-09-13,NC,unassessed,
Tory Leather,1,Totem Brand Co.,PA,2026-09-13,2026-09-13,NC,unassessed,
Totem Brand Co.,1,Totem Brand Co.,PA,2026-09-13,2026-09-13,NC,unassessed,
Trask,1,Weitzenkorn's,PA,2026-09-13,2026-09-13,NC,unassessed,
Trinity,1,Hassis Men's Shop,PA,2026-09-13,2026-09-13,NC,unassessed,
True Grit,1,Post & Rail Men's Shop,PA,2026-09-13,2026-09-13,NC,unassessed,
Trussini,1,Boyds,PA,2026-09-13,2026-10-07,NC,briefed seat_boyds_2026-10-07,
Tulliano,1,Post & Rail Men's Shop,PA,2026-09-13,2026-09-13,NC,unassessed,
Turtle Fur,1,Out There Outfitters,PA,2026-09-13,2026-09-13,NC,unassessed,
Twenty Montreal,1,Moda,PA,2026-09-13,2026-09-13,NC,unassessed,
Twin City Knitting,1,Harpers,PA,2026-09-13,2026-09-13,NC,unassessed,
Tyler Boe,1,Harpers,PA,2026-09-13,2026-09-13,NC,unassessed,
UCO,1,Totem Brand Co.,PA,2026-09-13,2026-09-13,NC,unassessed,
UGG,1,assembly88,PA,2026-09-13,2026-09-13,NC,briefed seat_wave_c_2026-10-08,
Ugo Cacciatori,1,TONS,PA,2026-09-13,2026-09-13,NC,unassessed,
Undercover,1,TONS,PA,2026-09-13,2026-09-13,NC,briefed seat_wave_c_2026-10-08,
Unmarked,1,Franklin & Poe,PA,2026-09-13,2026-09-13,NC,unassessed,
Vannucci,1,Millers of Johnstown,PA,2026-09-13,2026-09-13,NC,unassessed,
Vans,1,assembly88,PA,2026-09-13,2026-09-13,NC,unassessed,
Varley,1,assembly88,PA,2026-09-13,2026-09-13,NC,unassessed,
Vera Bradley,1,Post & Rail Men's Shop,PA,2026-09-13,2026-09-13,NC,unassessed,
Vetements,1,TONS,PA,2026-09-13,2026-09-13,NC,unassessed,
Vibram,1,Totem Brand Co.,PA,2026-09-13,2026-09-13,NC,unassessed,
Vice,1,Sink R Swim,NJ,2026-09-13,2026-09-13,NC,unassessed,
Victoria,1,Oxford & Derby,PA,2026-09-13,2026-09-13,NC,unassessed,
Victorinox,1,Totem Brand Co.,PA,2026-09-13,2026-09-13,NC,unassessed,
Vigano,1,Boyds,PA,2026-09-13,2026-10-07,NC,unassessed,
Vilagallo,1,Harpers,PA,2026-09-13,2026-09-13,NC,unassessed,
Vital Material,1,TONS,PA,2026-09-13,2026-09-13,NC,unassessed,
W. Kleinberg,1,Boyds,PA,2026-09-13,2026-10-07,NC,unassessed,
Warehouse & Co.,1,Totem Brand Co.,PA,2026-09-13,2026-09-13,NC,unassessed,
Waterville,1,Boyds,PA,2026-09-13,2026-10-07,NC,unassessed,
Wesco,1,Franklin & Poe,PA,2026-09-13,2026-09-13,NC,unassessed,
Wesn,1,City Workshop Men's Supply Co.,NJ,2026-09-13,2026-09-13,NC,unassessed,
Whalerknits,1,Totem Brand Co.,PA,2026-09-13,2026-09-13,NC,unassessed,
White's Boots,1,Franklin & Poe,PA,2026-09-13,2026-09-13,NC,unassessed,
Whitesville,1,Franklin & Poe,PA,2026-09-13,2026-09-13,NC,unassessed,
Who Decides War,1,TONS,PA,2026-09-13,2026-09-13,NC,unassessed,
Wigens,1,Larrimor's,PA,2026-09-13,2026-09-13,NC,unassessed,
William Lockie,1,Oxford & Derby,PA,2026-09-13,2026-09-13,NC,unassessed,
Won Hundred,1,New Hour Clothing,NJ,2026-09-13,2026-09-13,NC,unassessed,
Wood Wood,1,Moda,PA,2026-09-13,2026-09-13,NC,unassessed,
Wooden Ships,1,Out There Outfitters,PA,2026-09-13,2026-09-13,NC,unassessed,
Wuben,1,Totem Brand Co.,PA,2026-09-13,2026-09-13,NC,unassessed,
Y'2,1,Franklin & Poe,PA,2026-09-13,2026-09-13,NC,unassessed,
Y-3,1,Moda,PA,2026-09-13,2026-09-13,NC,briefed seat_wave_c_2026-10-08,
Yoko Sakamoto,1,Vestis,PA,2026-09-13,2026-09-13,NC,unassessed,
YouTheFan!,1,Harpers,PA,2026-09-13,2026-09-13,NC,unassessed,
Yuketen,1,Totem Brand Co.,PA,2026-09-13,2026-09-13,NC,unassessed,
Z Supply,1,assembly88,PA,2026-09-13,2026-09-13,NC,unassessed,
Zebra,1,Totem Brand Co.,PA,2026-09-13,2026-09-13,NC,unassessed,
Zenio,1,Millers of Johnstown,PA,2026-09-13,2026-09-13,NC,unassessed,
Zep-Pro,1,Harpers,PA,2026-09-13,2026-09-13,NC,unassessed,
Zero Restriction,1,Harpers,PA,2026-09-13,2026-09-13,NC,unassessed,
Zhrill,1,Oxford & Derby,PA,2026-09-13,2026-09-13,NC,unassessed,
Alan Flusser,0,,,2026-10-08,2026-10-08,NC,briefed seat_wave_c_2026-10-08,gap analysis 8 Oct: NYC
Anglo-Italian,0,,,2026-10-08,2026-10-08,NC,briefed seat_wave_c_2026-10-08,gap analysis 8 Oct: no US store
Asket,0,,,2026-10-08,2026-10-08,NC,briefed seat_wave_c_2026-10-08,gap analysis 8 Oct: no stores by design
Awake NY,0,,,2026-10-08,2026-10-08,NC,briefed seat_wave_c_2026-10-08,gap analysis 8 Oct: NYC store
Aztech Mountain,0,,,2026-10-08,2026-10-08,NC,briefed seat_wave_c_2026-10-08,gap analysis 8 Oct: Aspen
Bad Birdie,0,,,2026-10-08,2026-10-08,NC,briefed seat_wave_c_2026-10-08,gap analysis 8 Oct: own stores
Beams,0,,,2026-10-08,2026-10-08,NC,briefed seat_wave_c_2026-10-08,gap analysis 8 Oct: named absent; no US store known
Berg & Berg,0,,,2026-10-08,2026-10-08,NC,briefed seat_wave_c_2026-10-08,gap analysis 8 Oct: no US store
Birdwell,0,,,2026-10-08,2026-10-08,NC,briefed seat_wave_c_2026-10-08,gap analysis 8 Oct: Newport Beach store; named absent
Brain Dead,0,,,2026-10-08,2026-10-08,NC,briefed seat_wave_c_2026-10-08,gap analysis 8 Oct: LA store
Budd Shirtmakers,0,,,2026-10-08,2026-10-08,NC,briefed seat_wave_c_2026-10-08,gap analysis 8 Oct: no US store
Carmina,0,,,2026-10-08,2026-10-08,NC,briefed seat_wave_c_2026-10-08,gap analysis 8 Oct: NYC store
Castaway Nantucket Island,0,,,2026-10-08,2026-10-08,NC,briefed seat_wave_c_2026-10-08,gap analysis 8 Oct: Nantucket; own stores
Closed,0,,,2026-10-08,2026-10-08,NC,briefed seat_wave_c_2026-10-08,gap analysis 8 Oct: held on the bench; US doors?
Denim Tears,0,,,2026-10-08,2026-10-08,NC,briefed seat_wave_c_2026-10-08,gap analysis 8 Oct: NYC store
Deus Ex Machina,0,,,2026-10-08,2026-10-08,NC,briefed seat_wave_c_2026-10-08,gap analysis 8 Oct: Venice CA store
Dickies,0,,,2026-10-08,2026-10-08,NC,briefed seat_wave_c_2026-10-08,gap analysis 8 Oct: own stores few; floor ruling
Eastside Golf,0,,,2026-10-08,2026-10-08,NC,briefed seat_wave_c_2026-10-08,gap analysis 8 Oct: no own store known
Edward Green,0,,,2026-10-08,2026-10-08,NC,briefed seat_wave_c_2026-10-08,gap analysis 8 Oct: NYC store
Evan Kinori,0,,,2026-10-08,2026-10-08,NC,briefed seat_wave_c_2026-10-08,gap analysis 8 Oct: SF; candidate from the sift; own store?
Express,0,,,2026-10-08,2026-10-08,NC,briefed seat_wave_c_2026-10-08,gap analysis 8 Oct: mass; floor ruling
Flint and Tinder,0,,,2026-10-08,2026-10-08,NC,briefed seat_wave_c_2026-10-08,gap analysis 8 Oct: Huckberry's house label; Huckberry has no store — bench
Frye,0,,,2026-10-08,2026-10-08,NC,briefed seat_wave_c_2026-10-08,gap analysis 8 Oct: own stores
Fusalp,0,,,2026-10-08,2026-10-08,NC,briefed seat_wave_c_2026-10-08,"gap analysis 8 Oct: NYC, Aspen stores"
G-Star,0,,,2026-10-08,2026-10-08,NC,briefed seat_wave_c_2026-10-08,gap analysis 8 Oct: own US stores
Gallery Dept.,0,,,2026-10-08,2026-10-08,NC,briefed seat_wave_c_2026-10-08,gap analysis 8 Oct: LA store
Gap,0,,,2026-10-08,2026-10-08,NC,briefed seat_wave_c_2026-10-08,gap analysis 8 Oct: mass; floor ruling
Goldwin,0,,,2026-10-08,2026-10-08,NC,briefed seat_wave_c_2026-10-08,gap analysis 8 Oct: SF store
Golf Wang,0,,,2026-10-08,2026-10-08,NC,briefed seat_wave_c_2026-10-08,gap analysis 8 Oct: LA store
Hender Scheme,0,,,2026-10-08,2026-10-08,NC,briefed seat_wave_c_2026-10-08,gap analysis 8 Oct: candidate; JPY
Hickey Freeman,0,,,2026-10-08,2026-10-08,NC,briefed seat_wave_c_2026-10-08,gap analysis 8 Oct: Rochester; own stores?
Holderness & Bourne,0,,,2026-10-08,2026-10-08,NC,briefed seat_wave_c_2026-10-08,gap analysis 8 Oct: no own store known
Jos. A. Bank,0,,,2026-10-08,2026-10-08,NC,briefed seat_wave_c_2026-10-08,gap analysis 8 Oct: hundreds of stores; floor ruling
Kiel James Patrick,0,,,2026-10-08,2026-10-08,NC,briefed seat_wave_c_2026-10-08,gap analysis 8 Oct: Rhode Island; own store
Lands' End,0,,,2026-10-08,2026-10-08,NC,briefed seat_wave_c_2026-10-08,gap analysis 8 Oct: own stores few; floor ruling
Lardini,0,,,2026-10-08,2026-10-08,NC,briefed seat_wave_c_2026-10-08,"gap analysis 8 Oct: held on the bench, one pass short"
Ledbury,0,,,2026-10-08,2026-10-08,NC,briefed seat_wave_c_2026-10-08,gap analysis 8 Oct: Richmond; own stores
Mango,0,,,2026-10-08,2026-10-08,NC,briefed seat_wave_c_2026-10-08,"gap analysis 8 Oct: Spanish mass-premium, growing US store count; floor ruling"
Meermin,0,,,2026-10-08,2026-10-08,NC,briefed seat_wave_c_2026-10-08,gap analysis 8 Oct: NYC store
Mollusk,0,,,2026-10-08,2026-10-08,NC,briefed seat_wave_c_2026-10-08,gap analysis 8 Oct: SF and Venice stores
Muji,0,,,2026-10-08,2026-10-08,NC,briefed seat_wave_c_2026-10-08,gap analysis 8 Oct: US stores; floor ruling
Nautica,0,,,2026-10-08,2026-10-08,NC,briefed seat_wave_c_2026-10-08,gap analysis 8 Oct: mostly outlet now; floor and channel ruling
Nigel Cabourn,0,,,2026-10-08,2026-10-08,NC,briefed seat_wave_c_2026-10-08,gap analysis 8 Oct: no US store
Oliver Spencer,0,,,2026-10-08,2026-10-08,NC,briefed seat_wave_c_2026-10-08,gap analysis 8 Oct: no US store
Onward Reserve,0,,,2026-10-08,2026-10-08,NC,briefed seat_wave_c_2026-10-08,gap analysis 8 Oct: Southeast chain of own stores
Outdoor Voices,0,,,2026-10-08,2026-10-08,NC,briefed seat_wave_c_2026-10-08,gap analysis 8 Oct: status uncertain after 2024 store closures; establish
Oxxford,0,,,2026-10-08,2026-10-08,NC,briefed seat_wave_c_2026-10-08,gap analysis 8 Oct: Chicago; no own store
Pact,0,,,2026-10-08,2026-10-08,NC,briefed seat_wave_c_2026-10-08,gap analysis 8 Oct: no own store known
Perfect Moment,0,,,2026-10-08,2026-10-08,NC,briefed seat_wave_c_2026-10-08,gap analysis 8 Oct: own stores?
Pilgrim Surf + Supply,0,,,2026-10-08,2026-10-08,NC,briefed seat_wave_c_2026-10-08,gap analysis 8 Oct: NYC shop and own label
Pini Parma,0,,,2026-10-08,2026-10-08,NC,briefed seat_wave_c_2026-10-08,gap analysis 8 Oct: on the bench; US doors?
Private White V.C.,0,,,2026-10-08,2026-10-08,NC,briefed seat_wave_c_2026-10-08,gap analysis 8 Oct: no US store
Quoddy,0,,,2026-10-08,2026-10-08,NC,briefed seat_wave_c_2026-10-08,gap analysis 8 Oct: Maine; own store
Rancourt & Co.,0,,,2026-10-08,2026-10-08,NC,briefed seat_wave_c_2026-10-08,"gap analysis 8 Oct: Lewiston, Maine; factory store"
Represent,0,,,2026-10-08,2026-10-08,NC,briefed seat_wave_c_2026-10-08,gap analysis 8 Oct: LA store
RVCA,0,,,2026-10-08,2026-10-08,NC,briefed seat_wave_c_2026-10-08,gap analysis 8 Oct: own stores
Spier & Mackay,0,,,2026-10-08,2026-10-08,NC,briefed seat_wave_c_2026-10-08,gap analysis 8 Oct: Toronto; no US store
Studio Nicholson,0,,,2026-10-08,2026-10-08,NC,briefed seat_wave_c_2026-10-08,gap analysis 8 Oct: no US store
Ten Thousand,0,,,2026-10-08,2026-10-08,NC,briefed seat_wave_c_2026-10-08,gap analysis 8 Oct: DTC; doors unknown
Undefeated,0,,,2026-10-08,2026-10-08,NC,briefed seat_wave_c_2026-10-08,gap analysis 8 Oct: own stores
Zadig & Voltaire,0,,,2026-10-08,2026-10-08,NC,briefed seat_wave_c_2026-10-08,gap analysis 8 Oct: US stores
Zara,0,,,2026-10-08,2026-10-08,NC,briefed seat_wave_c_2026-10-08,gap analysis 8 Oct: mass; floor ruling
Études,0,,,2026-10-08,2026-10-08,NC,briefed seat_wave_c_2026-10-08,gap analysis 8 Oct: no US store known
