brand,vinted_mens_url,method,vinted_brand_ids,vinted_brand_names,note
Levi's,https://www.vinted.com/catalog?catalog[]=5&brand_ids[]=10&brand_ids[]=5983207&brand_ids[]=5982593,brand filter,10 5983207 5982593,Levi's; Levi's Vintage Clothing; Levi's Made & Crafted,Includes LVC and Made & Crafted; excludes collabs
Carhartt,https://www.vinted.com/catalog?catalog[]=5&brand_ids[]=362,brand filter,362,Carhartt,Carhartt WIP excluded (separate company)
Lacoste,https://www.vinted.com/catalog?catalog[]=5&brand_ids[]=304&brand_ids[]=677891&brand_ids[]=268734,brand filter,304 677891 268734,Lacoste; Lacoste Sport; Lacoste LIVE,
Mack Weldon,https://www.vinted.com/catalog?search_text=Mack%20Weldon&catalog[]=5,text search,,,No Vinted brand entry; keyword search in Men
Charles Tyrwhitt,https://www.vinted.com/catalog?catalog[]=5&brand_ids[]=77854,brand filter,77854,Charles Tyrwhitt,
Son of a Tailor,https://www.vinted.com/catalog?catalog[]=5&brand_ids[]=1453052,brand filter,1453052,Son of a Tailor,
Mott & Bow,https://www.vinted.com/catalog?catalog[]=5&brand_ids[]=2706317,brand filter,2706317,Mott & Bow,
J.Crew,https://www.vinted.com/catalog?catalog[]=5&brand_ids[]=20179,brand filter,20179,J.Crew,
Banana Republic,https://www.vinted.com/catalog?catalog[]=5&brand_ids[]=1903,brand filter,1903,Banana Republic,
Everlane,https://www.vinted.com/catalog?catalog[]=5&brand_ids[]=479981,brand filter,479981,Everlane,
Alex Crane,https://www.vinted.com/catalog?search_text=Alex%20Crane&catalog[]=5,text search,,,No Vinted brand entry; keyword search in Men
Industry of All Nations,https://www.vinted.com/catalog?search_text=Industry%20of%20All%20Nations&catalog[]=5,text search,,,No Vinted brand entry; keyword search in Men
Marine Layer,https://www.vinted.com/catalog?catalog[]=5&brand_ids[]=773160,brand filter,773160,Marine Layer,
Cuts Clothing,https://www.vinted.com/catalog?catalog[]=5&brand_ids[]=7774253,brand filter,7774253,Cuts Clothing,
Bonobos,https://www.vinted.com/catalog?catalog[]=5&brand_ids[]=5806268,brand filter,5806268,Bonobos,
Vuori,https://www.vinted.com/catalog?catalog[]=5&brand_ids[]=3855757,brand filter,3855757,Vuori,
Rothy's,https://www.vinted.com/catalog?catalog[]=5&brand_ids[]=1274977,brand filter,1274977,Rothy's,
Lululemon,https://www.vinted.com/catalog?catalog[]=5&brand_ids[]=198238,brand filter,198238,Lululemon,
Alo,https://www.vinted.com/catalog?catalog[]=5&brand_ids[]=334335&brand_ids[]=476444,brand filter,334335 476444,Alo Yoga; alo,
Southern Tide,https://www.vinted.com/catalog?catalog[]=5&brand_ids[]=1413609,brand filter,1413609,Southern Tide,
Rhoback,https://www.vinted.com/catalog?catalog[]=5&brand_ids[]=11038305,brand filter,11038305,Rhoback,
Criquet,https://www.vinted.com/catalog?search_text=Criquet&catalog[]=5,text search,,,No Vinted brand entry; keyword search in Men
Taylor Stitch,https://www.vinted.com/catalog?catalog[]=5&brand_ids[]=758477,brand filter,758477,Taylor Stitch,
Outerknown,https://www.vinted.com/catalog?catalog[]=5&brand_ids[]=1557489,brand filter,1557489,Outerknown,
Patagonia,https://www.vinted.com/catalog?catalog[]=5&brand_ids[]=90804,brand filter,90804,Patagonia,
Finisterre,https://www.vinted.com/catalog?catalog[]=5&brand_ids[]=314684,brand filter,314684,Finisterre,
Faherty,https://www.vinted.com/catalog?catalog[]=5&brand_ids[]=1197871,brand filter,1197871,Faherty,
Rodd & Gunn,https://www.vinted.com/catalog?catalog[]=5&brand_ids[]=356748,brand filter,356748,Rodd & Gunn,
Rowan,https://www.vinted.com/catalog?catalog[]=5&brand_ids[]=761220,brand filter,761220,Rowan,Vinted 'Rowan' may mix unrelated brands
Mizzen+Main,https://www.vinted.com/catalog?search_text=Mizzen%20Main&catalog[]=5,text search,,,No Vinted brand entry; keyword search in Men
State & Liberty,https://www.vinted.com/catalog?search_text=State%20and%20Liberty&catalog[]=5,text search,,,No Vinted brand entry; keyword search in Men
Rhone,https://www.vinted.com/catalog?catalog[]=5&brand_ids[]=602053,brand filter,602053,Rhone,
J.Lindeberg,https://www.vinted.com/catalog?catalog[]=5&brand_ids[]=176096,brand filter,176096,J.Lindeberg,
TravisMathew,https://www.vinted.com/catalog?catalog[]=5&brand_ids[]=2006055,brand filter,2006055,Travis Mathew,
Malbon,https://www.vinted.com/catalog?catalog[]=5&brand_ids[]=6367304,brand filter,6367304,Malbon,
Redvanly,https://www.vinted.com/catalog?catalog[]=5&brand_ids[]=2546195,brand filter,2546195,REDVANLY,
RLX,https://www.vinted.com/catalog?search_text=RLX%20Ralph%20Lauren&catalog[]=5,text search,,,No Vinted brand entry; keyword search in Men
johnnie-O,https://www.vinted.com/catalog?catalog[]=5&brand_ids[]=4385447,brand filter,4385447,Johnnie-O,
Percival,https://www.vinted.com/catalog?catalog[]=5&brand_ids[]=225832,brand filter,225832,Percival,Vinted 'Percival' may mix unrelated brands
Wax London,https://www.vinted.com/catalog?catalog[]=5&brand_ids[]=845850,brand filter,845850,Wax London,
Hiroshi Kato,https://www.vinted.com/catalog?search_text=Hiroshi%20Kato&catalog[]=5,text search,,,No Vinted brand entry; keyword search in Men
Sugar Cane,https://www.vinted.com/catalog?search_text=Sugar%20Cane&catalog[]=5,text search,,,No Vinted brand entry; keyword search in Men
Buck Mason,https://www.vinted.com/catalog?catalog[]=5&brand_ids[]=3295217,brand filter,3295217,Buck Mason,
Duck Head,https://www.vinted.com/catalog?catalog[]=5&brand_ids[]=1092778,brand filter,1092778,Duck Head,
Wythe,https://www.vinted.com/catalog?search_text=Wythe&catalog[]=5,text search,,,Short name — text search will pull noise
AYR,https://www.vinted.com/catalog?search_text=AYR&catalog[]=5,text search,,,Short name — text search will pull noise
Alex Mill,https://www.vinted.com/catalog?catalog[]=5&brand_ids[]=2286402,brand filter,2286402,Alex Mill,
Robert Barakett,https://www.vinted.com/catalog?search_text=Robert%20Barakett&catalog[]=5,text search,,,No Vinted brand entry; keyword search in Men
Easy Mondays,https://www.vinted.com/catalog?search_text=Easy%20Mondays&catalog[]=5,text search,,,No Vinted brand entry; keyword search in Men
Indochino,https://www.vinted.com/catalog?search_text=Indochino&catalog[]=5,text search,,,No Vinted brand entry; keyword search in Men
Proper Cloth,https://www.vinted.com/catalog?search_text=Proper%20Cloth&catalog[]=5,text search,,,No Vinted brand entry; keyword search in Men
Tecovas,https://www.vinted.com/catalog?catalog[]=5&brand_ids[]=4591299,brand filter,4591299,TECOVAS,
Patrick James,https://www.vinted.com/catalog?search_text=Patrick%20James&catalog[]=5,text search,,,No Vinted brand entry; keyword search in Men
Barbour,https://www.vinted.com/catalog?catalog[]=5&brand_ids[]=46805&brand_ids[]=959088&brand_ids[]=4734513,brand filter,46805 959088 4734513,Barbour; Barbour International; Barbour Heritage,
Baracuta,https://www.vinted.com/catalog?catalog[]=5&brand_ids[]=378755,brand filter,378755,Baracuta,
Filson,https://www.vinted.com/catalog?catalog[]=5&brand_ids[]=314367,brand filter,314367,Filson,
James Perse,https://www.vinted.com/catalog?catalog[]=5&brand_ids[]=114134,brand filter,114134,James Perse,
Y.Chroma,https://www.vinted.com/catalog?search_text=Y.Chroma&catalog[]=5,text search,,,No Vinted brand entry; keyword search in Men
Madhappy,https://www.vinted.com/catalog?catalog[]=5&brand_ids[]=5100236,brand filter,5100236,Madhappy,
Kith,https://www.vinted.com/catalog?catalog[]=5&brand_ids[]=320642,brand filter,320642,Kith,
Aimé Leon Dore,https://www.vinted.com/catalog?catalog[]=5&brand_ids[]=334274,brand filter,334274,Aimé Leon Dore,
Massimo Dutti,https://www.vinted.com/catalog?catalog[]=5&brand_ids[]=579,brand filter,579,Massimo Dutti,
Vineyard Vines,https://www.vinted.com/catalog?catalog[]=5&brand_ids[]=397363,brand filter,397363,Vineyard Vines,
Polo Ralph Lauren,https://www.vinted.com/catalog?catalog[]=5&brand_ids[]=4273,brand filter,4273,Polo Ralph Lauren,
RRL,https://www.vinted.com/catalog?catalog[]=5&brand_ids[]=5179168,brand filter,5179168,Double RL by Ralph Lauren,Vinted brand 'Double RL by Ralph Lauren'
J.McLaughlin,https://www.vinted.com/catalog?catalog[]=5&brand_ids[]=1089528,brand filter,1089528,J. Mclaughlin,
Peter Millar,https://www.vinted.com/catalog?catalog[]=5&brand_ids[]=454955,brand filter,454955,Peter Millar,
Ted Baker,https://www.vinted.com/catalog?catalog[]=5&brand_ids[]=1219,brand filter,1219,Ted Baker,
Scotch & Soda,https://www.vinted.com/catalog?catalog[]=5&brand_ids[]=13743,brand filter,13743,Scotch & Soda,
NN07,https://www.vinted.com/catalog?catalog[]=5&brand_ids[]=805136,brand filter,805136,NN07,
Samsøe Samsøe,https://www.vinted.com/catalog?catalog[]=5&brand_ids[]=87414,brand filter,87414,Samsøe Samsøe,
Les Deux,https://www.vinted.com/catalog?catalog[]=5&brand_ids[]=312818,brand filter,312818,Les Deux,
Norse Projects,https://www.vinted.com/catalog?catalog[]=5&brand_ids[]=199622,brand filter,199622,Norse Projects,
Vollebak,https://www.vinted.com/catalog?search_text=Vollebak&catalog[]=5,text search,,,No Vinted brand entry; keyword search in Men
Stone Island,https://www.vinted.com/catalog?catalog[]=5&brand_ids[]=73306,brand filter,73306,Stone Island,
A Bathing Ape,https://www.vinted.com/catalog?catalog[]=5&brand_ids[]=4691320,brand filter,4691320,A Bathing Ape (BAPE),
Canada Goose,https://www.vinted.com/catalog?catalog[]=5&brand_ids[]=14939,brand filter,14939,Canada Goose,
Arc'teryx,https://www.vinted.com/catalog?catalog[]=5&brand_ids[]=319730,brand filter,319730,Arc'teryx,Veilance is a separate Vinted brand (3388210)
Vince,https://www.vinted.com/catalog?catalog[]=5&brand_ids[]=179442,brand filter,179442,Vince,
Rails,https://www.vinted.com/catalog?catalog[]=5&brand_ids[]=318959,brand filter,318959,Rails,
PAIGE,https://www.vinted.com/catalog?catalog[]=5&brand_ids[]=75464&brand_ids[]=14252994,brand filter,75464 14252994,Paige; Paige Jeans,
AG,https://www.vinted.com/catalog?catalog[]=5&brand_ids[]=170664&brand_ids[]=826426&brand_ids[]=364897,brand filter,170664 826426 364897,Adriano Goldschmied; Ag Adriano Goldschmied; AG Jeans,
Ksubi,https://www.vinted.com/catalog?catalog[]=5&brand_ids[]=284777,brand filter,284777,Ksubi,
Purple,https://www.vinted.com/catalog?catalog[]=5&brand_ids[]=3820378,brand filter,3820378,PURPLE BRAND,PURPLE BRAND only; generic 'Purple' excluded
Diesel,https://www.vinted.com/catalog?catalog[]=5&brand_ids[]=161&brand_ids[]=183634&brand_ids[]=4912182,brand filter,161 183634 4912182,Diesel; Diesel Black Gold; Diesel Red Tag,
Citizens of Humanity,https://www.vinted.com/catalog?catalog[]=5&brand_ids[]=67850,brand filter,67850,Citizens of Humanity,
AGOLDE,https://www.vinted.com/catalog?catalog[]=5&brand_ids[]=675418,brand filter,675418,Agolde,
Fidelity Denim,https://www.vinted.com/catalog?search_text=Fidelity%20Denim&catalog[]=5,text search,,,"Vinted 'Fidelity' (1622091) entry unclear, not used"
Joe's Jeans,https://www.vinted.com/catalog?catalog[]=5&brand_ids[]=19459,brand filter,19459,Joe's Jeans,
Suitsupply,https://www.vinted.com/catalog?catalog[]=5&brand_ids[]=316774,brand filter,316774,Suitsupply,
Boggi Milano,https://www.vinted.com/catalog?catalog[]=5&brand_ids[]=365244,brand filter,365244,BOGGI MILANO,
Hackett,https://www.vinted.com/catalog?catalog[]=5&brand_ids[]=35705&brand_ids[]=123122,brand filter,35705 123122,Hackett; Hackett London,
Eton,https://www.vinted.com/catalog?catalog[]=5&brand_ids[]=326180,brand filter,326180,Eton,Vinted 'Eton' may mix unrelated brands
Rakho,https://www.vinted.com/catalog?search_text=Rakho&catalog[]=5,text search,,,No Vinted brand entry; keyword search in Men
Eleventy,https://www.vinted.com/catalog?catalog[]=5&brand_ids[]=379507,brand filter,379507,Eleventy,
Borgo28,https://www.vinted.com/catalog?search_text=Borgo28&catalog[]=5,text search,,,No Vinted brand entry; keyword search in Men
Incotex,https://www.vinted.com/catalog?catalog[]=5&brand_ids[]=375711,brand filter,375711,Incotex,
Jack Victor,https://www.vinted.com/catalog?search_text=Jack%20Victor&catalog[]=5,text search,,,No Vinted brand entry; keyword search in Men
Brooks Brothers,https://www.vinted.com/catalog?catalog[]=5&brand_ids[]=154396,brand filter,154396,Brooks Brothers,
J.Press,https://www.vinted.com/catalog?catalog[]=5&brand_ids[]=793583,brand filter,793583,J.Press,
Sunspel,https://www.vinted.com/catalog?catalog[]=5&brand_ids[]=459780,brand filter,459780,Sunspel,
Saint James,https://www.vinted.com/catalog?catalog[]=5&brand_ids[]=2391,brand filter,2391,Saint James,
Merz b. Schwanen,https://www.vinted.com/catalog?catalog[]=5&brand_ids[]=345609,brand filter,345609,Merz b. Schwanen,
Margaret Howell,https://www.vinted.com/catalog?catalog[]=5&brand_ids[]=352089,brand filter,352089,Margaret Howell,
Reiss,https://www.vinted.com/catalog?catalog[]=5&brand_ids[]=2579,brand filter,2579,Reiss,
Sandro,https://www.vinted.com/catalog?catalog[]=5&brand_ids[]=115,brand filter,115,Sandro,
Isabel Marant,https://www.vinted.com/catalog?catalog[]=5&brand_ids[]=121,brand filter,121,Isabel Marant,
Frame,https://www.vinted.com/catalog?catalog[]=5&brand_ids[]=299489&brand_ids[]=263544,brand filter,299489 263544,Frame; Frame Denim,Vinted 'Frame' may mix unrelated brands
Theory,https://www.vinted.com/catalog?catalog[]=5&brand_ids[]=69798,brand filter,69798,Theory,
Rag & Bone,https://www.vinted.com/catalog?catalog[]=5&brand_ids[]=93348,brand filter,93348,Rag & Bone,
John Varvatos,https://www.vinted.com/catalog?catalog[]=5&brand_ids[]=318896,brand filter,318896,John Varvatos,
Sid Mashburn,https://www.vinted.com/catalog?search_text=Sid%20Mashburn&catalog[]=5,text search,,,No Vinted brand entry; keyword search in Men
Billy Reid,https://www.vinted.com/catalog?catalog[]=5&brand_ids[]=381841,brand filter,381841,Billy Reid,
A.P.C.,https://www.vinted.com/catalog?catalog[]=5&brand_ids[]=251,brand filter,251,A.P.C.,
Luca Faloni,https://www.vinted.com/catalog?catalog[]=5&brand_ids[]=2459851,brand filter,2459851,Luca Faloni,
120% Lino,https://www.vinted.com/catalog?catalog[]=5&brand_ids[]=190238,brand filter,190238,120% Lino,
Paul Smith,https://www.vinted.com/catalog?catalog[]=5&brand_ids[]=10763&brand_ids[]=2232065,brand filter,10763 2232065,Paul Smith; PS Paul Smith,
Officine Générale,https://www.vinted.com/catalog?catalog[]=5&brand_ids[]=412121,brand filter,412121,Officine Generale,
Brax,https://www.vinted.com/catalog?catalog[]=5&brand_ids[]=122762,brand filter,122762,BRAX,
Hartford,https://www.vinted.com/catalog?catalog[]=5&brand_ids[]=18837,brand filter,18837,Hartford,
Our Legacy,https://www.vinted.com/catalog?catalog[]=5&brand_ids[]=218132,brand filter,218132,Our Legacy,
Auralee,https://www.vinted.com/catalog?catalog[]=5&brand_ids[]=2053426,brand filter,2053426,Auralee,
Ami Paris,https://www.vinted.com/catalog?catalog[]=5&brand_ids[]=7228770,brand filter,7228770,Ami Paris,Vinted also has an 'AMI' entry (4615783) that may hold Ami Paris listings
Todd Snyder,https://www.vinted.com/catalog?catalog[]=5&brand_ids[]=614563,brand filter,614563,Todd Snyder,
Boglioli,https://www.vinted.com/catalog?catalog[]=5&brand_ids[]=408013,brand filter,408013,Boglioli,
Peserico,https://www.vinted.com/catalog?catalog[]=5&brand_ids[]=278586,brand filter,278586,Peserico,
Ring Jacket,https://www.vinted.com/catalog?search_text=Ring%20Jacket&catalog[]=5,text search,,,No Vinted brand entry; keyword search in Men
Drake's,https://www.vinted.com/catalog?catalog[]=5&brand_ids[]=389025,brand filter,389025,Drake's,
John Smedley,https://www.vinted.com/catalog?catalog[]=5&brand_ids[]=200326,brand filter,200326,John Smedley,
Gran Sasso,https://www.vinted.com/catalog?catalog[]=5&brand_ids[]=256712,brand filter,256712,Gran Sasso,
Raffi,https://www.vinted.com/catalog?search_text=Raffi&catalog[]=5,text search,,,Short name — text search will pull noise
BOSS,https://www.vinted.com/catalog?catalog[]=5&brand_ids[]=120&brand_ids[]=25383&brand_ids[]=6039857&brand_ids[]=195268,brand filter,120 25383 6039857 195268,Hugo Boss; Boss; BOSS Hugo Boss; Boss Orange,HUGO excluded
Corneliani,https://www.vinted.com/catalog?catalog[]=5&brand_ids[]=277350,brand filter,277350,Corneliani,
Canali,https://www.vinted.com/catalog?catalog[]=5&brand_ids[]=238464,brand filter,238464,Canali,
Thom Browne,https://www.vinted.com/catalog?catalog[]=5&brand_ids[]=399438,brand filter,399438,Thom Browne,
Burberry,https://www.vinted.com/catalog?catalog[]=5&brand_ids[]=364&brand_ids[]=1755472&brand_ids[]=4989633&brand_ids[]=10067593&brand_ids[]=1866716,brand filter,364 1755472 4989633 10067593 1866716,Burberry; Burberrys; Burberry Brit; Burberry London; Burberry Prorsum,
Herno,https://www.vinted.com/catalog?catalog[]=5&brand_ids[]=159254,brand filter,159254,Herno,
Valstar,https://www.vinted.com/catalog?catalog[]=5&brand_ids[]=4287013,brand filter,4287013,Valstar Milano,
Aspesi,https://www.vinted.com/catalog?catalog[]=5&brand_ids[]=188208&brand_ids[]=367271,brand filter,188208 367271,Aspesi; Alberto Aspesi,
Paul & Shark,https://www.vinted.com/catalog?catalog[]=5&brand_ids[]=5992765,brand filter,5992765,Paul & Shark,
Sease,https://www.vinted.com/catalog?catalog[]=5&brand_ids[]=2016478,brand filter,2016478,SEASE,
Moncler,https://www.vinted.com/catalog?catalog[]=5&brand_ids[]=6539&brand_ids[]=11366445,brand filter,6539 11366445,Moncler; Moncler Grenoble,Moncler Genius/collabs excluded
Ferragamo,https://www.vinted.com/catalog?catalog[]=5&brand_ids[]=13437&brand_ids[]=9137093,brand filter,13437 9137093,Salvatore Ferragamo; Ferragamo,
Giorgio Armani,https://www.vinted.com/catalog?catalog[]=5&brand_ids[]=15447534,brand filter,15447534,Giorgio Armani,Giorgio Armani only; Vinted's generic 'Armani' (5930015) mixes all Armani lines
Missoni,https://www.vinted.com/catalog?catalog[]=5&brand_ids[]=4463&brand_ids[]=1702343,brand filter,4463 1702343,Missoni; M Missoni,
Etro,https://www.vinted.com/catalog?catalog[]=5&brand_ids[]=12723,brand filter,12723,Etro,
Versace,https://www.vinted.com/catalog?catalog[]=5&brand_ids[]=2293&brand_ids[]=1754056,brand filter,2293 1754056,Versace; Versace Collection,Versace Jeans Couture excluded
Dolce&Gabbana,https://www.vinted.com/catalog?catalog[]=5&brand_ids[]=1043,brand filter,1043,Dolce & Gabbana,
Fendi,https://www.vinted.com/catalog?catalog[]=5&brand_ids[]=1189,brand filter,1189,Fendi,
Valentino,https://www.vinted.com/catalog?catalog[]=5&brand_ids[]=5928803&brand_ids[]=15450529,brand filter,5928803 15450529,Valentino; Valentino Garavani,
Saint Laurent,https://www.vinted.com/catalog?catalog[]=5&brand_ids[]=83122&brand_ids[]=377,brand filter,83122 377,Saint Laurent; Yves Saint Laurent,
Celine,https://www.vinted.com/catalog?catalog[]=5&brand_ids[]=1443,brand filter,1443,CELINE,
Givenchy,https://www.vinted.com/catalog?catalog[]=5&brand_ids[]=2371,brand filter,2371,Givenchy,
Gucci,https://www.vinted.com/catalog?catalog[]=5&brand_ids[]=567,brand filter,567,Gucci,
Balenciaga,https://www.vinted.com/catalog?catalog[]=5&brand_ids[]=2369,brand filter,2369,Balenciaga,
McQueen,https://www.vinted.com/catalog?catalog[]=5&brand_ids[]=52193,brand filter,52193,Alexander McQueen,McQ excluded
Maison Margiela,https://www.vinted.com/catalog?catalog[]=5&brand_ids[]=639289&brand_ids[]=450765,brand filter,639289 450765,Maison Margiela; MM6 Maison Margiela,
Rick Owens,https://www.vinted.com/catalog?catalog[]=5&brand_ids[]=145654,brand filter,145654,Rick Owens,DRKSHDW has no clean Vinted brand entry
Yohji Yamamoto,https://www.vinted.com/catalog?catalog[]=5&brand_ids[]=200474&brand_ids[]=2887534,brand filter,200474 2887534,Yohji Yamamoto; Y's by Yohji Yamamoto,Y-3 (adidas) excluded
Comme des Garçons,https://www.vinted.com/catalog?catalog[]=5&brand_ids[]=56974&brand_ids[]=5589958&brand_ids[]=2318552&brand_ids[]=929240,brand filter,56974 5589958 2318552 929240,Comme des Garçons; Comme des Garçons Homme; Comme des Garcons Homme Plus; Comme des Garçons Play,
Junya Watanabe,https://www.vinted.com/catalog?catalog[]=5&brand_ids[]=235040,brand filter,235040,Junya Watanabe,
Sacai,https://www.vinted.com/catalog?catalog[]=5&brand_ids[]=369700,brand filter,369700,sacai,
Casablanca,https://www.vinted.com/catalog?catalog[]=5&brand_ids[]=46009,brand filter,46009,Casablanca,Vinted 'Casablanca' may mix unrelated brands
Jacquemus,https://www.vinted.com/catalog?catalog[]=5&brand_ids[]=168278,brand filter,168278,Jacquemus,
Prada,https://www.vinted.com/catalog?catalog[]=5&brand_ids[]=3573,brand filter,3573,Prada,
Loewe,https://www.vinted.com/catalog?catalog[]=5&brand_ids[]=24209,brand filter,24209,Loewe,
JW Anderson,https://www.vinted.com/catalog?catalog[]=5&brand_ids[]=328888,brand filter,328888,J.W. Anderson,
Dior,https://www.vinted.com/catalog?catalog[]=5&brand_ids[]=671&brand_ids[]=15430438,brand filter,671 15430438,Dior; Christian Dior,
Amiri,https://www.vinted.com/catalog?catalog[]=5&brand_ids[]=407726,brand filter,407726,Amiri,
Rhude,https://www.vinted.com/catalog?catalog[]=5&brand_ids[]=435315,brand filter,435315,Rhude,
Palm Angels,https://www.vinted.com/catalog?catalog[]=5&brand_ids[]=395367,brand filter,395367,Palm Angels,
Golden Goose,https://www.vinted.com/catalog?catalog[]=5&brand_ids[]=38923,brand filter,38923,Golden Goose,
Fear of God,https://www.vinted.com/catalog?catalog[]=5&brand_ids[]=277314,brand filter,277314,Fear of God,ESSENTIALS has no Vinted brand entry
Bode,https://www.vinted.com/catalog?catalog[]=5&brand_ids[]=531359,brand filter,531359,Bode,
Greg Lauren,https://www.vinted.com/catalog?catalog[]=5&brand_ids[]=2134258,brand filter,2134258,Greg Lauren,
Visvim,https://www.vinted.com/catalog?catalog[]=5&brand_ids[]=276225,brand filter,276225,Visvim,
Tom Ford,https://www.vinted.com/catalog?catalog[]=5&brand_ids[]=4559,brand filter,4559,Tom Ford,
Ralph Lauren Purple Label,https://www.vinted.com/catalog?catalog[]=5&brand_ids[]=2847834,brand filter,2847834,Ralph Lauren Purple Label,
Zegna,https://www.vinted.com/catalog?catalog[]=5&brand_ids[]=174480&brand_ids[]=203598&brand_ids[]=599969,brand filter,174480 203598 599969,Ermenegildo Zegna; Zegna; Z ZEGNA,
Bottega Veneta,https://www.vinted.com/catalog?catalog[]=5&brand_ids[]=86972,brand filter,86972,Bottega Veneta,
Berluti,https://www.vinted.com/catalog?catalog[]=5&brand_ids[]=280779,brand filter,280779,Berluti,
Charvet,https://www.vinted.com/catalog?catalog[]=5&brand_ids[]=333180,brand filter,333180,Charvet,
Husbands,https://www.vinted.com/catalog?catalog[]=5&brand_ids[]=654366,brand filter,654366,Husbands,
Brioni,https://www.vinted.com/catalog?catalog[]=5&brand_ids[]=360098,brand filter,360098,Brioni,
Isaia,https://www.vinted.com/catalog?catalog[]=5&brand_ids[]=469314,brand filter,469314,ISAIA,
The Row,https://www.vinted.com/catalog?catalog[]=5&brand_ids[]=547584,brand filter,547584,The Row,
Lemaire,https://www.vinted.com/catalog?catalog[]=5&brand_ids[]=295938,brand filter,295938,Lemaire,
Jil Sander,https://www.vinted.com/catalog?catalog[]=5&brand_ids[]=17991,brand filter,17991,Jil Sander,Jil Sander NAVY excluded
Acne Studios,https://www.vinted.com/catalog?catalog[]=5&brand_ids[]=180798,brand filter,180798,Acne Studios,
Dries Van Noten,https://www.vinted.com/catalog?catalog[]=5&brand_ids[]=72138,brand filter,72138,Dries van Noten,
Wales Bonner,https://www.vinted.com/catalog?catalog[]=5&brand_ids[]=2692677,brand filter,2692677,Wales Bonner,
JiyongKim,https://www.vinted.com/catalog?search_text=Jiyong%20Kim&catalog[]=5,text search,,,No Vinted brand entry; keyword search in Men
Brunello Cucinelli,https://www.vinted.com/catalog?catalog[]=5&brand_ids[]=103740,brand filter,103740,Brunello Cucinelli,
Fedeli,https://www.vinted.com/catalog?catalog[]=5&brand_ids[]=422973,brand filter,422973,Fedeli,
The Elder Statesman,https://www.vinted.com/catalog?catalog[]=5&brand_ids[]=2616222,brand filter,2616222,The Elder Statesman,
Hermès,https://www.vinted.com/catalog?catalog[]=5&brand_ids[]=4785,brand filter,4785,Hermès,
Loro Piana,https://www.vinted.com/catalog?catalog[]=5&brand_ids[]=219848,brand filter,219848,Loro Piana,
Rubinacci,https://www.vinted.com/catalog?catalog[]=5&brand_ids[]=1961524,brand filter,1961524,Rubinacci,
Kiton,https://www.vinted.com/catalog?catalog[]=5&brand_ids[]=414476,brand filter,414476,Kiton,
Cesare Attolini,https://www.vinted.com/catalog?catalog[]=5&brand_ids[]=1042745,brand filter,1042745,Cesare Attolini,
Zilli,https://www.vinted.com/catalog?catalog[]=5&brand_ids[]=203600,brand filter,203600,Zilli,
Stefano Ricci,https://www.vinted.com/catalog?catalog[]=5&brand_ids[]=684278,brand filter,684278,Stefano Ricci,
Johnstons of Elgin,https://www.vinted.com/catalog?catalog[]=5&brand_ids[]=136778,brand filter,136778,Johnstons of Elgin,
